Compound name in figures,Complete compound name,KM1513-125m_A,KM1513-125m_B,KM1513-125m_C,KM1513-15m_A,KM1513-15m_B,KM1513-15m_C,KM1513-45m_A,KM1513-45m_B,KM1513-45m_C,KM1513-75m_A,KM1513-75m_B,KM1513-75m_C,S11C1_A,S12C1_A,S12C1_B,S13C1_A,S13C1_B,S14C1_A,S14C1_B,S14C1_C,S2C3_A,S4C1_A,S4C1_B,S4C1_C,S4C2_A,S4C2_B,S6C1_A,S6C1_B,S6C1_C,S6C2_A,S6C2_B,S7E41D100_1,S7E41D120_1,S7E41D140_1,S7E41D160_1,S7E41D180_1,S7E41D250_1,S7E41D30_1,S7E41D40_1,S7E41D60_1,S7E41D80_1,S8C1_A,S9C1_A,S9C1_B,S9C2_A,S9C2_B,U3_A,U3_B,U4_A,U4_B,U6_A,U6_B,U7_A,U7_B,U8_A,U8_B,U9_A,U9_B
4-Hydroxyisoleucine,Hydroxyisoleucine,0.3337934775527475,0.30480417812909516,0.41926154930085996,0.7345378804316823,0.8149542191905634,0.7790776875090332,0.7921177978648563,0.7527028696556873,0.5240292836760626,0.6050985769765336,0.4643941054769416,0.6187044794999885,0.8957904639587266,1.7127661708385342,1.5430439574203283,1.5973695972583712,2.109627207053827,1.9032686377272858,3.0539300023914437,2.2287663795782544,1.2263767078791743,2.6504254691436064,0.7985810215053978,1.6426459831147988,1.2629062285154324,1.6865811384332583,1.6774009036237754,2.112814154373802,2.333329732816074,1.5333943074557141,1.4694289959508833,0.1969866141124234,0.24381352345493726,0.18385888478805368,0.15001152477988147,0.16253845716471457,0.06655256369065092,3.1756982784767738,2.6160270543888475,0.8839529389330892,0.32213192956476583,1.3506681668939373,0.9978680566514807,0.8295647029848315,1.059513824812109,0.961699632751216,1.6142501080449176,2.830725011006904,1.142525289518661,0.8922387395186823,1.329894849918746,1.5497650435711625,1.5808919771555556,1.6355868367465551,1.2502271520686443,2.0561790906294437,1.8606920652885537,0.7955763629139542
Acetyl-L-carnitine,O-Acetylcarnitine,0.0024720943907632974,0.002301441692902536,0.0026879701125806666,0.0035746684108489833,0.003779230806713252,0.003304849498097302,0.0019148948051334596,0.0021236541294793474,0.001911078684457394,0.002158224962469306,0.0019540264920390005,0.002619939432702254,0.004709958035622873,0.004584180787883697,0.004504844226515973,0.0032943196185366242,0.004035768898706589,0.0025881537688152187,0.0032919697227390167,0.004199675713628342,0.0032457974074511994,0.0031083334219023833,0.001862967475072863,0.0032497137644440575,0.002241901738751803,0.002521525174637765,0.002463029581298544,0.0036443935581967823,0.003485246826674596,0.0027461239272000837,0.003200748167932645,0.00158222990033054,0.002426991576751523,0.0019177294127067854,0.0018389821206656303,0.003753800020667165,0.0012978531938982268,0.05682118184665562,0.029624661599657483,0.004879496026972409,0.0016199449186560441,0.009978301468498138,0.0037486269569217395,0.0035471731751683146,0.00793211242420192,0.006033367291861824,0.012922978769378634,0.02115317252426454,0.0031057637017636083,0.003218293829612914,0.00589222090575894,0.01227916004731977,0.011176980250349307,0.006180151961485333,0.004780801844953943,0.008144462219347347,0.007254681224270584,0.0027752814268296186
Adenine,Adenine,0.01192143523356024,0.01131281133823892,0.016545016633033902,0.01815596592998721,0.022531122411964005,0.024913626364788388,0.029317943347406776,0.03133356398840635,0.020869329517539448,0.01683043475210419,0.01832003817686535,0.0229868771277987,0.03718529977619926,0.03770839775005004,0.11572333807608678,0.030408756975000836,0.027464778179739007,0.04108799866541774,0.12653039474378439,0.05585798682329176,0.018288366905061897,0.013207543865056185,0.024856972857676508,0.027465830820033413,0.016647894154018645,0.02519732835871953,0.04074036618878,0.04950777458488721,0.04685762358318499,0.02478642225803126,0.029149129234527095,0.009136800185980568,0.012702283521706876,0.012130492653774387,0.010292268405161203,0.0067707980089641556,0.005075757651158722,0.12497483416068833,0.09779963453701847,0.05320982988690128,0.011814786686073886,0.04573093103459505,0.02590840483115452,0.06993784995577526,0.04906412903439346,0.039651175584782504,0.03914641085903907,0.08735168602377728,0.025715497056849765,0.047199285513468026,0.037774322996656326,0.11979418251367951,0.09424673251723042,0.071621721852856507,0.035809047468572205,0.12109473023692754,0.06588000596020799,0.0897570677755537
Adenosine,Adenosine,0.010923477292059008,0.013954050635996567,0.031327714170733434,0.0454710425110399,0.04355728634011725,0.04491336456230281,0.03889676500076017,0.03972473211787134,0.026368499608836554,0.026464838784252404,0.0234016418098816,0.04667069483808752,0.1079783170773247,0.1821574037743434,0.21330556980470786,0.12133034000192419,0.08445644527203192,0.1371782247622842,0.20235520986017735,0.21031646334998916,0.010261611267724189,0.0231391248379045,0.03046191360632511,0.08050777586530171,0.04910253210577736,0.03722837557284992,0.03675672232420461,0.15310495113266245,0.047901627230395503,0.09930484195584412,0.058292129130497104,0.0055744586047426865,0.007198129148177783,0.005465703652631905,0.006706784455241348,0.008301448691593362,0.006461770103778282,0.23776877768831156,0.15871532723032955,0.08466089077763311,0.011105818582885075,0.11583527147333825,0.12182193693416174,0.12113088867879628,0.1364090114174299,0.11925130200592482,0.07261736004670706,0.2078235031708815,0.10016323489756737,0.0810936529742704,0.13618079741790887,0.24442574608967402,0.2567526990567518,0.10326882014150351,0.15009232534270425,0.26752439016925716,0.11481670572367891,0.10204783554260533
SAH,S-Adenosylhomocysteine,8.245082604940025e-5,NA,NA,6.177307709747803e-4,7.386091223757709e-4,1.5143559869940763e-4,3.203215253301194e-4,2.867412798845247e-4,1.867026667352729e-4,2.3212337479175486e-4,2.3489861653331617e-5,8.340364849404811e-5,5.590422970434189e-4,7.082944160907063e-4,3.5971276564237825e-5,2.7544782847971913e-4,5.498525088481046e-4,NA,NA,4.719063389459411e-5,1.4942777397651346e-4,6.0478748637917174e-5,NA,1.6161465051305122e-4,2.614110257973014e-4,5.212053295972792e-4,4.086327162082193e-4,8.450416503219044e-4,5.233045183398613e-4,6.456112844079635e-4,NA,4.889064555979872e-5,NA,NA,NA,NA,NA,0.005668693339848587,0.00519055979609687,NA,NA,8.841321799901154e-4,8.05579453060951e-4,3.3030063020993757e-4,0.002220666935727602,0.0018028498748324767,9.738312700675584e-4,0.0018083271902931957,8.19318897810615e-4,5.138476162319405e-4,7.735305668599129e-4,4.227878845020458e-4,2.123547010208054e-4,5.22015266348375e-4,3.5745943966170274e-4,3.3959040705970264e-4,9.577108143601044e-5,NA
SAM,S-Adenosylmethionine,0.001715944203445491,4.5910309571181536e-4,9.524745792087628e-4,0.008119273517783075,0.009401867998157324,0.005147717367410517,0.003712858911512381,0.004800924646333952,0.003875318052798927,0.0017187072168313607,0.0019464509763614734,0.0030688871283337874,0.013831174836963216,0.03828619507214165,0.012445980744443925,0.012482001373513558,0.009243487244050792,0.01133023020254175,0.005951866688610241,0.004311505731131743,0.006058790707970934,0.0031502397022934534,0.0027068113650364134,0.004371174995445964,0.006766544509552327,0.02108524238191454,0.01386298018286792,0.024702222025200234,0.019225247069100223,0.08540302693047333,0.005364166411292748,0.003086661775996982,NA,NA,NA,0.004085354702219124,7.260391899503049e-5,0.16895126651112685,0.068713829822334635,4.905885384790316e-4,7.959578279217926e-5,0.01671458445523358,0.07372868832985674,0.007229048998896906,0.025787125680905073,0.016110537487132554,0.03813143128025582,0.09483207552970663,0.07865906593696378,0.02257008288068207,0.19350184150687977,0.0367592780151987,0.015350832906606706,0.030717435950422076,0.051649155068755045,0.03065931579423815,0.0422662434549293,0.01117087536623814
Agmatine,Agmatine,0.0017340960328029683,8.906937176681451e-4,8.390703059341544e-4,0.0030788653918623747,0.0030734269678955937,0.002352903824135962,0.002305611159212806,0.0018284374678228016,0.002246508258689512,0.0020853459486690905,0.0017533695674733561,0.0025540591510506824,1.5901972039660174e-4,1.2788549750875996e-4,7.879083933745765e-4,1.1466348782341533e-4,2.8201566053394757e-4,6.473073527291365e-5,5.625200033349126e-4,5.778109827509713e-4,2.5664752810930123e-4,2.3297226980213427e-4,3.0757652593217395e-4,4.229159662191281e-4,3.67255597056765e-4,3.8024592523580586e-4,6.908247806944046e-4,9.87879166995898e-5,7.50528076261814e-4,4.200234333776525e-4,6.737390568038095e-4,NA,NA,1.4958377135618686e-4,NA,3.197165978072027e-4,8.606764328813304e-5,3.609672763873561e-4,NA,1.1666714110683666e-4,3.34725513222173e-4,1.279636226678624e-4,6.41375931354399e-5,1.0182965486903448e-4,3.653832872093091e-5,2.4782378055709475e-4,2.3879358975324895e-4,8.096065338273734e-4,6.278149758680109e-5,3.092409314956616e-4,4.5297236644720824e-4,7.055304803321801e-4,9.229409959557123e-4,5.030829210839431e-4,1.8125036911776385e-4,7.64182590746453e-4,3.157280136721713e-4,3.500411223441832e-4
Alanine,L-Alanine,0.14092200283646103,0.15961040250385095,0.2662192664425994,0.3250352961425523,0.41661668048409184,0.42857330129047955,0.2265795659885615,0.31158701408417533,0.2743735263273372,0.13394144563264462,0.1940497430393338,0.39791646247004325,0.4775697430223854,0.4401146782873346,0.3517326813687489,0.19815450442712804,0.3372977621827551,0.402867088488148,1.115381659205572,0.3869253944747995,0.2605579620799008,0.27295977975076646,0,0,0,0.2212436508483789,0.28851897795297593,0.4230048042411263,0.25807125568544537,0.3649594766293508,0.28087053529137385,0.1463270073602822,0.19716658883043134,0.11840024110697296,0.19173987230328363,0.18892512914085724,0.06928907510333909,3.9916255776768446,2.459617901498418,0.827667089431751,0.3189384435743617,0.9466814267900494,0.3877794381700388,0.5920801403238837,0.9891963793530449,0.5931517536473458,0.5340823055318109,0.6489042705474158,0.2843044513316463,0.2728150862617019,0.37695478222887224,0.7922476598634505,0.8541339310675575,0.5768027392878867,0.4582608309181089,0.5752958947154958,0.5190023973834963,0.24108892177023797
Allopurinol,Allopurinol,0.0055637589559713,0.00874157608404655,0.011247195305542008,0.010342583383459584,0.009223844108735536,0.013435129512153606,0.0059985152141974075,0.008083501657280869,0.008149544286844201,0.005484381843887893,0.007049898817485156,0.006964514923669957,0.009706870036676314,0.013035796656643164,0.015426789932031533,0.005500097974007991,0.004154039168696838,0.0022831139412494515,0.010719718782530998,0.0022940421430795543,0.002045929200965426,0.001972070644746505,0.0015206784506618396,0.0015231918858138217,0.0038777999494568655,0.004294797205479036,0.00212803784809082,0.004839949508818635,0.0033196885559181833,0.003428190946632133,0.005407352095530867,0.0016265392667146657,0.001987243126216164,0.0025143055556029444,0.008645805554541058,0.004707691171054548,0.001034321105928973,0.02385598548921139,0.01855714786823161,0.029320701600063306,0.0050513546460989045,0.007965902249679123,0.0056074046143430745,0.007024562355870014,0.012741863588286662,0.006475838020141622,0.0035985183529299064,0.009074750112318359,9.903499173756207e-4,0.0014439066332432118,0.018205328060981015,0.023330997063735294,0.021228603065772803,0.005851584274714182,0.004363054402955446,0.029275740641789887,0.0052949878670355745,0.0022909781865223544
APA,Amino Propanesulfonic Acid,0.023105681705615465,0.01547610056227539,0.03497915810939149,0.012091113068021285,0.013815970881176145,0.009284623472187474,0.014217098420695237,0.012467436573509903,0.013618834682043555,0.009059452704455117,0.008030377373592459,0.014518611705425444,0.01805992189813738,0.0049098150998279225,0.014741145493679246,0.010679869613670113,0.0020825389551926542,0.001092096986402699,0.01188641515468647,0.019750989618276718,0.01309010829502736,0.011541506228364919,0.008984406580713967,0.02216187018279807,0.014614587125950582,0.006305308969260881,0.005579235231853996,0.012334565920047637,0.015556097245910585,0.004908075230153851,0.01678690200891663,NA,0.003581013824601259,NA,0.00946654261695586,0.013015693944096891,6.447720533512014e-4,0.37316841956686775,0.1879450149436737,0.019027471094909505,NA,0.050874994522874493,0.01620190573730259,0.017524733996064176,0.03588382680978529,0.023911719235134535,0.015309888545483076,0.040587253595294734,0.0013222271438810516,0.00789336826769077,0.01844896855155936,0.04412435406659007,0.047463326442733475,0.027906314391817504,0.0059739275115082684,0.012910722940092809,0.01666074078308788,0.0044550443354374435
AMP,Adenosine monophosphate,0.04962125003370088,0.051485859768941725,0.21521239777617973,0.1915490013294906,0.20388811402978887,0.1837042798090799,0.08365070419155118,0.10099245403935453,0.0971193998973368,0.07644335627383846,0.0881617088473772,0.12037005705666362,0.045005591194197656,0.024563549922682282,0.04488322332244969,0.031063174973648293,0.04584824268282668,0,0.006283009485287729,0.017582664796758993,0.06281975648665188,0.06340788474102292,0.037191906809624295,0.07333469606975919,0.05407060284283037,0.08215595811118628,0.13604922411949308,0.08528598058355583,0.14300422831404086,0.042361954324933886,0.09062321904990092,0,0,0,0,0.04678163583178758,0,1.393588502554693,0.7633982006363875,0.27835274001625204,0.020567748703304387,0.21161077797059513,0.060850827656264754,0.07462894782087211,0.2133386689470255,0.11567714032554882,0.18705613355425244,0.26853625275540444,0.0807615594033965,0.10738648199115144,0.09386552013641586,0.11250430222134632,0.1729503383180947,0.11555139163095053,0.07043086431821421,0.10167801175762198,0.14774622084357014,0.052609321873534814
Arginine,L-Arginine,0.1866725480305571,0.19889015981616914,0.7373118962443121,0.26928003010852986,0.25663336128794223,0.20281083388652638,0.15906968356289827,0.18221463921937947,0.16580024382391267,0.19187462381784678,0.16116987334899008,0.24756705248206878,0.3475085679341389,0.3349641211702138,0.3385036611844569,0.13267186902332367,0.16660064269476665,0.23068161813180427,0.36958225730680017,0.24075347903498634,0.12448930177769688,0.09849302355395714,0.1111247070750589,0.14060628349772653,0.1000362001625968,0.1500833411739483,0.19842044726546054,0.26279689749077273,0.2240666618965955,0.18836527007205928,0.30023688752986977,0.07851233252907903,0.07377594808623697,0.04972939515373752,0.10973132713376077,0.21682809682377663,0.029935040358284763,5.24785543864767,3.159522413174548,0.29382750538466884,0.04416126380868804,0.8437464265493699,0.48233157599313636,0.6164836315664879,0.5637998319990097,0.3095678082133272,0.2756391803416688,0.31230849608484285,0.22509541019051915,0.16503456320193305,0.5981494547552514,0.6191013344142654,1.3681973214599346,0.3780459714099929,0.5075662946842634,0.47838134020636053,0.4378590951963536,0.19911765541588639
Argininosuccinate, L-Arginosuccinic acid,7.331092853346316e-5,1.2614257709946111e-4,NA,0.0011087471069240549,0.00217005415248206,0.003179155605598709,3.4624196876609437e-4,0.0011107559592828343,0.001072096609733356,3.281324959582045e-4,2.9251646727921124e-4,7.159322148050397e-4,NA,3.2243374227132785e-4,NA,4.6497795190713237e-4,2.004513775605366e-4,3.9899216961702857e-4,NA,NA,2.8646309347231424e-4,NA,NA,NA,NA,9.098526438652957e-5,2.251589187491431e-4,0.0015291566503106827,NA,2.4239978861533988e-4,NA,NA,NA,NA,NA,NA,NA,0.0033297246653386323,0.0015695827388161495,NA,NA,5.847089459280863e-4,8.198610135838724e-4,4.074022163836819e-4,NA,NA,NA,8.142733654068566e-4,3.661463714136109e-4,NA,0.0022812442482222587,0.001106746884275967,3.1220422699351346e-4,0.0010068601837232923,0.001751408941296182,0.0023760692404155167,0.00714326360759795,NA
Arsenobetaine,Arsenobetaine,0.012382826209438693,0.011517597282735536,0.012571286299453392,0.004461396778335485,0.004872343137037919,0.004093599543266412,0.0064624705296989285,0.0082181685152594,0.006846368389330572,0.006982284773660781,0.006775606876204557,0.008943614433233034,0.0018091249123656458,0.002527703197022764,0.0027998489228562005,0.006841104751447796,0.006931622720057838,0.00827962467816233,0.008073841332435175,0.008153053737187983,0.00782149841600145,0.005991184136479283,0.004469569370980083,0.006188874474728059,0.004844786386636323,0.005572214944434347,0.003907326197444031,0.003611359915976499,0.004031930957051892,0.0038801458291452887,0.0043272657206500425,0.002950707736632171,0.006940921073899995,0.006809808826205673,0.0072209190167049,0.007131210304265164,0.006570927376602309,0.001503486972224877,0.001960399670077612,0.0028586767206386175,0.0026377585592225394,0.0018247865935261901,0.001700014861003402,0.001697652857450602,0.002228688796838989,0.0018497907081671877,0.0037776119247520893,0.004808116030354949,0.002315828102403535,0.002232166644105411,0.0026262192826487186,0.003175551566308811,0.0025573923718572823,0.002976386381253272,0.0030820692177000097,0.0034032962719426248,0.004277172791653809,0.002547639353762062
Asparagine,L-Asparagine,0.02443794489680527,0.02102413625151577,0.02784869257799418,0.04567590045689058,0.05203636639941829,0.04200329222041572,0.02812983220188017,0.03260896545137027,0.03139914646235215,0.02174922171590821,0.02849098810669555,0.04559764124752917,0.045030075737859755,0.09342531349615102,0.07115307259009267,0.03677026310484638,0.06282517942480514,0.078601117104526,0.06744559153643916,0.044823299237561405,0.03834120865929749,0.04988865768937735,0.024515062868768183,0.0363886152855418,0.01894918827768504,0.05166840631592619,0.06974289318274539,0.07554418181778176,0.04370249661640695,0.06112884235886316,0.03563689410173632,0.02246701905836465,0.027844058798350932,0.0019501954699884154,0.008370034425264211,0.02768022011156829,0.002887757569038662,0.410821942714543,0.3809518248740703,0.08586603569319567,0.019666063582775034,0.08201111587758789,0.07733511758878571,0.05209211163724638,0.07526154684263332,0.03427441691937082,0.08772092337629614,0.10504366232151813,0.08892273701821608,0.06796856741666617,0.10010468124258912,0.09648458038773816,0.06862815625571395,0.04644320328124296,0.08637760578138784,0.09231284603768697,0.07860246576119774,0.04758383235163135
Aspartic acid,L-Aspartic acid,0.09897623018850571,0.06008270754984378,0.08308678521580937,0.3196360448943619,0.37521937080818374,0.2621381042908025,0.3177957163508355,0.44324749707829625,0.3427193487211072,0.2685033058677233,0.34519379708733766,0.5128446607944468,0.3030979991461616,0.42065114152998573,0.5318732581275708,0.32896235448479655,0.3102797806365064,0.5456924544262342,0.47563689954632954,0.46554309207040623,0.35934093253043575,0.4047005486060823,0.3176886374749286,0.25061286723419807,0.23462054775808322,0.40141027254208855,0.4724644304979647,0.432714410697617,0.39611035111946036,0.5708985444834775,0.3809476200056682,0.10561741351737716,0.13088825694419368,0.055850743298720404,0.04153770187034199,0.10789209581715616,0.03829779982066739,1.5802824508691473,1.6781039022527082,0.22564026446305632,0.11014518311527305,0.5026671990859355,0.47455472683853717,0.3909815838904258,0.5294544239575084,0.3605107576110606,0.69240921642958,1.0759926408922444,0.6548881677888914,0.6110502453783898,0.7021779512009672,0.7498603087113858,0.4667508827389085,0.475434402345016,0.474951332427082,0.6874467369154229,0.7355511941602345,0.4375675529030284
b-Alanine,beta-Alanine,0.028000454874375507,0.022874001206785864,0.03022872318485424,0.0986132403697208,0.13958584295880103,0.10553560401816739,0.0701636544544579,0.11562379495579851,0.11363657085147144,0.0346431089502419,0.0408558180696987,0.10640763567752114,0.1519040565899367,0.1359464030358915,0.1108731431644239,0.051724527419662374,0.05988714096729193,0.04660837787451095,0.4590956017695804,0.034056557549121756,0.05126843082042656,0.07154269023187615,0.02389731067467065,0.03864449896841717,0.027238681290938597,0.05412928712498361,0.16266118750684005,0.19073041164204618,0.12534879551593253,0.1328660309370146,0.09515475881079352,0.02085593677093503,0.4021311992146579,0.048322946070219114,0.06019652830589595,0.04231761077169757,0.036397947759053965,0.7930185386678649,0.5633632240236335,0.14019047200895915,0.06767656757512944,0.2651641416431226,0.15851598004344136,0.11971463442219683,0.6143688149286527,0.22556887325310848,0.17716318219871904,0.241617606348377,0.17152689962596882,0.16462562159207025,0.22230769890481572,0.18883688331594187,0.13846004011513274,0.13006145306167632,0.2077641908975939,0.32972519450077825,0.19235178444714662,0.1463835299783825
b-Glutamic acid,beta-Glutamic acid,0.04472420307842071,0.03284669073838495,0.040852026501719645,0.06741292838015375,0.08284715844982588,0.06046016504402858,0.026355677128169115,0.03998183840724746,0.03400152432959838,0.021732822731928683,0.023031886105888452,0.03459136551952355,0.04104654917752213,0.10043651178423624,0.14181705806499184,0.03379306286364673,0.04730899095953923,0.052237488557054734,0.030598294780932483,0.04105919897171958,0.03989911058998535,0.04623039450017929,0.034017948407887466,0.024746030004060688,0.018006241320028316,0.021605336369881236,0.1478757632696412,0.15050459300056906,0.11952165280252677,0.08090615754437595,0.17964443244340508,0.397008302542817,0.3350127515596646,0.33222405094322055,0.27811676488178444,0.4004497101633102,0.3131451455627997,0.24292557005410384,0.1785437825715117,0.062408863473265144,0.09669663484863845,0.04303402675616439,0.03763658517126084,0.02967639172362515,0.06639073543798447,0.03690491199861923,0.13589236122448498,0.18119866226640968,0.08362926461679596,0.05923282083580159,0.10456920015379359,0.08796752759448903,0.04241750319676121,0.07588279687181969,0.12540099380388708,0.1623410891593427,0.13945382820165564,0.09371188389988151
Glycine betaine,Glycine betaine,0.5127859320972709,0.445364137031952,0.49520580850373574,0.6422924190895606,0.6814026728519131,0.6162152052574464,0.579196714266345,0.6485139401487121,0.6096839020966963,0.3904380757381264,0.4328274059488091,0.540985871387348,1.07903385134012,1.4517409768614906,1.6443928235512724,1.066056323032607,0.9816828740275296,1.0720003874781163,1.162791176697226,1.3108097954570281,0.8158704865464346,0.8555960916986142,0.6409970632986965,0.9733356747348747,0.8128206556026509,0.8646766970269931,1.2960624835423953,1.4370220504104834,1.4399190479481407,0.9746782390988207,1.138427048370894,0.7061481006633291,1.168446149524758,0.9236732714169261,1.3072614549217199,2.6931885230544506,0.4166010559804868,8.431085207748541,7.88517662568247,3.0092911553620785,1.2927823292938676,1.7990136378775108,1.358102950155089,1.5580393097085392,1.6600508387363893,1.2030827335658179,1.3263265294179476,1.6666760440798876,0.9258888248671193,1.079468146252345,1.5608537516644867,2.5471528270355375,2.430514099555206,1.7718141151429134,1.5544099654218435,2.0141016182898386,2.1249869651963813,1.3442165367731314
Betonicine,Betonicine,0.003966651138816213,0.0037261430202129237,0.005613942941404043,0.010367552248088866,0.010751900932735607,0.011194534506872297,0.0058357069307651485,0.005502927890802712,0.005799037406035353,0.003952391362113476,0.00625185096557286,0.007035641433859943,0.009188608281838921,0.012227949295051624,0.010749178380396483,0.023417865894513838,0.027632664494220062,0.02226789621328843,0.020970610336852217,0.02504235771711963,0.01647584263264358,0.03093848117447383,0.012996734238943014,0.03232204237144176,0.023883260123612554,0.02686031837130271,0.011654565615882491,0.01396571713375101,0.018638077347985355,0.01869946007800338,0.021288420723741396,0.0044368899858985384,0.006976239445975023,0.004402223874731359,0.004574085270129423,0.005233254607132936,0.001785535301931444,0.07521296771906441,0.08192726972702635,0.03653926805788713,0.010288998275426484,0.01801914378777112,0.01042669899731858,0.008824099633280954,0.013838399605211892,0.012342227173103511,0.011634225656522662,0.02182020099635619,0.008526435764347362,0.007177302705820105,0.011187851678179187,0.012186944902720959,0.011800006925469817,0.014295221167466541,0.011255446027200149,0.01958461986558202,0.013950065293068924,0.006112757724020011
Butyryl-L-carnitine,Butyrylcarnitine,7.629717201296879e-5,9.593087715303919e-5,1.138104831993732e-4,8.417362403428499e-5,8.416488985990973e-5,8.0350658814863315e-05,7.74753289803686e-5,7.93638614158518e-5,7.456287683261419e-5,6.0838683908136004e-5,7.042725826589475e-5,9.480991139804913e-5,1.5918208684167335e-4,1.3770364185292127e-4,1.470820454061721e-4,9.677338973053557e-5,1.1244335237643746e-4,0.00011585696975418008,1.4624511511073605e-4,1.597741457617792e-4,1.5329638450695642e-4,7.249049508254873e-5,6.138127859548297e-5,8.176701418651858e-5,7.485707181031244e-5,9.046481844819055e-5,8.670484993203017e-5,1.352893280728054e-4,1.1423609629514157e-4,8.620785772507763e-5,1.0393598120188973e-4,NA,1.1228758649699655e-4,NA,NA,NA,NA,0.0013568415456970476,7.222993852798934e-4,1.6909990709980955e-4,NA,2.741240421683233e-4,1.024614145999704e-4,1.2195357041543799e-4,1.84139351029077e-4,1.1694019489387995e-4,1.4115339697423572e-4,1.7934724865063917e-4,2.699688942845644e-4,2.388703832802608e-4,1.705406745565519e-4,3.7061050288566427e-4,2.737143278000077e-4,1.1187604792827413e-4,1.1645447951873889e-4,2.1116762363982157e-4,1.3418347261768697e-4,7.015111823465157e-5
Carnitine,Carnitine,0.002711495463415846,0.0028360377150869554,0.004351100757702963,0.008487950022452288,0.010387522621808892,0.010210294541138552,0.005537748925364332,0.005360487832867661,0.005478287940213908,0.004375858611466767,0.005167387270203348,0.006679261145353192,0.018679495954512692,0.036665902016529084,0.027862694619129103,0.018214315838875873,0.024946277547012334,0.025941203405282158,0.030879962953334446,0.02575694513196844,0.014201723686759139,0.023235207624460515,0.010421423932789668,0.020213314133071196,0.01723962651867028,0.02559996990735602,0.023013287082431208,0.024163598648199093,0.025250800722014362,0.021960255299935935,0.01910889597695592,0.008925713482345329,0.043890893302377026,0.008411543395728487,0.007859178392581103,0.0094094279233155,0.0053635721085466,0.20956102712616717,0.15235062922322276,0.07189206622589439,0.014983884328763878,0.021931955447149494,0.023452856699711956,0.018790112594251108,0.024019078296452022,0.023876946331388538,0.044453648303043276,0.0765102662587556,0.023070492827086547,0.017040746375777387,0.030765473972940657,0.03923722799863358,0.03435959999859974,0.027889674940989644,0.03376585837341205,0.03103100535616213,0.03208489738275723,0.014773910479177012
Choline,Choline,0.0022906593708425646,0.0018555742137043372,0.003819439708216539,0.009900735952423903,0.007559509794683282,0.007457308497626034,0.0033427415701386886,0.0022000350905481848,0.0024430915262380953,0.004760865364459249,0.002582491098319398,0.0024741722943426806,0.055877194613713946,0.386574631487752,0.2555249804903702,0.0363407781355665,0.05249962328916346,0.06309015416230586,0.0793396203901712,0.07586528009719723,0.016761915543010823,0.029770384026230678,0.024843958187186405,0.030519310537781882,0.025436167571068893,0.051677297559478405,0.04305316019118149,0.04194249805676947,0.04381075039087063,0.07160383599784986,0.07418348684271099,0.015809806205531438,0.01945695335184422,0.014531182969326033,0.0240522715805648,0.03147160294522748,0.009349091432222529,0.5468243547736761,0.27765869160716306,0.06451668456343393,0.02454525670686828,0.06407802107418588,0.046532078129954496,0.05794905520620594,0.05057045682279285,0.0685399496735646,0.0714330378598692,0.13132203221999664,0.04320350927633942,0.0389431792549359,0.09526765638555781,0.13977432090678654,0.1293511358127856,0.04513975507344185,0.09380578869168779,0.15968617049796624,0.08166125219837479,0.07203198450983699
Citrulline,Citrulline,0.010714205747913862,0.009483961847843166,0.011996249045473814,0.03813082095884145,0.07336024511250691,0.060049449165050506,0.03792094512221843,0.08797775827595024,0.0683640932766716,0.024024126767311513,0.04340794973055611,0.0943640704295097,0.025447797038324164,0.03300229053225068,0.02966777550121961,0.028187632230617026,0.02808865797068244,0.049195488963459585,0.03307079966760819,0.02698701089147808,0.013174733403729488,0.028044064022577336,0.017736020825200476,0.025025799208816542,0.010925229117264455,0.017994944300370824,0.028764804426835718,0.0376707790851564,0.03147397180490584,0.04904092621303266,0.028523223930619027,0.015596836372157452,0.0042900734107748405,0.002943095976844392,0.0034081709096876875,0.008414559152383054,0.005002263176354222,0.13150302371512457,0.03382726579906824,0.007825375561488955,0.008109068437247006,0.019657340933980867,0.03450973082015887,0.02058444962881441,0.027919411829060842,0.02102418560359393,0.03930092015039434,0.04129519388456447,0.03626566527898166,0.024311590307674,0.07048377013313009,0.0478879539813674,0.02354272396805617,0.05051454457649082,0.06938839479106201,0.05764540134006085,0.0771280896290654,0.05494184018627636
Creatine,Creatine,0.00656162038315054,0.009222071186076434,0.012432538232170182,0.016250827997532725,0.03182948218589306,0.03969586073276822,0.01575096730725881,0.023594079500956416,0.020284739611595586,0.00652806667334422,0.012652039195460948,0.042601314307086184,0.008817503194169851,0.006610709397518216,0.0045783243198537936,0.0015859988316202945,0.006753990821805731,0.004019420034103801,0.04205125327214359,0.0024667175103823226,0.0029470134788348347,0.003505457768866794,8.41404379326424e-4,0.0035514756115143003,0.002510968746687694,0.0019616533998269023,0.006756287710009728,0.007017243123912895,0.010310486488260606,0.002367738086716086,0.003595270831179971,0.002782197396637969,0.005368253493356986,0.00755507402543042,0.004466715575753135,0.0023514316537371818,0.002118743052471108,0.30215529997178725,0.03841161216510324,0.07643057875856395,0.04521932741699414,0.014172928375944227,0.00387049651493597,0.006435307335571986,0.017079636036547254,0.012263837875200953,0.008325026919122324,0.009898507790257676,0.0032721518153618983,0.004998238457186149,0.00852185095326315,0.014328522070437517,0.01369070719858365,0.01073995610304251,0.005456198161066301,0.016528618432263033,0.011642499096801047,0.0032711646503543797
Cystathionine,L-Cystathionine,0.001056383267677534,9.973612483673823e-5,6.244607898990241e-4,0.004635336767330042,0.004516367002473782,0.004499521362483748,0.001802648207208199,0.0021790115387480746,0.0016709152193653152,0.0016991976091028976,0.002284793245319642,0.0029559024540894508,0.008797748848326046,0.009570402897345351,0.0054234458415070574,0.0020484179613401506,0.0023915705100458493,0.0023894181945145906,0.0011292983164456248,6.037798803139047e-4,3.396017319624783e-4,0.004943271995811185,NA,6.040108765924462e-4,NA,0.002290277698815769,0.005834993455659965,0.005425317281082362,0.003601656338560773,0.0044470167011473,NA,0.0012175822255354712,5.095767901608247e-4,NA,5.663588132794037e-4,0.0012010633105880202,2.619326773833711e-4,0.053734495718018735,0.028721649364214095,0.008244949367620574,NA,0.007868562042003178,0.010148369335546161,0.005456974958671487,0.036055439726926965,0.011359335003235467,0.018422380851188618,0.024545202159272327,0.01370478913392182,0.011650758492527722,0.023012807077385528,0.023758793099808585,0.017734011029280423,0.01200769924792841,0.020918838382712128,0.027206208579708478,0.017335932045150906,0.005734557432326768
Cysteic acid,L-Cysteic acid,0.001458788477403823,9.901439649154427e-4,0.0010724137264839593,0.005868144679451266,0.006425859430122178,0.006487834290251892,0.003235831947084185,0.004394015447227626,0.0033568057721079913,0.001021842474395878,0.002289774350142419,0.004443074582772988,0.027985950709706685,0.022106923247956975,0.020260763265949187,0.009358815649676094,0.008961313398896449,0.0063789992359429525,0.01244839937540937,0.007086422770947246,0.00728698054952849,0.004635623793453063,0.007224077923371754,0.0075719806766877,0.008680764387324739,0.008760252998203393,0.01543695661155313,0.01902880484193518,0.01963671340772229,0.010338698133218992,0.013207184827239293,NA,NA,NA,NA,NA,NA,0.02461512750688843,0.02060974805609194,0.004768190538698076,NA,0.027248454590256724,0.027307704766429075,0.025064176287519932,0.03700562430781708,0.030830630980872093,0.017125537341091596,0.02160867767016856,0.015070994949847687,0.014806383715146365,0.021523566577460077,0.0310986489343878,0.025761037596591048,0.022868996096952914,0.022312580595741087,0.024855913893720834,0.02083290967253922,0.013335726186258959
Cytidine,Cytidine,NA,NA,NA,0.001988819508298491,0.00260414629662461,0.0032671701699886397,NA,NA,0.002294282755113993,NA,NA,0.0018462730209400627,0.019427641951731543,0.03449101034683156,0.03703122580829193,0.023522122679866746,0.021578226363431034,0.03653696420946442,0.04942056298888857,0.037358732316389566,0.008362437307878822,0.011515993737230477,0.0057627976764536475,0.008948462893754764,0.012947683704226012,0.022055849210369394,0.009870765240070018,0.014449066299111392,0.009933123245543398,0.018568301001544028,0.01285305601012426,0.0017758118415229598,7.830408889222249e-4,NA,0.005533946790824212,0.0028076644680998255,NA,0.07810771618627174,0.06643319005868706,0.010617652889459256,7.212712541616846e-4,0.02661200040103128,0.016898962918871774,0.015355609838241783,0.03282833099163255,0.019984278041072445,0.017416733099609998,0.02690057019931153,0.01914873207102188,0.016034320842048706,0.024332829324932158,0.03962780088471429,0.0243583486124393,0.013641889680320386,0.020424212522170616,0.03666128190620076,0.014774187377362618,0.010024154527669003
Cytosine,Cytosine,0.00823103378877498,0.006931363971172527,0.008069723728006115,0.01103619242412579,0.012514055803635018,0.013986849774491205,0.011848408522146364,0.011483627452111556,0.010895156949131157,0.006863582840305427,0.010476338046434547,0.013485884025438055,0.026315625156963715,0.08406053582807449,0.07494472809817929,0.05664128966942946,0.03072984680561385,0.06578144602822439,0.06470306398038993,0.059160705671570696,0.01677818803370585,0.02018146882712356,0.016290840782106755,0.02826740921857191,0.021505112712493276,0.02014264225522918,0.06360536570944952,0.03691738303279205,0.040187791100511086,0.02586825900327176,0.02664539010799882,0.0201020924910811,0.02785980081183214,0.02944485085050213,0.045380071556963594,0.02114443672322363,0.013001340789096955,0.16102985846949805,0.29074722498477495,0.07799701498941908,0.02676246700971938,0.02995137211035457,0.013637303241783354,0.031458319092054834,0.035477753608015375,0.03264748755084068,0.03648816111678884,0.061718845759419105,0.016167720291393677,0.030466438995409614,0.024734281686975144,0.06325656835004671,0.040967421328214924,0.04948716494805001,0.03428677257944665,0.06688936271308356,0.030204247988856774,0.039667045691449236
Deoxyadenosine,Deoxyadenosine,8.327959496462049e-4,7.884195105629684e-4,0.0010015512297386322,0.004055090509341304,0.004091456600424205,0.003939307946601578,0.003248375533253921,0.0038830292798205726,0.002129053127134561,0.001374646714073573,0.0015108451577472196,0.0026033024686716913,0.020883504682503724,0.07978847728087385,0.06543370299271858,0.0672123069309042,0.016912110473897464,0.05265025812408357,0.06095190821111028,0.06863007019190338,5.118644876090645e-4,0.0013328342222965214,0.0019477892354545856,0.003730830846261032,0.0031459913228483556,0.002413277514173858,0.002970071582715796,0.017118140583264378,0.004825366944436507,0.012274027915714185,0.0035525146930218444,7.920101307434785e-4,0.0010335450250748268,9.951680756449097e-4,0.0010290264331330782,6.958115574846014e-4,5.53445966168074e-4,0.017563191981807818,0.020868733630753138,0.004212835435858583,0.001293799237402219,0.009134567217760308,0.015697684386032463,0.01002563039589386,0.012398740580207988,0.018677667171952718,0.005184842325125697,0.009866051343541843,0.006644308508976878,0.004137709754695422,0.020461475124440874,0.024513616789113242,0.030498115185256948,0.010199829335964338,0.018884920421530754,0.027268667463749223,0.009973379280184616,0.012048986390795675
Dexpanthenol,Dexpanthenol,0.0019269466416752257,4.6433414188230495e-4,5.730256139034986e-4,0.0019864420422930516,0.0018842616636270749,0.001544746723452267,0.0017212906316562862,0.0020086297457025163,0.0017195994403010927,0.001323423393263848,0.001741076562626408,0.001849694900277559,0.0011900743920524603,0.001031756075321165,0.0019530646952362002,0.0016081298721067798,0.001410054201777658,0.004060959248601101,6.769620579957728e-4,0.0013543525231883558,NA,NA,NA,4.897830850059176e-4,0.0011344630578379957,NA,0.0019601867992959676,0.0012722554505336392,0.0013793122100184503,NA,8.9505879118922e-4,0.004202300761249342,0.13046717243030295,2.3665838974748108e-4,1.8591001710437669e-4,0.0017505834130991766,9.410374576537426e-4,9.775648946662003e-4,6.461744204124424e-4,3.9145269846334595e-4,0.0037973325908195383,0.0010832970554434905,0.0011759999295286937,0.001990461437749564,0.0017066984993891199,7.04450062623738e-4,0.001299624044357969,NA,3.7986949253640155e-4,5.980724755873017e-4,9.370518558141302e-4,0.0017057711858520022,4.7553490279364865e-4,9.459464052336117e-4,0.0013860196837362218,3.3647159524142107e-4,8.511197836703454e-4,0.001713366497119059
DHPS,"(R)-2,3-Dihydroxypropane-1-sulfonate",0.05653969408925117,0.04398048385761702,0.053028120341907806,0.32122548970306664,0.33515652522494077,0.31624205063150496,0.0510534261512539,0.05404204092129008,0.04730409665674253,0.029962990745964837,0.04946867511365717,0.05706431888344467,0.09782046474827066,0.2847148892805741,0.3081085405726255,0.05983302326331204,0.05386633190650764,0.08817884673141217,0.06799881273754022,0.10647989131595417,0.06715930534536056,0.08685056091971083,0.04617385999980205,0.07696043077054529,0.06415178481288336,0.0702390882642579,0.22062008331098015,0.21652540489586475,0.1773395746361971,0.114155163520919,0.14345705339912407,0.03732565534790498,0.023892531192953273,0.004709288722316756,0.002033294155200595,0.05184799486248654,0.004910974248239462,7.023255162120974,6.267603365494802,0.5322370662615451,0.0816526237628234,0.1951920978904392,0.126264852807816,0.11700008123135887,0.3212465123189294,0.18911993413576228,0.24421628690004904,0.45428746330795655,0.285483715712494,0.273358502732978,0.26376408204568136,0.19535943247072154,0.18561677994067605,0.22528148787289884,0.23665927797056774,0.3001516704253028,0.12333896154571358,0.07795719403331325
DMS-Ac,Dimethylsulfonioacetate,0.00475036789047969,0.004049227375768854,0.005082680468655728,0.02866065626776189,0.0344061599792821,0.0324005556227458,0.03136337867502964,0.0298641139163832,0.030483676538714238,0.018968315522893728,0.025927121788072768,0.037063902200541045,0.12150265888096305,0.422540601732608,0.37922963284432376,0.09431645354822574,0.11111328543513997,0.11053713566647767,0.11675886178798722,0.1471047353571435,0.05434828436505197,0.22374543569643632,0.06969049417634364,0.1938840586613793,0.11985253662301767,0.160126349717482,0.11749049557045353,0.13935889385585598,0.15024569791654258,0.1649957446075837,0.15979936322830096,0.004419699212095129,0.015484583760164613,0.006204509733970473,0.015181456211263818,0.013606031595955538,0.004846967516488303,2.17718256181166,0.6980433013355146,0.0780181378576377,0.016554995035747314,0.2681954482420301,0.17080530272793354,0.1265252952721219,0.44643211972251573,0.2441505776007569,0.27263261043846526,0.5112092757997375,0.15030796856245068,0.14880702888840738,0.27256270187667964,0.3039068490957603,0.2136983757565184,0.19905312846420287,0.1725387469503173,0.2922294090751738,0.24476464067549822,0.12596343681145186
DMSP,Dimethylsulfoniopropionate,0.026969922756521277,0.019269169984268402,0.024323551084905384,0.11087506872967659,0.12851747184193363,0.1153363358785956,0.10495323847631932,0.10464145727158886,0.09979600745503017,0.08312565651090026,0.07272048704950801,0.08691574611229297,0.8496074524678214,0.674613928921033,0.3549189950377722,0.5262026865151475,0.24665834923955238,0.5493989624653857,0.31725236278435676,0.7868072415050391,0.7305040397639577,0.8319504679969683,0.29522908381787427,0.5788210979655616,0.1646290491190983,0.15353891648206494,0.3094040998069449,0.533419331917196,0.4532668815599923,0.44437433025004835,0.3316048451078651,0.12179798682697915,0.20557326888213098,0.13412059021675823,0.1401477537909571,0.21483067890319135,0.07794417316908042,8.434580286399742,4.739681309152621,0.9592062102525059,0.34667713338824774,1.6562294048495434,1.2096469287716065,0.7299004728530698,2.5789715316458395,1.5013622790282266,0.8852018784005872,1.0805088716815647,1.5595792240138389,1.2967260386867188,0.8329452218098573,0.7168626478065286,0.8016489685003116,0.7334321456228617,0.6896231356106706,0.40340132203022,0.6438057838944401,0.13745170149160663
Ectoine,Ectoine,0.003916880204546521,0.002847666317670242,0.00395336598702585,0.002777695466279061,0.0031674987051837616,0.002154644206036238,0.002838832470561647,0.003194453033202608,0.002732211019678299,0.0026178745074036903,0.002604134804452926,0.0031482363568572876,0.027187493404977652,0.0203372133414381,0.047216683204581264,0.028465992048747606,0.02926830629224981,0.12421603162498471,0.03938800552094452,0.14240593106443555,0.005519680241553105,0.01998504034457463,0.006459626779247987,0.02497537641571164,0.008102872254954565,0.011469478287337052,0.02484360812337434,0.021317781393553777,0.01973977030226246,0.020616808395111284,0.021785770137309552,0.020054961882569094,0.02629199146141712,0.014749298001154645,0.021307803116894928,0.012652227229264502,0.008981519177754506,0.40172091180858954,0.286763426818276,0.03191332333797345,0.027933852000861667,0.025726200306613392,0.015845198131305846,0.03200687775958161,0.014482515905797876,0.02255460421221497,0.021026476858174853,0.03505121867470227,0.008924566624874758,0.016936255159737696,0.014686090440639989,0.036037249292438976,0.02403584610286062,0.03131056643030563,0.029634944737409928,0.03670927207738794,0.027596883513753837,0.02123374831152833
Gluconic acid,D-Gluconic acid,NA,NA,NA,NA,0.011826390260827135,0.00789884545397678,NA,0.0041763435870271854,NA,NA,NA,0.0017910958276760578,NA,0.012883438026460069,0.00678994867576947,0.0032219549489234064,0.0021771943597960488,NA,NA,0.002138111954939718,NA,NA,NA,0.0025264908505248603,0.003478288140852043,0.00970081487528917,NA,0.0026981782274670867,NA,0.009332732371367114,0.002196170939592423,NA,NA,NA,NA,2.4798495948229134e-4,NA,0.039272811202166594,0.029208633601643594,NA,NA,0.001352433702025725,0.003682701440053973,NA,0.005973191695701796,0.002571523664855852,0.017470659123664165,0.03751815979304788,0.007786269818562706,0.0038143868822966293,0.016126890647868306,0.010517472683844998,0.004836123460154723,0.00486450337753392,0.01362676082158975,0.016059781673177235,0.012757408950574034,0.0075563812471481934
Glucosylglycerol,2-O-alpha-D-Glucosylglycerol,0.06548404255053068,0.04409370683560422,0.05073967175707649,0.7654882532285453,0.7929663641138635,0.6342727287367027,0.0694136840482844,0.08742892098645386,0.13177066651434274,0.03152506014180345,0.04570361224724266,0.0539810525236251,0.33204765537798736,1.0200116057705564,1.8024316456023965,0.5951725377319188,0.09053207210159137,0.19493135993702412,0.23935073985098632,0.5444218498634846,0.012893006049780645,0.15737321063873821,0.13060109780744067,0.2782457102599864,0.3351641517553959,0.20455384078867989,0.15547858970306638,0.24248971075329395,0.07581290700304448,0.3442595576855549,0.48779974918163593,NA,NA,NA,NA,NA,NA,0.997938361659923,0.7967650314216203,0.2063033296811386,0.012254910200901544,0.5191660704843725,0.022790533998504628,0.14174656821552883,0.7541167165292619,0.4450605001229868,0.6320167823173853,2.481780448224563,0.4113032816455957,0.5322018114390709,0.7084421474158227,1.1733153192946817,0.5811067825657648,0.6894148154748538,0.41463146857155997,1.3913003890418494,0.7454544792781184,0.6423456977527183
Glutamic acid,L-Glutamic acid,0.9491093193067304,0.7320878681631042,0.8986919385019994,2.47834724328668,3.390953364614095,2.840998082883547,1.5871702822657532,2.4756121123284736,2.132139889092527,1.124476650640783,1.807242840655584,3.132714734275494,3.2480170666857107,5.368148004826287,4.560161769528326,2.6613292535665782,2.960112856212028,4.796322497949044,3.2301619562172856,2.7693099382873436,1.9861336691346834,1.9855076425283906,1.511216403270283,1.7881232036287025,2.0352752100333107,3.599539476340973,4.869002555581282,5.5498012324243184,4.735176572519137,4.772883476163359,2.998473743176811,1.1832995867297829,0.7315834816242964,0.5994672819194753,0.5197500666239925,0.9400319129429787,0.4302266102186638,7.866416722144147,7.305386081837661,1.6181975901866128,0.7901257707242135,3.5778169083405293,4.427377638561752,2.92485250868348,4.8474534275547665,3.7185110933496732,5.941442873611896,7.79182025154327,7.0027255709613225,4.677979164777872,7.941346386174686,6.192766269809154,3.4660627736495218,4.9703742098742945,7.49576610087587,6.043798169271694,7.989101896134648,5.440146593901561
Glutamine,L-Glutamine,0.10613191378381527,0.07997523226229875,0.12591018670719986,0.37882752787531443,0.3889669983517702,0.3234260930608917,0.39731964026849415,0.5570909378800099,0.4812328243514399,0.2030744506540479,0.2643853439750928,0.45264711145251685,0.16671649045930315,0.43215718604863185,0.2656431271178038,0.45751349791914747,0.6754235030553442,1.2646885305952478,0.6980940701565379,0.5369101289437639,0.2594679180251783,0.8737653124063167,0.2990164437203167,0.544768688665117,0.13436192583083675,0.47207815630937655,0.20716376618883897,0.29167808783910953,0.1853322019995214,0.6467296567409647,0.25160571819271954,0.08458142280142986,0.15063858802944383,0.05522948394263887,0.09795156907033004,0.11874878435448397,0.0361499104699438,1.5218783435030259,1.4462831565175336,0.3559756854083138,0.08194758600304011,0.29286761832433256,0.27777960781922795,0.24066063589205347,0.34071621117503853,0.17857221371339765,0.22759209947169773,0.20052155268020352,0.26491873125762283,0.17734499804990406,0.45063873386625686,0.38496001341515307,0.20544775497068934,0.24983376229565074,0.5568358862682617,0.3637070722307747,0.380142594812604,0.2505143465733203
GSSG,Glutathione disulfide,0.0011171784375232118,8.906194554620526e-4,0.002208229314814025,0.007451122686356104,0.006360267941185716,0.006440128236595545,0.0038051104255746896,0.0036124589436224343,0.0027448775227902284,0.0033042769431614657,0.0034768897138514492,0.0025683560075022045,0.002683222453329948,0.011101668864945239,0.013270600319385283,9.493092314173293e-4,0.002576721991313691,0.004265017664114569,0.0035694169935104846,0.003019328270170858,0.002278387260816306,0.0013780357897245445,6.488070713450735e-4,0.0012403253632390027,0.0014704741075706458,0.0017538206846365297,0.01126358235406254,0.0036015221392649856,0.009336786675338188,0.00188651159675785,0.005314268054754434,NA,NA,NA,9.009026192780342e-4,NA,NA,0.0356225566624439,0.021435211375297174,NA,NA,0.0020131065657772937,0.007191294362567154,0.0029521152223602495,0.003467290817025491,0.006931100059852628,0.007038136148668633,0.012770354645466508,0.014593317476006114,0.012450942530551026,0.016334474885068388,0.008062118557580777,0.008408448044686687,0.008863463011071316,0.012421006943854089,0.006967254868835518,0.011829853499200566,0.009271699903611418
GPP,Glycerophosphocholine,0.00782794925533916,0.008531091787687503,0.01285363111602619,0.1513712339693625,0.16049423451503256,0.12486149161385464,0.02721867556825248,0.024681754897855214,0.030328029122144644,0.005999378430656613,0.01345402886865796,0.01857668100074999,0.013409723439861347,0.023378250971084626,0.040251325101951806,0.00305662972973067,0.007445908968078764,0.005081187010725958,0.005571779438226684,0.0024626109585148014,0.003933446984995122,0.011733347058199093,0.005482036480463772,0.005374647829849233,0.003121641347514886,0.010016997828871664,0.015699895485668178,0.018939210041812385,0.014415470179011555,0.010069016935033266,0.022498951329700572,0.01780547562915376,0.025237437717152082,0.013451823009656779,0.016672249415323644,0.02356535948453758,0.00832308708999126,1.5471175350694015,1.036751043358295,0.06409129019071463,0.02404453967496989,0.02340273687499089,0.015602740379484163,0.014295915020863522,0.019275846448540027,0.002550769346805444,0.043699641777777305,0.03944572520262,0.037552416241279876,0.022634805375825823,0.04504430462316677,0.050919257344229536,0.04617446687338121,0.03332523230349255,0.05589713249092372,0.05656606929444613,0.04127842278640036,0.04312873818540992
Gonyol,Gonyol,0.22454486949970404,0.2105498204839405,0.2615622497062263,2.271786176919524,2.551594408801414,2.5639035161088986,1.2525319376521038,1.2074010208974266,1.1828563407095078,0.5845633991445818,1.039715798094587,1.3423422415529325,0.057251927878204496,0.19752138246651255,0.2733490881677417,0.14371346642950703,0.23661497008571555,0.1729456343916871,0.19674722969337877,0.34214068127546954,0.20070189764391447,0.23160653961034564,0.18193961918971044,0.248737732793817,0.3617929508901305,0.45922511380366116,0.14566703127812283,0.07453340366969087,0.1242260041114788,0.21495151604772694,0.2788868617430865,0.036375708696549186,0.024131561748366184,0.02079918156600268,0.018648999457268816,0.0371332325761205,0.022330660653502626,1.624583346535133,0.7213651841450042,0.060912018316106105,0.0336781716142344,0.05436084791038513,0.06085474681815142,0.05548879720345054,0.06283497583400668,0.07845061372304234,0.161784078862236,0.5918141990115648,0.07657778001098584,0.10683049754434082,0.12552837186922222,0.12656251877939856,0.20378020663872964,0.09673301026399445,0.10179525877081541,0.26585858844844484,0.20097617970422887,0.11216224884408907
Guanine,Guanine,1.5791510197397216,2.1171323421275994,2.186588874997882,1.399506660133105,1.4759705233935252,2.035852683797015,2.2251010229559274,2.232544242820527,2.343972665834122,1.0806727317761509,2.3726118254662136,2.668700167844102,0.15952970160194874,0.5824315218227172,0.5541266917876242,0.7015194943996514,0.7225841327313015,0.5943064922313734,0.5297847246739344,0.5552183457564347,0.650006323849809,0.6570782020078509,0.5584425332739282,0.5340752681760692,0.4441454598481803,0.45353004969523936,0.7263104437386168,0.8315281478853892,0.5991815462783374,0.4872353103559498,0.6057651299389698,0.41256757799660354,0.32584436119996685,0.46275982654259357,0.31407046108158887,0.2706231894336567,0.21214620649919144,2.1170251563578724,1.7089936745901722,0.5249875534136081,0.30250909947295285,0.17252033138538148,0.09125722126431735,0.20965020972542403,0.21063384364602722,0.17876980396812547,0.353758147861696,0.2605991791738408,0.2475444112484117,0.24383635204498524,0.19391358083318305,0.2262027796555106,0.29894613850247065,0.4318223453663685,0.45528706829183263,0.3298304899072342,0.2808525008911361,0.3448291718391858
Guanosine,Guanosine,0.004367858287966241,0.0037616243187192796,0.006452941220540419,0.020530155043362686,0.021021563984568437,0.020389409985244293,0.015957931899560122,0.01574492943526354,0.012198790860723275,0.011492632606310444,0.007938578419327153,0.012613391829122224,0.04133152035940923,0.11137988792765882,0.07687218916219477,0.03814712215544598,0.021029444530752547,0.05796274745791248,0.05022944057106325,0.03914690790786256,0.0034883664315622587,0.009838187079943262,0.005112002205612927,0.008603967304545917,0.01021617213365858,0.014036316732344473,0.010680740908090881,0.026283247734555204,0.01191978056463153,0.03199349318706534,0.01370172663924643,0.0021350438796345437,0.0017763994557247185,6.003153289794749e-4,0.0036915203444892017,0.0034594304749896382,8.754659303328362e-4,0.031457288290394084,0.019747598508248244,0.005659500417170126,0.001198760229956435,0.03685405899613442,0.04607213015220662,0.027143657682639558,0.055618500151019094,0.03616486784880294,0.01711262995417118,0.04002122048436687,0.03549211695015024,0.01699486158677796,0.08246919243179279,0.10777599041297073,0.07978812705893018,0.023597418742424513,0.07051841017598828,0.07541861862890285,0.02789951189277544,0.01986939440699406
Histidine,L-Histidine,0.08332738991678276,0.075687892045299,0.16728723217859504,0.11848826446448689,0.13914364862489556,0.12490628824616096,0.09943665361593129,0.0986952517545083,0.08869435845389301,0.06949937881613749,0.07965646604556036,0.10481468819231363,0.09486184423228275,0.11178823947013464,0.08759811117055738,0.055351070586234376,0.14484848209195134,0.1359665285392335,0.13179480552938183,0.09439344698242874,0.08386253851190835,0.06764385356551698,0.03794158761912211,0.06479818300324015,0.08106796495144517,0.06375112151821188,0.10447118124243865,0.1106088332964946,0.08335143176218399,0.08322399234781797,0.07289481790134486,0.09156672098983067,0.10575359743047197,0.09238447370131192,0.19804548992723858,0.07751785574763052,0.05600219396353915,1.3189357842989509,0.9839086320898829,0.49490990254743167,0.14316069359419198,0.17558582657430544,0.08380884334029277,0.13658413491034457,0.1729639888906322,0.13634575987338146,0.06529545456283908,0.07938198820654896,0.08544426192133689,0.0739675970942946,0.30037216171067294,0.12067562726341424,0.30392212589582557,0.1157942339649864,0.1502559737598363,0.1143145844640464,0.12510524205782728,0.067931210423418
Homarine,Homarine,0.8879755250000231,0.8624320578006566,1.3601742725625394,1.716996105937294,1.7067285618056425,1.3405794812018537,0.8293856826788906,1.020368661573438,0.9277228418919063,0.9047599087613465,0.7943989880779114,1.3848989209136364,14.460981563871224,12.667674993868788,14.754276646310215,1.647334817127387,2.0004534483097745,1.2854987893899033,4.584934233458294,1.7982505173715695,1.1217394399416225,1.5328047994698522,1.5068647052882658,1.8244093287415215,1.5352535241210108,1.5580961994957976,15.00089480035223,15.804481563214328,14.874886160204353,12.141264392761197,13.274023182483251,1.749100708739189,1.6813586974860046,1.8080802730780958,2.351767849562008,1.747535973724639,0.5974218893312055,67.27695035752637,55.021850272833,11.987676167082357,3.320141869962344,19.178910227284724,14.657483946898811,16.063059072183997,21.674040073511108,15.918521529059872,10.667819012469089,13.535402353021924,7.503724600440227,8.932824659033848,12.879653643301568,22.959632563175187,22.892050567709454,12.481080105825265,12.379174500541883,16.73425372879012,11.006352387343975,6.163590090695241
Homoserine,L-Homoserine,0.0037577830304402317,0.0017388777560368035,0.008141895236372062,0.008273201171579987,0.012430591936526158,0.007811151551173149,0.006346231405101918,0.00876581489371551,0.0071486275609390386,0.0034669843560166526,0.004757721421894394,0.00919817833594025,0.012765058963760928,0.028927647312229507,0.008396703537444507,NA,0.009790077902325814,0.019530581396860966,0.010605468632489729,NA,NA,0.009601186739392847,NA,NA,NA,0.011057655727080081,0.004120952026368651,0.0074210314505287235,0.00477097410325353,0.022682859496866027,NA,NA,NA,NA,NA,NA,NA,0.1040937697539167,0.020639359103315016,NA,NA,0.011270823499835447,0.016693682003109722,0.008751221727383265,0.06521851262127462,0.034978209950443775,0.015590038398218181,0.013584237402777023,0.03284457818764146,0.015341270903331582,0.035004232827486846,0.024392774427961814,0.009759704117633522,0.0068770329698711954,0.03132728912102473,0.011941029280073377,0.011398348062853572,0.007233064299455588
Inosine,Inosine,0.0031990387782863403,0.0033048698182571727,0.00993071257997625,0.008002894685424543,0.008333114793704712,0.006875638662030493,0.00453672798285041,0.005111975051908967,0.004824743750657142,0.005808776013884767,0.004111127416241108,0.005894494442064242,0.016990459436628323,0.017904232764191782,0.02584508970967819,0.0052087679844092785,0.0039362543341195325,0.005560789835113722,0.026749452693354225,0.006011949393764312,0.0029470575432415146,0.0031372485023930846,0.003888985372480689,0.003948207793895117,0.004237785757004414,0.004161833604006549,0.0055178806825101345,0.008760798040590238,0.007137947205671725,0.006145728516530685,0.009178416531406483,NA,0.0053212545837125,NA,0.018393320515158237,0.007778539240540723,NA,0.1693554651945163,0.03374976163744751,0.013588616795979749,NA,0.031663370610683,0.01289384208333057,0.01988101593598567,0.022345271149073122,0.010908958472401963,0.006422951148969449,0.01859654036615741,0.004679797389085452,0.005370525505969543,0.025539239269064984,0.09371473649713405,0.06228881865856281,0.010691991766057651,0.014481853916358905,0.05820168500826465,0.013093621361022104,0.006381815848501281
Isethionic acid,Isethionic acid,0.07219888546730252,0.10276168599438162,0.13919179372976032,0.11484984056510794,0.16867657179830367,0.14329123259928092,0.077099041931661,0.12268608446540225,0.14908011955599318,0.057789092259363586,0.08668534678151305,0.2668920106728179,0.2728409015698378,0.7022387146596596,0.7347390743637019,0.2135789291603472,0.2271778732487773,0.2573085507660245,0.3035199298849054,0.26594468619770195,0.16351128239311313,0.29545214828736155,0.20451846484038394,0.28532468572022845,0.21214242031023822,0.2708619322456984,0.4289780030821496,0.4266903844056387,0.43725077609409324,0.3878535457258467,0.40507821900189805,0.1179535030534797,0.31822832295403347,0.0699578724879732,0.19587638318522782,0.20489376049287691,0.032774658760041195,11.685616457480439,13.195161520868298,1.3735437908584613,0.28130771602277127,0.7215735818265187,0.3130210924567519,0.22737288844047532,0.8065652324893023,0.4358392838336378,0.8146438269440475,1.2159367405177164,0.532039187912987,0.5626754722811736,0.6687806224638855,0.7860027451639762,0.8969594676420038,0.5053729083237064,0.5651344033541428,0.7804479417122039,0.3510594682466248,0.19287951220128874
Kynurenine,L-Kynurenine,9.39509541836366e-5,4.144938644271502e-5,5.5056633055203645e-5,9.89475289197795e-5,7.766431997812609e-5,8.935799961584585e-5,NA,4.617826156994538e-5,5.018349622034392e-5,4.329202155819531e-5,2.9397025432348058e-5,1.0549588742309937e-4,4.126445299855079e-5,8.508057680171551e-5,1.1560561743776216e-4,1.1017653061943458e-5,2.6079975803540942e-5,4.5288763602636076e-5,9.990198381574972e-5,5.447749304265547e-5,8.06683722315313e-5,1.1914780152765464e-4,3.8626182358003195e-5,NA,NA,4.776578446349803e-5,4.2991581242631244e-5,2.518355953683299e-5,1.2647304519967574e-5,4.1849210891274806e-5,4.0637361155040983e-5,NA,NA,NA,2.73407096760945e-5,NA,NA,NA,3.8549184669205714e-4,4.445320654657514e-4,NA,4.579176203315553e-5,3.552216098143766e-5,5.415514101281725e-5,5.8715573940212396e-5,1.1743793423894769e-5,3.05473699447349e-5,7.071159368920862e-5,2.5019041754459433e-5,3.1480220598146124e-5,1.3983631054381024e-4,1.4578067586998444e-4,1.6139317839183209e-4,2.2540889833843668e-5,3.7660896622885884e-5,1.776125752615856e-4,5.681539355379775e-5,4.134928248008716e-5
Pidolic acid,5-Oxoproline,0.01492229876571021,0.0145724772792379,0.017501070200065607,0.04065652692627368,0.018142544078448786,0.016676179950209175,0.01675334995921641,0.013617574317850092,0.023780369706432308,0.04411283053277881,0.03582538294427379,0.047556008118267754,0.10154422323865307,0.09916720045008409,0.1294686765764414,0.03829772365423154,0.04947522533813443,0.0668374857075499,0.0942169941626653,0.09217856004093201,0.04436216509990788,0.07734785944395511,0.055897708618700234,0.04144937334395318,0.04509720815256293,0.06700352863161539,0.10629151925184169,0.05647177285784251,0.05924957733127501,0.04812451153685242,0.12772901775184475,0.03293862232606548,0.027798771622089977,0.03256562392002658,0.027955581488727965,0.05354983566835186,0.037401577220175244,0.20857668929405157,0.18274830206152465,0.05462151415446205,0.034803886025597565,0.12506424480595002,0.13212083549105294,0.16798680447508635,0.1265122372874808,0.05608502006272753,0.04382281168580143,0.13004594439385664,0.03056883600148294,0.051418791186777196,0.1031181173894892,0.1966485039838293,0.17481258005722408,0.06746271230471587,0.07975364282569034,0.19376218632191763,0.11029116957446755,0.10544267008600977
Leucine,L-Leucine,0.8946280772609835,0.9248707981802782,0.8704272036438679,4.431721381193752,4.957140228772688,5.777678595065527,3.680206763180487,3.0244970842454335,1.9763550970335981,2.2193856435959285,1.5833721174451982,1.8299753684343936,1.5707899931839968,2.4270526674415,2.3612204191801816,2.1614367393063594,2.5778249935785116,3.479139231323405,2.6643485042174087,3.138163175769568,2.600374034559717,2.49894699171346,1.1264892319654163,2.233182391968841,1.6788515391759122,2.547698859209488,1.6939473647485843,1.8251995217198198,2.2648103024335895,1.564940550803881,1.54424273796016,0.48956258063968744,0.484139212359261,0.28313798719476047,0.6304934248456994,0.4151879546638682,0.09951116042045201,5.201967212471388,3.7457023079757343,2.156142500752181,0.5157633162803916,1.4962908355635245,1.857801406943,1.522496901964621,2.2123454428775635,1.8677790277489457,2.4692909362858195,4.65790375795527,2.3613281479356423,1.8480768343381582,2.815566772533951,3.3465059024010904,1.9304437956349654,3.167862013326157,3.0428381129641227,2.71248260419537,3.4725903703326955,2.1293094622616846
Lysine,L-Lysine,0.04446399044943144,0.047608536378237094,0.059038269275040106,0.10874257469072379,0.10799186394630776,0.10233994087373798,0.06848966305877582,0.08103381295074977,0.07554718744514823,0.044398085361059866,0.07391901593268994,0.09632650527565689,0.1942958114462306,0.23624090317125018,0.23211445063483016,0.10728539192523559,0.11874731900851687,0.1589846763984939,0.2167225516285874,0.16713441551744238,0.09265070056911912,0.12473767452198298,0.08113971074702739,0.08226875675539758,0.07850037092281323,0.16322543623575875,0.14708635777098367,0.15341473321884733,0.14425592978917584,0.14210780586051308,0.13228274450416874,0.052191610328421435,NA,NA,0.18603168770529366,0.03551520985423233,0.022464500040582275,1.3903219636384596,0.949663625885007,0.3112072781713091,0.08366302654906255,0.29637114361377603,0.2352192733776451,0.21879916410715922,0.32062239814412197,0.1786371762289404,0.1686081879005013,0.18555001164828858,0.188892933928127,0.13838499175311922,0.3867839856104808,0.3162824062137501,0.3423224272150137,0.18820246910361507,0.29713925164977134,0.34592918823744406,0.21850633491070134,0.12214884567778755
Malic acid,Malic acid,0.013187098717398446,0.008947955722681597,0.009749651931250087,0.02881100731533431,0.04311434240784666,0.03505568108804135,0.02760868965663544,0.021622624630680654,0.02228130355306574,0.012968071045143382,0.014555509462907885,0.01638542360974885,0.09913487471472981,0.08468182939970287,0.14326935666141488,0.0701482501342909,0.10447516634516027,0.07929658553043359,0.07368389092277464,0.07105127938513277,0.05140879696101861,0.05444054539973403,0.061680153105618724,0.06115129157726057,0.10403729857803656,0.0727579459021288,0.08711363840632783,0.06916525105563637,0.08439925359835151,0.07938898025055308,0.09816676926230253,0.034765758892323695,0.08534957425429934,0.02339503810737944,0.026973354411117385,0.032710419269084225,0.025007619098876364,0.4037406604479684,0.15138848432241445,0.08269370221144522,0.042148888123657725,0.14261062679994008,0.0907099606778022,0.14191831351347017,0.248023487176837,0.15620052364810497,0.11375234041204774,0.19410712610699704,0.04851549233107236,0.0730435550167143,0.13300581395337147,0.12328916793702178,0.1173756316918518,0.11568673298060919,0.11600817106218038,0.1680306147905555,0.12239867181290193,0.08579064001219641
Methionine,L-Methionine,0.006256595145155268,0.0014286022960857227,0.01626865230518403,0.021052896333005052,0.03156592217701394,0.02333061129788522,0.008502404953978377,0.011644560519614574,0.008377932298271346,0.00915237742705743,0.007806542702626628,0.016947384407651925,0.0031093012196411044,0.07887469660807395,0.048546495847426166,0.0163556469473038,0.022694344271063788,0.029006040911946272,0.05371919846211391,0.0684366755976358,0.0016268571919375696,0.005113913683981577,0,0.014314146913479438,0.0066928830087883626,0.00993645075354814,0.005847091360194545,0.010408912975933323,0.022173098413651893,0.023346896118162676,4.36079861564376e-5,0.007625923598110419,0.013001493458047811,0.007658815042915505,0.02158337404394966,0.018459665583295093,0.0030031885666029837,0.7373171918435822,0.3263630584043541,0.13337641429347102,0.01750894988938667,0.059113237019694315,0.031501231685120576,0.010547565256163332,0.10058704067158636,0.06403343126621892,0.03958101436281724,0.042915233076805906,0.013423307897333977,0.006566957070064803,0.06492119679568187,0.09495936432933985,0.0742314057324574,0.030005741490728304,0.03048066862024846,0.07667398231019668,0.061422467269559,0.0184759954910014
Methionine sulfoxide,L-Methionine S-oxide,0.001231168401647008,4.908303223198086e-4,7.603622107534781e-4,0.0023701916331802116,0.0023660202856351626,0.0016432462500190234,0.0012946143298131463,0.0021959766655063532,0.002146680626133419,0.002263352366044798,4.712185689208589e-4,7.663381809224981e-4,0.04029095157765865,0.0032134405285807427,0.0039051896916334743,0.003453780394449733,0.0030805975398359993,0.0017260982229991848,0.0035666198837800006,0.005277388761449826,0.010238405896442027,0.005031562955241718,0.009266114334157275,0.002895445476107747,0.015821613968078248,0.015094456240629061,0.009565926757752577,0.011740855433468044,0.008551138792520365,0.00952181795455027,0.01889377845702259,NA,NA,NA,0.0024407878775866724,NA,NA,0.037100573438799,0.015336955911384472,0.02003522565898323,NA,0.0271546244706108,0.009277663430120243,0.025037998733402032,0.016967048450278844,0.01030398551807245,0.011450834351112077,0.018586944016835066,0.01816607571152321,0.01587999245261862,0.018603937015890793,0.033676196562178753,0.02713229913287285,0.020187403827294212,0.02693207469417251,0.02082985280437411,0.008226278768454713,0.0064485559229712185
MTA,Methylthioadenosine,1.3694649657386033e-4,1.8646575177169716e-4,1.5589142066582638e-4,0.0011348446648470605,0.001151040056263836,8.680618494156688e-4,3.767074547834355e-4,4.725522698008323e-4,3.4510806922707053e-4,2.9473255944260994e-4,4.885757784606226e-4,8.603225770380684e-4,3.5066239094191075e-4,0.0014290716406061392,9.858328305577368e-4,4.052334903289089e-4,0.0010105221859480653,6.759548520135739e-4,7.191467846012476e-4,7.440017111521788e-4,1.1124071697233214e-4,0.0016289967243750731,1.2811424303617455e-4,5.806692768843806e-4,3.899816910929309e-4,0.0011791082818705168,0.00103175598720588,5.848136163287967e-4,7.29726011665335e-4,0.0010441947852633058,2.94012575887413e-4,7.567229168267576e-5,8.543273228131892e-5,8.390080514002299e-5,7.630903048504285e-5,8.893551762041779e-5,4.4190539195572863e-5,0.0016351264744006529,6.23853865695169e-4,2.2578382530376076e-4,9.213653785816807e-5,4.268472193095491e-4,6.348540714654226e-4,3.7569864066660987e-4,9.81435568571499e-4,5.786047853173819e-4,0.00139642629905671,0.0017918669321773273,9.284406396063532e-4,6.599591056150819e-4,0.0014043688084934354,9.590824075887324e-4,0.0015885436217112309,6.450642790848606e-4,9.478727541205008e-4,0.0012949378228114111,0.0012944054922776134,7.173120251122439e-4
N-acetyltaurine,N-Acetyltaurine,5.5287688066150234e-5,3.3501510211043455e-5,8.264173317398756e-5,3.352680769414432e-4,3.948572581155667e-4,4.417699897169023e-4,2.5869889247577472e-5,2.212999688781309e-5,3.624551006820427e-5,2.0375803633131504e-5,3.7210975417297475e-5,1.1688061428267858e-4,6.047370542171926e-4,1.2639028759331794e-4,3.3520912875230336e-4,0.0028763522113522573,0.0020648865307643384,4.491398597537866e-5,1.588795377692624e-4,3.4968200421584575e-4,5.914209774029352e-4,NA,NA,3.497147223033911e-4,3.6667310004090197e-4,NA,2.92419914563702e-4,3.1727721204773113e-4,2.250315691700808e-4,NA,0.00018323797171233592,NA,NA,NA,NA,NA,NA,0.00688856522543482,0.003166481625679303,NA,NA,9.96402501648003e-4,2.8244961452977726e-4,4.1933862526795514e-4,0.0013345987569483712,6.683938153242156e-4,8.578149009984478e-4,0.0015294684853961707,2.4003419485575398e-4,4.0840718999547265e-4,2.742688730746301e-4,0.0015203955502503966,0.0019024136806681984,0.0010495949237499605,4.510462981377098e-4,7.715238135940509e-4,5.480575093874043e-4,1.9113471484073742e-4
N(e)-Acetyl-Lysine,N6-Acetyl-L-lysine,0.0036332707228719945,0.002705911366765302,NA,0.6667726100061754,0.8170030572857648,0.7733449789745134,0.031239677095850894,0.027566172757129526,0.028091824315386746,0.013586025968317716,0.0176566122901303,0.022855227640827817,0.0030012673448664355,0.0016484500816908113,0.001446598928788965,0.0018401663042648029,0.001697606006766696,0.00494872089689931,0.003873226213391521,0.006721074010931028,0.0076921886870973295,0.004796303189914148,0.0010136069860677836,0.0029266624184160154,0.00339842682571516,0.0027854270475238096,0.003129044557508178,0.002700183144402629,0.0030390771026263734,0.004217033553762382,0.004752120773966955,0.019149512246632618,0.014548070216140704,0.009445642131595473,0.007220884044250774,0.007717779424488615,0.005291072014004207,0.002432537188355317,0.012711695935503519,0.0043259242427865245,0.0023912038617613244,0.0022512066022044885,0.004002171025077783,0.002617775865302152,0.0037880131069410444,0.0034239881536349383,0.008036184622941717,0.012673831902846586,0.009866509218007536,0.007131883830061492,0.011148655192144644,0.00868534826763422,0.007787784061763084,0.00916941644405619,0.0071643388039411265,0.0072775255673915955,0.007950587163737678,0.004339813186966223
NAD,NAD,3.771970065477568e-4,NA,6.432559290123488e-4,0.002074575630390459,0.00260672607428521,0.0016184647093980846,0.002852929536289731,0.004219962768732526,0.003126157933291975,0.0010118058474526785,0.0012193851511375002,0.0011837248398537004,0.013171327911964948,NA,0.002388445349515293,0.01566399226010587,0.005066630010292238,0.0013536941435426013,8.861260536080659e-4,0.004970680807154754,0.007634245099111925,NA,NA,0.007234137508768432,0.0036200540236157744,8.124196046751858e-4,0.009622962573713935,0.01588344439135709,0.012295468186036319,0.0024444345160157415,0.0011351923468742398,NA,NA,NA,NA,NA,NA,NA,NA,NA,NA,0.002588240768987458,0.0045648322820865325,0.005087281178722198,0.010877176055494236,0.017231470463944593,0.0075276776168091645,0.004036000195134827,0.002967270338009743,8.583003337640099e-4,0.005770457058150207,0.0027826992888579276,0.008730393032354351,0.010505474024611825,0.006995202518842525,7.716889907567801e-4,0.02065857523400738,0.004065502163422091
Ornithine,L-Ornithine,0.011561963266826838,0.002464555826532955,0.008242242090530871,0.03930007989922125,0.04002649988084841,0.014569311858151772,0.019816141902585915,0.03405737971753079,0.01880815090848416,0.016558221499784496,0.01124764888290332,0.008351090108471923,0.04455818367283218,0.03430742768368085,0.013349381018208014,0.023979537906324056,0.036916039306786025,0.04122410148723629,0.008295495573981473,NA,0.0172419670978535,0.11268650752359277,0.012091902771026307,0.003281376127556592,0.007985780554418457,0.06428363830211552,0.07656061430561582,0.023182973668888197,0.016995846331111213,0.07250154710333913,0.00880763499283848,NA,NA,NA,NA,NA,NA,0.040142530548915624,0.025408221382577024,0.01053302324014135,0.008283597498442282,0.021800987710383513,0.1453482968330377,0.02726035179007042,0.02656381477789214,0.013605264617704126,0.023451611766257388,0.040154896414144846,0.05845158158095834,0.018019023193719546,0.1308579878822562,0.05780370832574999,0.020015333139260065,0.02328179421225136,0.08796076161433769,0.03135576980557396,0.026530704767467425,NA
Phenylalanine,L-Phenylalanine,0.0258912728316464,0.0214666566665589,0.03402578995179488,0.0656529994089279,0.061668797323866306,0.05497370865298395,0.028094136432849755,0.02880866590448372,0.032645796390235064,0.024651482147662235,0.026801783973611513,0.040106661322608615,0.05697840413614821,0.10289298363010235,0.07335506658943075,0.03431349331975864,0.031741943979961496,0.05670005480324942,0.09114259576279629,0.07772099302636817,0.026883433744686568,0.018871559049636395,0.02064671663263205,0.02932203484072573,0.029584826229746775,0.035816035287328754,0.030428275248164112,0.03734878898910442,0.03438722991160698,0.041407785964514936,0.03867596804513205,0.02112766801610904,0.03019044901528741,0.02115578488748712,0.07495760741661879,0.03305038128031769,0.01068791592415503,1.0346075236988537,0.6643899090192094,0.30955557051614296,0.04724058031520718,0.10307407226709234,0.06275129110459751,0.05847338645349935,0.09467525865870298,0.05932629956181148,0.06058419753285388,0.06244969022253051,0.04921912137616004,0.04007988066635914,0.14524473506850594,0.15845088724185444,0.19015744711611698,0.061645688406279125,0.07239109717300413,0.1353667892304536,0.08152912171985416,0.04040976092913261
Proline,L-Proline,0.10689560922189713,0.1133815272665921,0.20511488747372103,0.25542778757609763,0.29129196171986255,0.22365763550607987,0.08673585021866032,0.14928087917025143,0.09685243531176144,0.06274355686485661,0.07939808304237148,0.20659904019099048,0.5432144309794704,0.20018439873825128,0.32862182749160984,0.19075338437381156,0.16227760941227076,0.3367063038040604,0.40438997472846067,0.5171505708607682,0.09051025963739326,0.10466345586395974,0.08587298444845559,0.12907778384209917,0.15226790290705766,0.11305352131326023,0.13390556233271655,0.22287789657488627,0.23908565515912877,0.1322099479060505,0.21611717179016174,0.09663898057181003,0.1327174315061184,0.08640524880250638,0.19962435217932706,0.11454349049203508,0.04553575459370438,2.3113005724158824,1.759045310385717,0.5723879436275388,0.09696700454429602,0.5728120578982161,0.4333510381188068,0.48841223628265706,0.9694530925293154,0.5013587558858825,0.27481917270843503,0.3291931769730816,0.23033158974451745,0.2508928027924441,0.4502133684109324,0.7042776864665488,0.9397611627091502,0.6149260793890672,0.5975247196541127,0.47813822478509926,0.46484239875547184,0.2334531268673474
O-Propionylcarnitine,O-Propionylcarnitine,9.974300648729962e-4,0.0010546029596993963,0.0015505012899524285,0.0010828011197658684,9.222055352304017e-4,8.120358927776402e-4,9.222368524301633e-4,9.331151274403906e-4,9.090553285170121e-4,9.737187521566452e-4,9.964897022986003e-4,0.0010224896387225778,0.0018106986132047152,0.0013605066344518101,0.0010777231846562465,9.186821361533897e-4,9.423319572798023e-4,4.6606216785437433e-4,0.00126720567377979,9.998524780739028e-4,0.0012188347300781204,5.996942048889346e-4,4.297740030951963e-4,5.408385940503118e-4,6.484592973934596e-4,5.082538258310475e-4,6.077680316147012e-4,0.0010739534067150474,0.0010631140481084922,6.85682765494252e-4,0.00115321483791589,NA,NA,NA,NA,NA,NA,0.010587088985474993,0.009844929099405727,0.0013321716850707055,NA,0.0028846105708981496,0.0014819834654313973,0.0015869681363973333,0.002211083172837908,0.0016308302507353678,0.001352399126034329,0.0019989684578021706,8.740257728241903e-4,9.394518191243341e-4,0.001361780776589759,0.0032082686267359667,0.00353745679146126,0.0017003417010947536,0.001451559802172952,0.0022572940250364356,0.0024254280048642274,8.926210194433678e-4
Sarcosine,Sarcosine,0.0037991965778232085,0.0039684884304486915,0.004693645641726657,0.011704957080609042,0.009256397336079197,0.007995804027945648,0.004786168032449425,0.004888626686890259,0.0027310977981714986,0.013499009002975723,0.00786294641172415,0.006807380608131556,0.02662656453695996,0.01710042387124344,0.009104719543825713,0.02138924939380506,0.030118460297287392,0.032300591546718195,0.09655933435181852,0.03619564014990266,0.026961990764946077,0.01704741372281546,0.019139283067051056,0.01764350012549783,0.025633793173362035,0.03722925051483836,0.01567516322258016,0.02694839019947651,0.030556232962245147,0.0366523211975653,0.06750855699905631,0.021638789223041327,0.011596468775714,0.008492318007662612,0.009541715823218016,NA,NA,0.5655007384138486,0.4271949479022334,0.08574579749670896,0.01989534819647175,0.16573619577058496,0.047677018814323666,0.036626320949272914,0.03769345369200776,0.02323179717924102,0.022919042122654408,0.03857326004398852,0.038053303113947244,0.022490587835782457,0.012192074104322725,0.13149424218573885,0.21621043910825977,0.030171973530342407,0.045693653111044896,0.012898013735381731,0.019718411182707625,0.008667589337038723
Serine,L-Serine,0.027830655957125312,0.019237644053137243,0.03790846457635374,0.067259431706809,0.0751341140590505,0.06014312829645164,0.03781949859133113,0.061878618453896334,0.04757387454805865,0.03133564576217042,0.04410999918531047,0.06972666167815977,0.1286431600286197,0.07819918144079674,0.14710274087735126,0.05741250830079617,0.04402427743788735,0.0699920205203329,0.07726110926710626,0.06257969330687771,0.06671710487632979,0.10890264266551279,0.027069280759933655,0.004284351809093628,0.036803861643579884,0.05850978466236258,0.13505405214348123,0.15736142090446306,0.050421024045896136,0.09000119287878952,0.06223732447175871,0.10397045853705777,0.049019270108031386,0.030075167287904322,0.034258699316573035,0.08638488724922992,0.030943391992029803,1.5071444607298714,1.0342414339211057,0.1681869304762559,0.07745008553829201,0.19016494477938406,0.1350035149516968,0.1631749324350738,0.1977651833525541,0.07816751717777831,0.11804900695637341,0.10839391729597354,0.10048117137124496,0.0818879297386034,0.14017505896629798,0.19142872846115105,0.10853140522224086,0.10187076226554981,0.13667015045096712,0.1538175920045813,0.10565740062840367,0.06959219490417011
Proline betaine,Proline betaine,0.0037290806463785024,0.002895903124029438,0.0027573695740242543,0.025705683475159075,0.026762780766422408,0.024768907214766944,0.010138992813388458,0.010818695652879117,0.009529924476690084,0.005883107320055444,0.006190112574061185,0.00799223465850509,0.01654806932891492,0.012895126426119265,0.013703015892807424,0.022040074016320778,0.020503272356233407,0.0198458029066461,0.01936631036419011,0.021601052803051767,0.018421289857513654,0.019129096207864238,0.013308617516640772,0.02051270219188396,0.01701352032370705,0.01977318325571826,0.01440526010133919,0.01522068968098474,0.016230842383490467,0.015731785160593398,0.017756716734180153,0.007547366402021577,0.011289528879910013,0.007274178210349225,0.007335677748161828,0.012342284270567305,0.0027609561602060196,0.06257969847782124,0.06961152440427724,0.042535532754296695,0.011371566547603629,0.01686229103969419,0.01605908560469637,0.0176318839823164,0.022601008863190056,0.01942714268446881,0.01318128794561595,0.01810051715849794,0.011028756437122637,0.011837202572330946,0.01989114121984423,0.019683292103565456,0.014758274137742423,0.01911904367309084,0.01784091756532672,0.01603858972433012,0.019173437033281098,0.011868509020927998
Sucrose,Sucrose,0.08634772107937058,0.04944594980657382,0.05623405859832029,0.26011529399036715,0.2859504592379466,0.21025509675312823,0.24156585560860414,0.2920152474396498,0.2628672020268562,0.2598350680989805,0.2459427155248434,0.2539311405838558,0.04072651744860356,0.0907287774448237,0.08327494721386641,0.12752328052619005,0.13725704812910164,0.11118196780456274,0.09588791752904363,0.12315594241264426,0.1499594268260387,0.17606887025346546,0.11692164351237605,0.1316041450787695,0.08807829811074153,0.1356433726434917,0.11988528278011193,0.06506050860416106,0.07614583910172532,0.30615257749941793,0.26150356447221557,0.016028138174792594,0.49288320710656186,0.005301287077513693,NA,0.023439115319636158,NA,0.014730874807840025,0.009823686569878554,0.0017076192818829357,0.014238379378958773,0.009626737771608003,0.03638446078810548,0.02265085044744574,0.02326465827202077,0.021521554564607,0.08446125304412129,0.1899795647619849,0.17462770145501058,0.14021445039110336,0.5059714010806383,0.38182667765310396,0.2170933683952681,0.32433169433286885,0.42380752606269223,0.39909609921909983,0.8002489247281362,0.26266046934833104
Sulfolactic acid,Sulfolactic Acid,0.002354934849594129,0.0024662556277813682,0.001979942374050028,0.012762131424668005,0.013828792097453666,0.015145276337864506,0.007900759800613123,0.009121037648846442,0.008616927957671496,0.004639933093195934,0.010219919805603255,0.015641372775978286,0.028643081686076606,0.01925197066696859,0.024816213948335372,0.008537115952705034,0.009596689690692484,0.012495714179169814,0.013618024876751237,0.013980795236061397,0.009095287654851366,0.008389684614119625,0.006687727680062464,0.007841580282204748,0.009064578483945887,0.010545986190354822,0.022797394866820198,0.018467168951352544,0.02367498609073903,0.013778194249093831,0.011926513075411767,0,0,0,0,0,0,0.048798199106657544,0.030171348878510328,0.008479302866003926,0.008320559748870356,0.03047804250535364,0.017524895912505147,0.024321684687349722,0.03815447913867759,0.022024821077656798,0.01707534327880496,0.024968699869889654,0.010694164927617185,0.011931051895301909,0.02239948104860582,0.02192496663353282,0.02034831817686228,0.032718880694991084,0.018194067386989168,0.021731903939420233,0.02211236374867233,0.013610496395001115
Sulfurol,5-(2-Hydroxyethyl)-4-methylthiazole,4.63178535358416e-5,3.395192548396921e-5,3.1095092577778925e-5,1.5594972589035825e-5,6.552298078241224e-6,6.824006001963514e-6,8.713781821790866e-5,7.255159390809694e-5,6.884073082668073e-5,2.9703688924597535e-5,3.1008670096399625e-5,6.731875260522751e-5,NA,2.664708450075065e-6,NA,NA,NA,NA,7.979965715242509e-7,3.594524480604801e-6,NA,NA,4.4706922046783956e-7,NA,NA,NA,NA,NA,NA,NA,NA,NA,NA,NA,NA,NA,NA,NA,NA,NA,NA,NA,2.0863034848402796e-5,NA,NA,3.0173507879772053e-7,3.8476796135748256e-7,4.5513112444348906e-7,7.097298522185987e-7,NA,2.3061999776800968e-5,4.619059157844116e-6,NA,4.008862370931503e-6,9.47785281591097e-6,5.805113208735139e-6,NA,NA
Taurine,Taurine,0.3102310464216606,0.3089196417745266,0.5154645947281021,0.39216438478344573,0.4115308335098496,0.34167312501354313,0.32308202287822474,0.36294636373006933,0.31585637005691614,0.21393190319786376,0.2972573709700894,0.4802299632994495,0.7353102533621674,0.6711389364056461,0.5955839372397839,0.2735212141146587,0.34409654562921055,0.2898412594357003,1.0041498023092321,0.39452959707503316,0.28652247550255106,0.3789757018087847,0.20809560121420584,0.33147038825365444,0.26962872228951607,0.34590453156253054,0.3394683553559699,0.40990722862559126,0.4609266844014649,0.4578726354196827,0.5275719214425583,0.24556630753270656,1.1470415658218487,0.3811986679951873,0.5943661678281618,0.8025635939699257,0.15099733065356108,16.095271449052735,15.732077635401684,2.3930217299192083,0.5817103490747042,1.6328696535782856,0.8583344534074928,0.735181208519995,1.5664108353344737,0.8969356476317611,0.7669975419832203,1.084885948711284,0.5964339234032839,0.4805321936824787,1.354235862777939,2.5807753797784336,2.7820968504079397,0.9287215054256326,1.147212097722912,1.1716562332777456,0.751259808073428,0.38363760702283173
Threonine,L-Threonine,0.02134294145491513,0.010670757765349988,0.012280713863540044,0.05535509198859868,0.05626478802123622,0.028321057132524738,0.024351374668613025,0.029970897138485487,0.026101327928328033,0.021498524097568344,0.015491653541772997,0.021857802204688533,0.023879124181236347,0.10500970383369784,0.11772870524114772,0.01431976148523636,0.023406427980055766,NA,0.0244444040156295,0.026388215856951797,NA,NA,NA,NA,NA,0.02823999108800517,0.030608513407627398,0.018347926551210012,0.028786522954238725,0.04007219829788779,0.04650489506719301,NA,NA,NA,NA,NA,NA,0.3283938046536768,0.18469346248244814,NA,NA,NA,0.01808829470550765,0.022743069418334292,NA,0.04011240611229046,0.029507674850895595,0.14711480056658788,NA,0.02056786324574946,0.10674123658395038,0.11241422430741825,0.10684325636294091,0.033087605847819564,0.02375211229150788,0.11689295675005418,0.05152928778025212,0.017862384635108402
Thymidine,Thymidine,NA,NA,NA,0.008315191089603411,0.010826395133193202,0.0074727259903570025,0.0066922000437028735,0.007471400545260751,0.0027264758237190226,NA,NA,0.006844015195176499,0.013825216898649677,0.16327813819015485,0.029258920755703424,0.02300667622350628,NA,0.15876987062069595,0.05956854055382988,0.02984752469732539,0.002805964967864553,NA,0.0013459478555366315,0.003714138591018973,0.0032798866813603003,NA,0.0030443546976142307,0.008195139103522136,0.005459718423683673,NA,0.006667904016005711,NA,NA,NA,NA,NA,NA,0.01740347901711501,0.03243269715224921,NA,NA,0.01345937293727515,NA,0.010120494814454692,0.018061854969439448,0.011218198861158234,0.005319681079537249,0.007720509068242299,NA,0.0034938965423538266,NA,0.020975919124598556,0.017722670114239693,0.007620130505105757,NA,0.02010812559577097,0.007851640230929689,0.006547312221035798
Trehalose,Trehalose,0.004964466672878708,0.0029155501633047255,0.0026645904063641434,0.06987036676373966,0.07555905276105165,0.05529264088143405,0.012015337612447443,0.014443487402777584,0.012471999257288795,0.008856178900303012,0.008572923330541549,0.009813725511436815,0.019271326368849317,0.010372908304463375,0.011136837537712876,0.015687754976397312,0.020609774226172155,0.014843307457311354,0.013427289988637698,0.01794025019774056,0.017790536155429446,0.016426705139034922,0.011877316463496448,0.014133088728940944,0.033251534550068906,0.06623567161435343,0.009715351365286921,0.0066991051967586895,0.007171537978948641,0.053823959561748846,0.03541418991219054,0,NA,NA,NA,0,NA,0.006576438816290035,NA,0,7.770635743397433e-4,0.008547791393243609,0.013294530697306914,0.011119916799305185,0.029187857752451456,0.015974138031393435,0.004455486630955256,0.010721046617554832,NA,0.005440362379500433,0.04540865518633645,0.03254441167649679,0.027534903161783676,0.015553687649194412,0.025405501191373678,0.024870191592654113,0.017950960006013855,0.008256455465874715
Trigonelline,Trigonelline,0.013652060963707937,0.013624931358571292,0.0290569380794075,0.015054598256713257,0.01607849035262395,0.016379383417349725,0.01909442872435376,0.0188258694541307,0.012543903166475133,0.020429255961378873,0.011715364765934676,0.01776733600250727,0.09973134817076063,0.17324812239515697,0.13981717943132693,0.08542364282801569,0.09745502401439043,0.05701038995856235,0.08679283031892095,0.07107398746000283,0.053747026076672415,0.07943897964872483,0.034925842255237025,0.074256631712455,0.060562166689340356,0.07419743468891823,0.07141862243455244,0.11017577401196502,0.1189299461337615,0.06722861874850093,0.07839956111349702,0.039845401521383286,0.052944866949206006,0.04595959963902721,0.10029625217977646,0.06159846308324698,0.013231716435509522,1.455298778238085,1.0623210229092386,0.3573959013451033,0.06660812063008048,0.20778595292378443,0.15225934061887286,0.13158562007600533,0.1950546411191898,0.13120700094428212,0.1545483531704757,0.27921086047615673,0.0880879948904245,0.07933061530301366,0.1368473746784462,0.2094980631002271,0.2210337306718247,0.1666502512508822,0.13804263123247423,0.19348263466708177,0.17397224366894118,0.08255641374157045
TMAP,beta-Alaninebetaine,0.031933998531020656,0.025193507051844654,0.03933409054323082,0.12363494072499057,0.14163839880001527,0.13234854410138366,0.05677122039526864,0.05635035546934894,0.05583237081880301,0.033315063334946146,0.04306223817267992,0.05929877662976269,0.18888001865264326,0.5652864661828003,0.40543445275663803,0.19726186870684237,0.24878809505696595,0.301807006732069,0.2896111247317604,0.3993799971518581,0.1547173764486592,0.23332451572362836,0.11573604111368099,0.24056479223577326,0.26580332129161854,0.35534038251382993,0.292015143612202,0.3491670492647594,0.37264853517859403,0.19040558790963952,0.18413866914111668,0.13197047070508072,0.2776504475188365,0.23643630025287307,0.23813525612517933,0.30217239901842696,0.13271326348756393,2.119262671848037,1.8655789849811533,0.8510809497462788,0.31099270921670913,0.2287294596575486,0.24187188971990176,0.2001124225441687,0.20876392569343816,0.237976814244049,0.37620156448869435,0.6316793250430638,0.3371584008778481,0.2807750554925259,0.3899125460283271,0.44950210202718394,0.4577759282122047,0.3745428329188753,0.4450554645336454,0.42679752224788625,0.4908402856612943,0.2287380763185845
Tryptophan,L-Tryptophan,0.015582885115343953,0.01335503275575898,0.019642331788575402,0.03227978615912812,0.03495573826266371,0.029357475264023117,0.018967942224651403,0.023611755131178525,0.01959820691931137,0.01576162464700144,0.014656260283192224,0.029500787199599282,0.02078924179638006,0.04397572134861989,0.03227576398768138,0.018537281822267673,0.01802039451701526,0.023373805606021397,0.05400696091936299,0.03600851884029857,0.012412198771087186,0.009501140157258708,0.0040153399233523075,0.015681048029628074,0.0160636850142869,0.016218222037997124,0.0114507082890188,0.01980940289042603,0.01932673397777431,0.021756223465929196,0.016260852854850186,0.011322518362545001,0.016557998276868262,0.01058736081264366,0.03706369807863003,0.015433463636048122,0.0054962906228707056,0.44248821806002003,0.27134755349485545,0.1709712973618846,0.030627400032192047,0.0432967061934499,0.028497514476754648,0.02139127002081055,0.049634216144490324,0.036049705583756336,0.03146823093173534,0.03588806887027621,0.018285652598555916,0.015724327208050705,0.06750337465390518,0.05738305287922474,0.07228682126902033,0.03315779736045062,0.033457560444894084,0.05021980750076328,0.030310091226336804,0.015384189914543088
Tyrosine,L-Tyrosine,0.02137316482149361,0.019572865832648053,0.03356881436001608,0.05585996609101487,0.06006415993570688,0.05083241555713696,0.036009223720993785,0.03709767416447917,0.0374589030755067,0.030143666449608805,0.031595613576554875,0.051204164694445546,0.13287077576293466,0.19934826495758162,0.13455228124783467,0.09300269777000446,0.10978369869115233,0.11732628837784759,0.15713447029164546,0.11759241815252049,0.06366775549796885,0.10174480885917087,0.040442810337640245,0.07725687888756748,0.0660852054390826,0.09591127430811566,0.08219225216056986,0.10148224705625614,0.09947789009922309,0.12460679858421048,0.09449428844608754,0.06495781025810708,0.04736022000189149,0.034514670785696054,0.0584405721412109,0.045784902957983785,0.01685355375201868,1.0432408636616517,0.8521938332934033,0.4305469476512077,0.08890235424685737,0.17146410345286095,0.17929015456685493,0.14510537244020527,0.2020616899736494,0.15220228789935372,0.12287017818745882,0.19414094097041246,0.1136717182107799,0.07046246890830424,0.286375033789965,0.26631627310503425,0.3124329293427809,0.1877286601870037,0.23681558799507452,0.22432171366801673,0.188732828897773,0.08299906906457447
UDP-glucosamine,UDP-N-acetylglucosamine,0.003839706087745348,0.004147434379025804,0.01086886790758573,0.012774087205036758,0.010706034284096368,0.012003559991691884,0.007154544245031133,0.009752845159433752,0.0073706094704943164,0.005300066373151322,0.008523159428955632,0.014797675025438495,0.01721061931438733,0.01700065057934704,0.01885998302121721,0.009659547841807017,0.006506876264715047,0.010257209112065707,0.013335321580722797,0.014662915616399732,0.010414037741352359,0.006631223538046893,0.006422671672035709,0.008942143596944964,0.009029143683128734,0.005327725884543789,0.011299926852102862,0.015201154096649733,0.014758701616239678,0.013140310557833086,0.019046032664496747,NA,NA,NA,NA,NA,NA,0.10796886778993971,0.08839760767058852,NA,NA,0.035708732557477633,0.015209249527799049,0.01998230817591846,0.03441751377262671,0.01947001659807689,0.02424487404195154,0.026834674282592303,0.009293341422603338,0.011470078315563514,0.024712283149489696,0.02763702282599908,0.036763707978244374,0.026738237962653864,0.02373549702982278,0.02505650983754602,0.03014923408917647,0.0152071761703721
Uracil,Uracil,NA,NA,NA,NA,NA,NA,NA,NA,NA,NA,NA,NA,0.01100716558734434,NA,0.014693322119396187,NA,NA,NA,0.05325683679276852,0.00443145346687872,NA,NA,NA,NA,NA,NA,NA,NA,NA,NA,NA,NA,NA,NA,0.01877540032036967,NA,NA,0.04431497387232914,0.04336306577442859,0.0422455244199677,NA,0.014312380255424074,NA,0.009337484355322709,0.016505486030052433,NA,0.007085710355887889,0.014471943499012103,NA,0.009991378184775527,NA,0.022115576700960152,0.013474276780185276,0.010061943609071942,NA,0.022417503131352493,0.0067372032117405944,NA
Uridine,Uridine,0.005957418025737754,0.006006442613875039,0.012972970769193725,0.03032580961388699,0.028518659634866834,0.025210658812083248,0.010242639755811994,0.012594497108125954,0.010674880238542725,0.006738342141078137,0.007693879709033423,0.013070047908687439,0.0401476967345825,0.09759620713662273,0.08935616080655119,0.03650210627203175,0.02312592723838605,0.08990176006990727,0.12079013562313247,0.08012027265178137,0.008274949578276037,0.015321940983679545,0.01002965169958241,0.0151183271691398,0.01678775046400178,0.01840983197785878,0.014248085239030425,0.024803682859033765,0.013220213435245317,0.028027029111249678,0.023451048920077072,NA,NA,NA,0.020373173429495815,0.004131363704601752,NA,0.174964140748981,0.10863338614432469,0.024445263430683546,NA,0.04176689557917944,0.029979212356443616,0.027089474510212472,0.04613718362793828,0.035299545685752394,0.018967362292847303,0.03815940354570194,0.03597187371177413,0.02416841548681834,0.05076076081420143,0.08916917043425329,0.06631290032388557,0.01931384441558529,0.047900156876351865,0.07516693344837325,0.027818114896146832,0.02257126025901438
Vit B2,Riboflavin,6.714199258344313e-5,7.46196998690108e-5,9.239703955285518e-5,2.052153491550329e-4,2.0134212425038377e-4,1.582461087350466e-4,8.124617444350238e-5,1.0653252974884852e-4,7.926290140358472e-5,2.895877358340886e-5,4.746368752933446e-5,9.923612285573428e-5,8.214651304649457e-4,0.003983404661081313,0.002433477961398896,6.375528154121358e-4,5.667920841632711e-4,8.341321738281142e-4,7.360393172144453e-4,0.001109782668308662,7.71890756247395e-6,9.825415001062786e-5,1.4308810154573806e-4,1.8708113777405027e-4,4.5619021244396464e-4,1.6000670807650962e-4,1.6458067834138493e-4,0.0023627532933220867,6.329415968334967e-4,0.00159657082611416,5.306723052844299e-4,0,0,0,0,2.909937720116456e-5,0,6.494933119451398e-4,5.789187770070455e-4,1.3642786843183585e-5,9.590631635927333e-6,8.497532847547167e-4,0.0013766725425979624,4.36111422975687e-4,0.0019627173877280095,0.001431074801854869,9.832932110052505e-4,0.0011590013310775625,0.001784930887384412,3.7833457654233224e-4,0.0026286859839083406,0.0017315790230917835,0.0013369011819376912,5.661094069624639e-4,0.00276855247397988,8.074011578539003e-4,6.639902701454415e-4,7.796630073545661e-4
Vit B3,Nicotinic acid,0.004428623272031217,0.0037578681413971463,0.004703884877388036,0.03228377936979771,0.0310212167699308,0.028808501044893596,0.011460297468442413,0.011982511886446013,0.010166424381297721,0.006830894693240627,0.008001976128363553,0.014492772749891334,0.008626983147510314,0.01303581860315755,0.05925954153267429,0.00823069829792727,0.005390123713385904,0.008143132907726478,0.04211579566517547,0.03139031102248342,0.005071846798139683,0.003990861759570966,0.013582123532053587,0.011662729305305621,0.003233767965489981,0.011291375485218878,0.021774482455532124,0.0173738296542001,0.008995084358335214,0.014084845472430978,0.025421434139054646,7.717992471819813e-4,0.001528049547538246,0.001387385518817857,0.0023781792252255715,0.0024816737847418,6.522942178372694e-4,0.1195217504020563,0.060898877518954446,0.009048391742921243,0.0013427376543324733,0.037367990706458555,0.011583436674682117,0.025399178774986035,0.024467036501617592,0.005524462316055677,0.028950711820827063,0.07485900485830586,0.017179254200620896,0.030941650383686497,0.020270586776633133,0.04691061107495764,0.026344711691467994,0.013102724382356934,0.005563442615223964,0.07954077670127045,0.025368250739714042,0.012287696304179918
Vit B5,Pantothenic acid,NA,NA,NA,NA,NA,NA,NA,NA,NA,NA,NA,NA,7.113335114493607e-4,4.283495232168329e-4,5.363767288142778e-4,1.2624819055259007e-4,2.923615688694212e-4,4.066754968494399e-4,5.65309493923844e-4,4.7276816187631263e-4,7.299740376408074e-5,2.486467232468273e-4,1.9612024423017172e-4,1.2874086229579013e-4,2.1024247546412716e-4,1.526704667530945e-4,2.693554705663067e-4,3.455596092768213e-4,4.782996501030473e-4,3.0233282408779376e-4,4.79914685100713e-4,1.1352753255791587e-4,3.3428686124815725e-4,6.589136688686729e-5,6.404370933433743e-4,4.736186198389929e-4,NA,0.002767161888070917,0.002480312215777867,0.0010893341129539855,6.474971938193499e-5,9.299102916436738e-4,8.5232351463169e-4,9.205955617633182e-4,0.001102717113718792,6.516200677400054e-4,3.4420941321417376e-4,5.363703100420929e-4,1.7116762733087075e-4,2.0150114706143555e-4,5.249188763002198e-4,7.795007547404895e-4,9.974380323010024e-4,6.623877351195209e-4,6.611513795473061e-4,0.0010462485516134156,3.6049368648345204e-4,3.8818614949378085e-4
