Compound name in figures,Complete compound name,1314_A,1314_B,1314_C,1314P_A,1314P_B,1314P_C,1545_A,1545_B,1545_C,1771_A,1771_B,1771_C,2021_A,2021_B,2021_C,2090_A,2090_B,2090_C,3430_A,3430_B,3430_C,371_A,371_B,371_C,449_A,449_B,449_C,7803_B,7803_F,8102_A,8102_F,8501_B,8501_C,8501_D,As9601_A,As9601_B,As9601_C,Cy_A,Cy_B,Cy_C,MED4_D,MED4_E,MED4_F,Nat_A,Nat_B,Nat_C,Nmar_1,Nmar_2,Nmar_3,Np_A,Np_C,Np_F,Pc55x_A,Pc55x_B,Pc55x_C,Pt_C,Pt_F,To_A,To_B,To_C,Tp_A,Tp_E,Tp_F
4-Hydroxyisoleucine,Hydroxyisoleucine,NA,NA,NA,553.0197316342346,444.1545055862723,458.18528079434975,338.05459402547814,342.4885465798985,337.0658677135996,465.9767641309819,612.9471559234696,802.5268146135012,251.58319212658137,83.67809701091451,404.0176905659618,NA,NA,NA,NA,NA,NA,NA,NA,NA,NA,NA,NA,NA,NA,NA,NA,99.17630346661254,84.8810652997403,NA,NA,NA,NA,NA,NA,NA,1881.1091992292615,NA,NA,NA,3107.047053223053,2890.190379202097,NA,NA,NA,NA,NA,NA,NA,NA,NA,NA,NA,NA,NA,NA,NA,NA,NA
Acetyl-L-carnitine,O-Acetylcarnitine,NA,NA,NA,NA,NA,NA,NA,NA,NA,NA,NA,NA,1146.4450141852092,686.7059775905353,670.0962189751478,66.0718021026541,47.91523851870604,59.33018624554718,NA,NA,NA,20.006391650623453,21.644725735791308,24.8758222719414,156.8939949486555,128.51053122279788,103.57798195262562,NA,NA,NA,NA,NA,NA,NA,NA,NA,NA,111.27554066525144,336.14256200767966,194.0892805891664,NA,NA,NA,NA,NA,NA,NA,NA,NA,102.06063274690511,87.22270795147338,82.84010738805773,30.28814243247737,32.76046705102391,37.88424736220248,12.351527669871636,12.968598986114928,154.95089349152553,132.84010758880575,84.61483992259394,185.1970412191723,200.18916349000943,98.23434282887764
Adenine,Adenine,261.17437912611837,343.14712359493114,223.6322468945729,123.95060010855391,62.01544283711295,144.8730680913935,36.19883271389465,28.01551833251264,37.81342703049696,53.00553917117471,47.16110081483233,93.45955869158024,57.87577525362508,33.95584455283045,44.06730918242225,NA,NA,NA,73.27476558874139,127.47172585610372,94.66340118406184,NA,NA,NA,303.4540410798297,295.36226863794025,162.6641771293774,14.857346969339384,17.60432517686923,NA,NA,NA,NA,NA,88.28113370302412,119.99958363209072,72.53643897027219,NA,NA,NA,NA,NA,NA,400.930329955847,398.95831723207016,308.87312562048373,1070.5049704093008,1114.4238511632657,943.5321976799548,28.935784564789294,16.205210293690904,13.365303934272823,8.164960342120727,6.872884252097323,12.917468817729576,5.281402828652439,5.165609982092134,NA,NA,NA,NA,NA,NA
Adenosine,Adenosine,660.5689951832251,824.6688615878234,554.3138561819133,13.37515644219309,8.418907512493783,14.766815606132576,6.787280832783639,2.9652315261691946,5.819740378136268,77.03986769096464,84.36981313462132,155.54599063428407,132.94923257179306,58.70382073206715,70.54187321232565,1190.7882589123471,808.5504665842556,853.5463562245906,21.498505471452493,45.37006360863289,21.227293290730607,1111.8920309984574,1413.4703954694776,1353.3432489296304,2844.451760850968,2259.145275311992,1585.9833119982604,1106.1065662196988,1467.197079096166,577.8784423892531,718.3881455838448,5.559499967915293,4.151996380285461,5.728480166690998,15.722146311029544,16.30582246826264,14.944474533384067,3.451994425574007,5.9326950222593045,2.699424280349304,37.34107196410336,36.43155865275086,38.29551098762872,66.49043478144652,76.52211663453066,60.02064928793676,152.7456676202915,151.7726652863838,128.35086785130488,22.125222904101275,40.69045998946301,25.45400938241958,3.9340521896774616,5.296402312465312,3.1732465869284137,1.82654065918967,1.4448003193847505,0.7995025274148847,0.8090055515823313,48.79925290573093,2.4693898008500885,6.208048871560024,1.1617699456282398
SAH,S-Adenosylhomocysteine,1.3036771602461328,1.5719668721872788,0.7045523425701832,14.159773652048862,6.687716409420103,NA,NA,NA,0.9866744450013708,NA,NA,NA,NA,NA,NA,9.28346282480853,11.75970637666164,14.877989377013307,14.203767405702406,13.003072146807428,11.695658599160184,NA,4.012632196772512,NA,NA,3.378202450988659,NA,178.70978726284545,334.4856157508493,325.65018823035234,640.941573356056,1.2203326620511812,0.2389362379413703,0.6850640532844986,3.364164638311499,1.7827116375933745,4.568866842908963,10.937597277189372,20.980487240620747,11.315605260536037,122.90827496334671,153.36124714998692,231.7050085369015,NA,NA,NA,NA,NA,NA,9.228336990625817,9.149498894551453,11.87858535809581,0.7655272204453503,0.9393294711868796,0.8017520414252258,2.678153342001819,2.617369803930681,6.402752642260361,2.221548866547918,1.8400257380750908,13.801999399575342,9.939141307311669,5.912524239337017
SAM,S-Adenosylmethionine,270.6879794393181,278.4033063365832,185.67335748673744,818.8815052619277,599.7275643089737,590.0905396775629,238.84607127613612,273.46317485930393,230.24391421347175,15.299269947993588,21.45278521372249,34.93322382226233,127.11466999381489,62.86561834675025,29.892698992059813,54.74481868796847,85.390873566191,60.07791796643992,2999.9882906509224,2901.8138353151967,2976.5051200149846,69.15920719250731,77.25145986248607,72.63345884431222,48.42008243056701,42.55690981826982,33.36608440791414,6351.37939746898,14174.92171765869,24376.55299941909,10683.145364674683,286.20787403319383,798.4143177781327,428.535395367065,1488.1385264084936,1095.9078327901957,1250.940228592418,357.5165196246057,706.6065141169254,504.0975168787778,1851.683541893844,7345.395075048943,12821.779699784409,2229.5200649291146,2279.9012780739176,2759.1672976915115,1523.126391642226,1751.753335562805,1901.946812711179,150.5456387220899,195.41670841125085,167.43093161806505,80.20207846205939,92.43867441190996,86.66726565992957,42.088401620873334,38.35323918733567,315.5481533600691,67.9673228424514,75.2991175405636,93.18397919500364,99.54766656941624,52.464678120301805
Agmatine,Agmatine,NA,NA,NA,55.43508276095456,27.44375490782175,54.28973891711496,NA,NA,NA,NA,NA,NA,NA,NA,NA,NA,NA,NA,NA,NA,NA,NA,NA,NA,NA,NA,NA,139.79703099484976,146.10183572136532,100.28941368689723,91.43607822301736,0.9009270095118188,0.6573784807883047,0.8589361259980308,55.05098882095116,47.37947509619201,39.48340247879639,NA,NA,NA,57.195886363862655,144.24060340886564,156.24953205118578,172.41881485233174,121.78113358646952,175.45971502859337,204.5557955227157,211.2013637838258,272.21520202133854,NA,NA,NA,NA,NA,NA,0.02277999902922621,0.020352681204059,NA,NA,NA,NA,NA,NA
Alanine,L-Alanine,NA,NA,NA,NA,NA,NA,NA,4546.062401552634,NA,267.9195726602721,273.4545908962648,605.3330656082597,120.43624508831974,73.17148326278061,189.45543962832545,729.2469190103718,707.726623055286,737.3335981949165,21475.64661314274,21093.81520670585,19005.810503490884,373.8479427255117,460.87776087806213,NA,NA,NA,NA,2507.139914835197,2912.6789845683525,6049.743846707922,5521.700050181827,190.69391641186073,176.5522100312441,149.53783724207037,NA,NA,NA,631.3021111551441,1828.6889353156455,994.3842062523076,3160.697011198039,3730.960602768672,3618.2236895609826,NA,NA,NA,NA,NA,NA,1677.7999424089014,1359.8132140735809,1305.9105135955865,111.44734643121832,106.31105469953468,NA,337.21897831994704,383.13619622567114,1274.0021688351717,733.4042577701535,814.6626973955327,1065.0217010431174,699.2111324011782,375.64606144829094
Allopurinol,Allopurinol,NA,NA,NA,NA,NA,NA,NA,NA,NA,NA,NA,NA,NA,NA,NA,NA,NA,NA,NA,NA,NA,NA,NA,NA,NA,NA,NA,NA,NA,NA,NA,NA,NA,NA,NA,NA,NA,NA,NA,NA,NA,NA,NA,NA,NA,NA,NA,NA,NA,NA,NA,NA,1.4186457124257097,1.3927544139529908,NA,NA,NA,59.701342109646205,42.54323025847972,44.83489630864363,2.483666642449685,4.777430777852453,2.4592994146840907
3-Aminopropanesulfonate,3-Aminopropanesulfonate,NA,NA,NA,NA,NA,NA,NA,NA,NA,NA,NA,NA,NA,NA,NA,NA,NA,NA,6301.781451667771,6679.80694292627,6830.323990958328,NA,NA,NA,NA,NA,NA,NA,NA,NA,NA,NA,NA,NA,NA,NA,NA,NA,NA,NA,NA,NA,NA,NA,NA,NA,NA,NA,NA,NA,NA,NA,NA,NA,NA,NA,NA,NA,NA,NA,NA,NA,NA
AMP,Adenosine monophosphate,NA,18.933599256187257,17.52886154254475,747.7344312904671,580.9583392783733,595.8077777748715,142.4716528732486,159.92285357339827,180.66311918475532,539.5146615144546,678.1239420912201,865.0755982609019,1723.372216799782,1126.2517057989542,676.2852871246467,237.25550416491143,450.8740922332706,401.84617116153055,1645.7669103940057,1717.4386583597966,1513.8237283761257,16.503672198681137,24.851321137755445,6.105605100930332,36.21956993401582,79.14775555758075,19.83075712322963,3025.85226552349,4076.561483918183,2282.843765660472,2270.7831600121403,173.503543902736,75.41904855925651,92.11627492521936,481.2529838396189,578.1183452257279,515.1733464943851,598.4020207336291,1339.7287971160138,669.1593438743311,1363.8381343945612,2017.8891778666632,2164.7430821215603,3896.5390455001598,5755.409384128042,5895.70657010175,1103.6803434335377,1272.3657792682106,1514.1445626492946,1657.8720192481544,730.8954552562516,1081.4730295934846,213.11468932576247,188.79720356413415,186.43578682972148,88.1568245324121,93.96680311616892,248.43999912518817,113.5662582152646,50.40448490248037,579.6558513581954,295.12841655062846,188.3799083323094
Arginine,L-Arginine,4764.576947517151,3953.876438809528,4013.797156105288,937.750679916281,638.8489262870289,717.599078623465,457.4042638153424,457.1362213780712,504.8952100306604,462.3513083270199,648.1837414028297,918.6672841207288,7454.210106602611,4494.872043301447,4064.523292189382,NA,NA,NA,2324.792815923671,3045.5371541701525,1436.6304771670416,NA,NA,NA,255.294823552088,241.24201560613977,178.0286416469159,1475.7745875356109,2125.4499739565044,4825.437079641184,3374.744908678786,1036.300066198042,564.9557302273928,476.1793628253161,968.1916518944912,827.5911742796955,850.911553739668,5279.907715907069,13658.134380239244,5985.656737789134,1737.145191621493,3841.838931411398,3099.493503172907,7495.607088839098,9562.875048840577,8495.712461998439,1184.3599475325625,1274.813646056053,1343.9261125549865,21583.210845403435,15283.991218113337,17991.129782729557,145.80153032551198,163.10064705430298,141.9985732706015,1286.7533452928224,936.0511564356436,NA,NA,NA,4081.334204926081,4076.8906661197216,2130.6759225482488
Argininosuccinate,L-Arginosuccinic acid,NA,NA,NA,9.985530020249758,7.667672729917618,8.081649670172355,NA,1.885715910440094,1.889113667641557,NA,NA,NA,NA,NA,NA,61.400083474132614,127.4925010421772,9.896423482688002,21.459568353379534,NA,NA,NA,NA,NA,NA,NA,NA,9.133875871926213,10.138395374188123,52.56352288297881,29.375102620435708,3.477447798095549,3.7046481074406943,2.6102318041470047,40.43947510164889,42.53966216017929,37.15419002603283,4.4426994041719645,10.338826834655576,4.901426319103503,73.554162198049,114.01827755258562,130.19397883870522,107.47075782489684,152.5361310588807,147.87154070933357,NA,23.311951236411772,NA,118.41022277493788,104.94400449981414,69.45244780725614,0.7279072413424503,0.7638570366338474,NA,0.898229403819802,0.9390627022074908,10.213226818006834,4.013245303198902,4.0331900353937735,1.801272606666961,1.4163308197019104,0.5209860260206051
Arsenobetaine,Arsenobetaine,NA,NA,NA,NA,NA,NA,NA,NA,NA,NA,NA,NA,NA,NA,NA,NA,NA,NA,NA,NA,NA,NA,NA,NA,NA,NA,NA,NA,NA,NA,NA,NA,NA,NA,NA,NA,NA,NA,NA,NA,NA,NA,NA,NA,NA,NA,NA,NA,NA,NA,NA,NA,NA,NA,NA,NA,NA,NA,NA,NA,NA,NA,NA
Asparagine,L-Asparagine,1138.23152282236,998.5853225615416,831.4093134042208,1925.83401398648,1690.7003067997684,1635.954052185473,1468.1550370872328,1370.000715014898,1439.8202463464204,109.52370490437896,137.8727226454988,265.8942825264174,165.1318331633177,107.36634778458644,159.757559470648,1911.6891658601448,3609.526991961039,2202.6685203255256,5906.80282450127,6313.534595799717,6182.117648823137,764.22994429232,744.8950737619155,701.4677940330607,118.43018735943942,103.77954247361956,90.67913426533904,653.8658902892344,1056.9636478186253,40.52858480230617,38.74522593867277,54.142066499544434,65.4472709806078,63.73690676483961,1114.135506578825,1003.4896357652948,979.3096941259172,720.595139182127,2036.5947389917785,1176.4994525887005,2015.5534541242032,3918.8969517046407,3052.1112616137684,16764.181637810718,20530.680538534536,19193.06162661594,NA,NA,NA,1436.264782223446,1357.5888741079434,1078.7595689462598,66.17006735009168,66.00035902094146,70.18242502442243,223.84445595613727,232.68244597083117,862.7667992408908,574.0959618069896,614.8920090098119,1520.108704185542,1390.3532532495124,669.862681471881
Aspartic acid,L-Aspartic acid,3529.934151796851,3470.980902159339,3226.4679691404644,48423.0832593278,41007.43946818575,48683.56276321983,2229.7465891686948,2385.591505864771,2518.652451488116,1157.2626059946451,1316.970838838238,2572.573704972821,3180.197321868056,2227.6619742183275,1585.979832312605,2089.454803089732,5956.353853382877,1883.427247749359,30959.62149419603,32532.55416319518,28732.77864968307,2030.3925085621213,2343.4166386226702,1916.3104905728756,1349.5941262127178,1323.883833832028,1057.386754100097,14367.516271110306,24809.48206648838,59063.95367778188,42792.8438711405,716.7119903966616,537.9021345008297,496.9722438086721,36710.93021505134,34004.2624524309,35059.63930807431,4661.113331501399,10679.112834371275,6071.514298149244,64815.776102085176,86381.80057506004,98992.46733179288,434691.7307709564,551428.8301088825,531445.1823119285,1516.8891461460046,1674.1845810274408,1760.5997869053456,10083.912881371883,8292.704752810909,7537.450842614776,1008.4466768650268,875.619683460527,1096.9069835734902,1375.148850554761,1588.0839895648703,3555.7564376839387,1995.020370231481,2269.9527620490244,11075.06790544138,9461.3101086578,4589.719690260208
b-Alanine,beta-Alanine,NA,NA,NA,NA,NA,NA,NA,NA,NA,NA,NA,NA,49.71120931063659,21.948467622478017,31.021257975282264,NA,NA,NA,2760.7477658631565,2772.7148572821757,2626.5384510983354,NA,NA,NA,NA,NA,NA,NA,NA,NA,NA,NA,NA,NA,NA,NA,NA,104.22182118280824,241.03352601692512,154.2781264956756,NA,NA,NA,NA,NA,NA,NA,NA,NA,NA,NA,NA,222.2009616562176,257.6489035432281,254.36191060018973,50.42472462132797,56.93331428197748,NA,NA,NA,NA,NA,NA
b-Glutamic acid,beta-Glutamic acid,NA,NA,NA,NA,NA,NA,NA,NA,NA,NA,NA,NA,NA,NA,NA,NA,NA,NA,NA,NA,NA,NA,NA,NA,NA,NA,NA,NA,NA,NA,NA,NA,NA,NA,NA,NA,NA,NA,NA,NA,NA,NA,NA,NA,NA,NA,557632.1853802592,667340.6316722421,726608.8376660217,NA,NA,NA,NA,NA,NA,NA,NA,NA,NA,NA,NA,NA,NA
Glycine betaine,Glycine betaine,NA,NA,NA,NA,NA,NA,NA,NA,NA,NA,NA,NA,NA,NA,NA,9265.892546086938,5804.32874230066,10231.111528926996,18441.20451537224,18352.277943692887,18178.781510888984,2521.8124000744456,2502.8077589069953,2862.03869362757,NA,NA,NA,12029.237983538898,12850.346619680353,30955.349925393977,27739.084923113583,NA,85.66411675669039,NA,NA,NA,NA,2601.291331876646,7901.222301028392,3994.0805858356025,NA,NA,NA,NA,NA,NA,NA,NA,NA,NA,NA,NA,1118.829287460513,1206.2399481963544,1438.0219691146508,535.4103013383717,540.5121581319816,826.6034751252533,649.2060636829887,673.1605555405106,3908.60820584623,4749.767746049907,2389.9153127773743
Betonicine,Betonicine,NA,NA,NA,NA,NA,NA,NA,NA,NA,NA,NA,NA,NA,NA,NA,NA,NA,NA,NA,NA,NA,NA,NA,NA,NA,NA,NA,NA,NA,NA,NA,NA,NA,NA,NA,NA,NA,NA,NA,NA,NA,NA,NA,NA,NA,NA,29.2459476321567,31.923300157929436,31.34409984374062,NA,NA,NA,0.47444904956763434,0.5454463885157356,0.5858011371576677,0.21241345985783497,0.25382895396833144,NA,NA,NA,NA,NA,NA
Butyryl-L-carnitine,Butyrylcarnitine,NA,NA,NA,NA,NA,NA,NA,NA,NA,NA,NA,NA,NA,NA,NA,NA,NA,NA,NA,NA,NA,NA,NA,NA,NA,NA,NA,NA,NA,NA,NA,NA,NA,NA,NA,NA,NA,6.593680779290098,16.578851803426893,10.28327105153335,NA,NA,NA,NA,NA,NA,NA,NA,NA,2.606735427440344,1.8655616705764728,1.593777350324277,1.078098884326259,1.1406050156155148,1.346021312897655,0.5511833125757158,0.6057555014210907,1.3148962710481638,1.042585433335659,0.33959417986084195,1.226310541905642,1.0033675362812833,0.5964790981129205
Carnitine,Carnitine,1.411756832481801,1.468996083235807,1.171321668671649,NA,NA,NA,NA,NA,NA,85.25862357543411,109.60453497637673,149.2000584312308,219.4478535692159,110.43541783016698,179.83631015686004,334.9065134404796,322.5378912101796,300.887632542005,NA,NA,NA,227.58862847318855,237.59504532006196,263.0053575947995,169.7018714735088,118.15952279920576,105.16457433703738,NA,NA,NA,NA,NA,NA,NA,NA,NA,NA,24.273008466447525,58.57227063130504,30.148735459334933,NA,NA,NA,NA,NA,NA,NA,NA,NA,39.58607789633016,30.135086933507893,25.076105007017567,127.25060395217706,144.70241764173326,158.5047434762835,6.441841982083274,6.909026866572919,89.31614139497425,61.878093671338064,36.076488604481355,122.38626489779163,120.48851083041929,66.54870680318093
Choline,Choline,109.76838969767996,112.03534839769912,105.24208878585392,NA,NA,NA,NA,NA,NA,81.38993444771837,89.9380188294035,116.21941348478796,50.93930025665091,30.841708153854483,70.75002629619726,144.200818232595,240.49193322527356,100.54338084835922,NA,NA,NA,52.76501897865072,71.53113953315153,59.268379929387685,NA,NA,NA,NA,NA,NA,NA,NA,NA,NA,NA,NA,NA,NA,NA,NA,NA,NA,NA,NA,NA,NA,NA,NA,NA,51.09636647758057,23.97982651920852,44.35487560067635,35.455186530102225,32.85282992034232,104.0981202929134,143.37749785794418,74.1767103088111,NA,NA,NA,NA,NA,NA
Citrulline,Citrulline,NA,NA,NA,2463.452198245735,2174.0136764462527,2045.0302609482983,NA,NA,NA,30.55934566768039,35.75858303123618,59.0435498480675,9.37154109797869,5.860881048511006,NA,NA,256.8344574046,NA,1162.949579646478,1336.130604249451,1274.297904827452,38.591034069691105,48.42191784958521,76.47584645088314,NA,14.63698486553299,12.123481670657156,2105.7430780178065,2592.480916502437,7988.927117046641,7963.839415091909,83.1675477529832,55.171947776694445,38.07089124268913,3602.3869109458715,3381.5967290815715,3286.4376432417102,146.33863429108987,197.21245354711272,132.83121254709673,4217.989594289336,11320.94619802715,11933.620990405632,48423.07262773745,52404.01684624772,52049.292983407126,1256.9671674035546,1539.2952358246528,1680.6060032328978,1164.0621309820558,1145.1972218866536,853.5974407774381,17.085695633188045,16.524300510717055,11.163848232563108,55.51412835452888,58.52649500738991,150.6526935891208,53.20404340470762,55.60452054450137,71.452865545270825,66.30493329802337,30.138794383516423
Creatine,Creatine,NA,NA,NA,NA,NA,NA,NA,NA,NA,NA,NA,NA,NA,NA,NA,NA,NA,NA,NA,NA,NA,NA,NA,NA,NA,NA,NA,NA,NA,1.161437687984645,NA,NA,NA,NA,NA,NA,NA,NA,NA,NA,NA,3.245035793503644,NA,NA,NA,NA,NA,NA,NA,NA,NA,NA,NA,NA,NA,NA,NA,NA,NA,NA,NA,NA,NA
Cystathionine,L-Cystathionine,55.03529020624433,49.07954845037912,25.36853932555172,NA,NA,NA,6.13101705881186,8.93115345466034,9.1688451042336645,16.623799012772395,19.529473660500916,32.782817278706844,28.10339163349559,21.053876275622073,18.265221628096786,NA,NA,NA,NA,NA,NA,NA,NA,NA,27.115148342537555,17.19601538547571,11.894954506157134,NA,NA,NA,NA,NA,NA,NA,NA,NA,NA,90.07067283737437,221.34648021438147,153.4056174673331,NA,NA,NA,67.13621226025954,78.14749168833382,71.6921808680758,NA,NA,NA,NA,NA,NA,NA,NA,NA,4.74800325425989,6.068856966991664,NA,4.445732891123672,4.762907719616225,0.4580498964724668,NA,NA
Cysteic acid,L-Cysteic acid,NA,NA,NA,44.09835024184872,38.41987302850766,37.782186340159186,18.852375847128457,17.263086544387466,18.46747391815953,NA,NA,NA,NA,NA,NA,42.23156502782146,60.744267383788426,137.76402628796967,96.01861209663534,23.6290157169195,60.1107046400064,77.93467183355911,56.99697304230619,58.66586848331008,NA,NA,NA,47.94147470586815,78.07907328626015,8.39944540599657,8.82138598970103,2.1752170155119286,2.97477174467636,1.5989904231599064,38.92112847615307,29.934047934763253,34.27559998598149,582.1091287076111,1557.258253643768,897.1944740639019,74.52481858143766,78.89343033005194,159.64575072110807,296.05708472473026,286.9441959411324,399.00401675715005,NA,NA,NA,2.059319911864121,1.4406992210702214,1.0774868287295485,2.6521779116509703,3.129863403958916,3.23321477938313,0.06350869769077394,0.11486181407505491,20.250010535661083,14.729383888863412,17.34442447345141,NA,NA,NA
Cytidine,Cytidine,44.379785707043254,48.14552429488713,43.63012901907962,NA,NA,NA,NA,NA,NA,88.08614308508436,237.64147589600395,221.4762344308166,43.365173017004096,31.77602494722884,31.280438889552048,NA,NA,NA,NA,NA,NA,NA,NA,NA,147.50512398882785,130.93037258137073,100.21589972409528,59.883393954329534,80.52927439155066,38.81724419425742,NA,NA,12.442098341203438,NA,NA,NA,NA,NA,NA,NA,43.05159834886204,106.55963713278712,81.19150909506367,NA,NA,NA,NA,NA,NA,NA,NA,NA,NA,NA,NA,NA,NA,NA,NA,NA,NA,NA,NA
Cytosine,Cytosine,48.86607217315514,46.23564736161149,37.37442125451719,119.18023947245004,78.61325308906342,117.91257590890204,28.69740401363511,17.770858607365476,25.03589448700588,37.87949240756399,48.352729610608215,75.68035112411165,18.73612515276314,10.00111778088474,22.272355512424735,NA,107.49688827810684,84.16400023537987,NA,108.02392491726464,85.92975905496695,NA,NA,NA,101.93336885879,144.2605848144667,32.284956278808,62.01478392150629,68.32818986782787,177.98892756670435,133.15468310896776,19.413557225246784,14.714697277120576,23.76651299940576,47.30680687909467,62.615995270960845,49.31814892444773,7.1639892357380335,16.44696922485326,8.545524085614211,140.64009945351432,140.90217166954767,126.84221684694812,248.58976990625604,313.9755742413233,245.1532305166799,284.39545961114044,269.7462888742908,198.6578454587632,NA,NA,NA,35.20277227774328,41.85204295775794,34.23508430746058,1.368495284037376,1.668214002363512,6.874337468255584,4.545516277427532,3.2769159138672137,19.190830585531035,12.215360345811993,10.01485290099064
Deoxyadenosine,Deoxyadenosine,3.42475492746685,2.929805064802641,2.645785978652721,4.787846214612047,1.9834689686988949,4.260843673794634,0.673107383799228,NA,NA,NA,NA,NA,0.6808834935538431,0.3025070330366751,0.7808595390090752,2.3910048546478024,NA,NA,NA,2.798982295789801,0.9787261083433618,4.724290939871604,4.794404328644591,6.02586406567012,12.517531914321465,16.446787714211343,10.15285055893874,72.87112222139314,89.2727099009723,36.594466752261326,38.49293370144483,3.807135408712434,6.760639333245952,5.964447566556723,2.3055934349142437,NA,1.0403094979687382,0.29491961897886554,0.571878719527565,0.3210323369808366,12.641235339624822,9.807613946356396,8.329473432727628,14.965403004322786,17.604725865401768,NA,53.291460537731666,54.7962995338401,39.10384626748566,NA,NA,NA,0.00935530833504874,NA,0.01535443639690961,NA,NA,0.15825246986630534,0.08326970558194242,NA,0.8580999022380408,NA,0.3830090344364393
Dexpanthenol,Dexpanthenol,NA,NA,NA,NA,NA,NA,NA,NA,NA,NA,NA,NA,NA,NA,NA,NA,NA,NA,NA,NA,NA,NA,NA,NA,NA,NA,NA,NA,NA,NA,NA,NA,NA,NA,NA,NA,NA,NA,11.865918184540586,NA,NA,NA,NA,NA,NA,NA,NA,NA,NA,NA,NA,NA,NA,NA,NA,NA,NA,NA,NA,NA,NA,NA,NA
DHPS,"(R)-2,3-Dihydroxypropane-1-sulfonate",NA,7.124952561835731,4.048936061582994,NA,NA,NA,NA,NA,NA,NA,NA,248.5146590664326,17.970738057239576,10.084980806211131,1.023077928268179,15059.0366702911,NA,20192.162511206145,NA,NA,NA,32996.1821504063,33640.877998296695,19482.32530450992,NA,NA,6.8028836901909395,NA,NA,NA,NA,NA,NA,NA,NA,NA,NA,15349.883298920437,45747.28160576802,27568.72810672802,NA,NA,NA,NA,NA,NA,NA,NA,NA,14800.298986493268,13235.12143511288,11125.916168795577,126.22743557643466,140.62858316757914,152.32856693913746,4231.335755663973,4886.4088631249415,18001.940305795615,13087.611291565036,14721.353159445543,13374.070664205625,17653.587646275806,9990.12970437408
DMS-Ac,Dimethylsulfonioacetate,0.14817548470267708,0.13114115865005568,0.1258222089536311,NA,NA,NA,NA,NA,NA,NA,NA,NA,NA,NA,NA,3.7185660899351327,1.6548732563911803,4.104496430135258,NA,5.85963107058693,0.4724426996434624,1.1784751460770757,1.1257530679590733,1.2667494465941764,0.14192488673252077,0.10967617986545414,0.152261880822845,NA,NA,NA,NA,NA,NA,NA,NA,NA,NA,5.3800594345218435,15.535351211060696,9.97089347686084,NA,NA,NA,NA,NA,NA,NA,NA,NA,NA,NA,NA,0.1606956417401591,0.18354381253015287,0.1731028096760486,0.00885815713135628,0.00903626162803616,0.09108748936502306,0.06549058332106132,0.07464878073951217,0.14780425161686866,0.16000319473051197,0.08633774281631476
DMSP,Dimethylsulfoniopropionate,19673.621725073543,29524.72740237097,16629.787975495827,NA,NA,NA,6954.151864130806,6569.832138553185,7204.692444689748,23281.27542881965,22046.89099469286,38307.67579028501,669.0349241456092,494.1816316622497,372.15625650059906,41302.572842051384,41005.785651791586,42284.3941977814,30795.9423075609,29795.926704057703,31186.74896052037,34073.811121313534,34550.10102298485,41853.436610800214,40555.34423571565,25355.557109308673,24173.105918034064,NA,NA,NA,NA,NA,1.3102497317944215,NA,NA,NA,NA,3630.4588844152,10422.046841456966,5008.182500129289,NA,NA,NA,NA,NA,NA,NA,NA,NA,0.2345268279986465,NA,NA,188.07143636380863,186.9460379884116,208.56745223944537,215.27157193723895,188.54291765006917,109.8094496125562,85.77749367618483,69.42778356508576,978.3847427368252,904.6350639348168,528.0487362710714
Ectoine,Ectoine,NA,NA,NA,NA,NA,NA,NA,NA,NA,NA,NA,NA,NA,NA,NA,8.270019367546931,4.584561590650431,6.516959033272154,NA,NA,NA,NA,NA,NA,NA,NA,NA,0.25510490696946286,0.36967253525045174,0.8394125111079781,NA,NA,NA,NA,NA,NA,NA,0.5310407629183622,1.3816721679261754,0.75806979295904,NA,NA,0.9017223210662704,NA,NA,NA,NA,NA,NA,NA,NA,NA,NA,NA,NA,NA,NA,NA,NA,NA,NA,NA,NA
Gluconic acid,D-Gluconic acid,NA,NA,NA,NA,NA,NA,NA,NA,NA,NA,NA,452.6052752792294,626.8047758990516,318.6774143060115,314.695294696838,NA,NA,NA,253.90798365427105,302.33036755488666,225.27212668334903,NA,NA,NA,NA,NA,NA,105.49564251139044,44.12158491961283,NA,NA,NA,NA,NA,NA,NA,NA,NA,NA,NA,NA,NA,NA,NA,NA,NA,NA,NA,NA,NA,NA,NA,NA,346.0834499253716,NA,NA,NA,NA,95.07722218189872,99.69632504712662,NA,NA,NA
Glucosylglycerol,2-O-alpha-D-Glucosylglycerol,NA,NA,NA,152.64191109321487,141.38584651416426,159.13794854018718,NA,NA,NA,NA,NA,NA,NA,NA,312.5797295093232,9170.625772477726,9728.352683407338,4657.140929824906,NA,NA,NA,384.8272134631738,613.5148433299015,NA,NA,NA,NA,242487.80349748905,286201.02720892895,412012.4719344335,384425.3612699943,51.62809007924502,NA,NA,545.1619489610599,522.0512932604486,NA,583.6430643100533,1038.147177312612,1046.1203217336242,7967.364142428419,9087.650749959448,9218.903696604915,2135.1215745937525,1914.6098402836124,3146.5215182629804,NA,NA,NA,3634.953581619531,NA,1740.9535097874668,NA,5065.501931601768,NA,67.94754404117887,753.1184779173518,253.6373919743712,225.79702806947736,26.78346451738927,808.6061609461542,108.41052909669357,153.0007742767037
Glutamic acid,L-Glutamic acid,8347.18333947872,8408.267804171464,6715.984648612057,214289.78893805295,187604.93656746604,212542.2596499819,18480.331066863644,18977.265110654866,18959.287226799912,6131.978037868613,7430.867287011269,11212.427862875318,9589.450017793772,6247.974506070674,5456.560781701529,18153.983875514015,38161.40995115362,22488.889437022175,197539.76916675945,197552.9167426287,196983.66600405256,25195.836977457955,24771.10980169674,24012.825474131405,15003.119952233968,13948.621204457628,10910.765517974049,323022.079578963,432737.97557588585,993266.9747381906,863212.1991589661,37834.83894367097,34466.981621599385,31156.729567075698,206260.27434294648,194299.54480327808,198586.23393211493,15020.205012751954,39519.071037747606,22766.632051663382,1359029.983559826,1697065.500833223,1679317.140578422,1274211.2630164905,1567126.0997394088,1562332.6173166223,39502.62722146947,NA,53876.702906838895,25318.68781970397,22259.254859917994,18675.49265306728,4128.863531561892,4397.406894454707,4928.795665238455,5812.331967166551,6235.598352489398,20125.045935857954,13436.787381227245,14276.35232651362,27008.563467262054,19520.08260224405,10247.818881834122
Glutamine,L-Glutamine,4565.47954085756,3888.976700246532,3073.492756536726,10549.372202233624,7639.767553523417,6840.237186588385,7544.914107440921,7255.8246068619055,6908.83335682306,739.2908351842393,840.4879210737442,1501.0472192671757,666.2657175225384,387.3431601693795,1339.472587880222,8350.341063217782,9880.844572712022,10421.185392335705,4769.708894985639,3564.9174498563893,3206.561259964299,2508.4264288580284,2613.9366572645545,2321.310579000324,1426.2163174880852,991.110023815804,755.2931910261776,3974.66554996114,6296.66365838603,83191.1709342225,46408.1792137044,139.48300987708635,142.86194068453594,145.18324060020134,5325.022633778503,4687.741248163674,4241.275826894949,5124.756268979312,12508.517598553788,6996.60289668176,9682.29703693111,29035.712463437132,17202.048330646157,116039.32961697094,106596.0007168961,89844.8045993661,15187.91368310889,16922.2777853027,17304.49971839868,7634.757083187304,6040.578953222247,6096.135676333679,175.21714789566906,190.6501678603786,166.5029647185654,1593.9902551414216,1593.7928088089882,12403.060754108386,8201.954966079003,7911.507277519346,5976.374221227837,3864.915058082435,1841.9740650396163
GSSG,Glutathione disulfide,540.5680049832462,420.4958836868853,333.1744063207922,873.4948204321693,1021.0491091234182,669.3016781749768,533.779914436446,403.8823385306821,271.9104370281932,79.25253542385659,NA,103.07750354683807,403.11888505286174,245.73403331714823,269.66255860978686,629.3120873239429,438.6715757424282,1025.553587263371,2706.265897080549,1948.6873906188157,2905.662416357518,892.8726469906883,1213.0181162656136,826.7586059475132,537.3998323515052,343.0627613791552,218.75750374979967,13804.402481865827,15288.343727284937,16668.73238376186,10895.70471377898,701.1756865546587,925.0001383186984,672.2606650619305,NA,NA,NA,1537.349765812673,3922.3637546906302,2363.705502915206,17992.15098469108,25806.777488219268,18516.451460675227,10090.89248608636,12383.775306427153,NA,NA,NA,NA,2231.0179211527875,1978.2437654776377,1146.7317806731387,22.582158933803587,18.294655709217658,29.05160851322111,208.3720690370879,196.1396459293071,93.84706276249972,143.4067042241061,300.4498468560035,1912.0005112650356,1353.962280555486,738.4404891814143
GPP,Glycerophosphocholine,192.53303796100676,177.03755837324718,139.67237981435574,NA,NA,NA,NA,NA,NA,1.940844366646525,NA,NA,NA,6.263705709843222,NA,17.25768219824783,49.77558418902023,20.755020330279812,NA,NA,NA,107.15600879957697,114.50384179237784,104.91644374704993,139.14320050410066,130.07455326733688,89.27103031906596,NA,NA,NA,NA,NA,0.04125140835186228,0.07296969593032043,1.7658261558407526,NA,NA,1960.7646118983012,5323.47714204314,3394.891640993256,NA,1.1838485508707002,1.4987520990707603,NA,NA,NA,NA,NA,NA,2670.829192540265,1340.7159310031016,1369.1750874918189,2939.6706340825585,2903.4995284929764,2729.6123902585387,41.25426718837228,172.42692626013618,135.5118083590553,63.48214348948467,39.509062230690176,679.1214974293366,279.66106512285313,189.59962398554177
Gonyol,Gonyol,176301.40465237031,183943.2224045413,154972.20903872338,NA,NA,NA,NA,NA,NA,81517.10358428863,95498.2112383406,129979.12243114757,169035.12653001785,97874.78921171615,196600.96196401675,38012.07566089705,61727.56383250513,36818.129668999296,NA,NA,NA,23508.963421107648,25555.291621299973,23915.24338315445,176287.94830284838,175177.60001839136,108231.39245139423,NA,NA,NA,NA,NA,NA,NA,NA,NA,NA,18.72171082493951,52.94154878329894,31.230767589269036,NA,NA,NA,NA,NA,NA,NA,NA,NA,NA,NA,NA,NA,NA,NA,NA,NA,NA,NA,NA,NA,NA,NA
Guanine,Guanine,28375.18728360012,35656.976328792225,24244.60339342312,850.861542044933,485.00147410422915,652.9006595612723,180.12857893056432,109.2827556685946,145.94276125727865,31033.36692776844,52198.14864455174,72132.74864345297,3567.4580069197063,2239.321464117853,4423.972729133109,NA,NA,NA,119.83447459527048,283.4294837223557,221.96797579257353,417.49625514485115,418.83512808379675,594.4391967318352,4010.728551045217,5610.203197009885,2817.8326735872743,52.62841273717145,67.03813060794262,1140.3710203808596,716.2184909278914,108.88352974435278,66.57689677679659,116.54879396041588,310.1195188648209,300.11151642530325,268.6064965972633,56.19357635569536,118.59055141677132,66.43779366420377,839.7729652938988,836.3868636606843,875.8368577608957,1277.0791995106051,1494.0816011310735,1163.7290628048586,3118.094429130138,3097.2369767593113,2430.532569621116,23.78639544883363,30.446609662734417,9.853239680022,15.86269918144625,15.105991088977795,25.68457319147104,NA,1.6681722459639703,36.63213139241444,22.58491339391192,10.598608801431732,148.36269432261716,47.16978260918325,63.716431525737846
Guanosine,Guanosine,278.6012377672309,270.9977307379606,238.02989047067027,12.985878505931977,4.837169820625342,13.12291464575014,99.69894180118176,115.55431535065816,132.84840666103102,12.017508130201705,19.225026105625098,26.244603353252117,227.09332547666463,101.48811143664832,95.47839534506268,262.9235140751019,111.4984607735336,165.53779021078168,159.95864114602352,188.56247955005912,188.21241311846143,174.62748466155475,201.45889492792676,180.44607549435253,304.3895325431776,233.1750679266,194.9792823525607,345.96161874520993,402.1506883381738,163.79136270200485,257.72846524991127,5.883316145380476,7.292865949552497,7.305824289903745,9.516381104680669,15.626727819022808,11.434807663924426,38.58979857598984,74.87105960311696,45.671226887925435,49.47125928509255,73.62060908024343,69.04096165830879,35.05730136072251,39.8254752821433,35.35782036756677,194.91785427453416,209.4635903261353,157.42901010368635,75.72128885837621,58.471466757580586,104.96745541025876,6.564472169946929,8.057831722354452,7.53958320558782,3.824651216305395,2.564061488083754,61.03547362680358,36.02247371246415,40.70452093020753,12.01974899778318,16.6513523478338,8.407253539207025
Histidine,L-Histidine,NA,NA,NA,NA,NA,NA,NA,NA,NA,95.29787351627968,234.8253034052117,353.2294782975533,29.096404080449393,20.46020016231253,32.636340493462846,NA,NA,NA,1278.204276430391,1419.338230406752,1562.0545772478515,NA,NA,NA,NA,NA,NA,320.0666153231375,532.5412341418587,709.4391167787456,529.7604043993592,44.08604339772287,54.859325903625574,55.12231677565951,NA,NA,NA,187.55190311508352,463.83462221588127,272.5006683139208,662.2313973436695,1789.136780481458,1906.5926585668635,NA,NA,NA,NA,NA,NA,158.23232545514205,136.5198123567342,140.37210661171673,455.0266970338931,530.0417957603097,442.5577719782688,143.76577363254495,129.96937528456374,302.90209032636625,108.50190002076124,125.81020444695022,119.63587607050871,89.9499405045404,46.59549915682169
Homarine,Homarine,NA,NA,NA,NA,NA,NA,NA,NA,NA,NA,NA,NA,0.5874497918115029,0.33272504781514617,0.44998568161765784,NA,NA,NA,NA,NA,NA,135.03036238243675,154.92814791698237,172.25208952374575,1.1453181006078204,0.7745260017284371,0.5448725872344747,159.32995815330014,194.85767696839363,18309.83690222792,17153.714352757415,NA,NA,NA,NA,NA,NA,816.1382131345945,2296.101682795314,1249.0583466778792,NA,NA,NA,NA,NA,NA,NA,NA,NA,NA,NA,NA,106.8112469353111,109.94102375338676,144.77494966292758,NA,NA,24.056321792164265,19.30272989686824,22.4782835346174,556.9817956853805,438.7012271345253,264.31443910693463
Homoserine,L-Homoserine,168.65796454326045,156.84532456084338,NA,NA,NA,NA,NA,NA,NA,38.04882391783608,50.885844595499385,113.35923138862724,14.618215789124292,8.873151302647903,35.885324710060196,657.3980671877495,703.4806452437537,859.5744132808469,NA,NA,370.68032321424994,130.1406059545606,124.89026789882206,236.39610946458043,142.04584204995848,125.93059174024432,93.6206684795396,1211.1719743627966,1761.557811458767,3521.500829580399,2684.2151530763504,NA,13.968781563287331,NA,313.6136520491698,262.49295917980675,296.80164412094257,1586.2561256415922,2169.9672507322875,1454.010451429808,737.1726928565361,1021.1193190071692,1285.92840716535,1069.0062749084748,1587.712626291666,1633.5416607438997,1568.5815634885105,1710.7995323913171,1792.6626283542018,48.05506489062256,42.743485149156136,21.29831230536439,57.502590074626646,52.0375539585069,31.192162419357267,NA,NA,254.32397521864164,181.49836237485752,232.9719494235247,NA,39.66013006516306,NA
Inosine,Inosine,277.07566876319737,225.8322717153382,235.13098847959543,NA,NA,NA,NA,NA,1.100882655588972,NA,NA,NA,66.22928281920511,38.012867507458346,24.74547149650607,55.26910126006619,52.20515103239175,NA,NA,NA,NA,NA,NA,NA,107.42887596167832,94.47335428395296,90.3889529708788,NA,NA,NA,NA,NA,NA,NA,NA,NA,NA,1.21768609301491,2.9134754367133366,1.2324258648497464,NA,NA,NA,NA,NA,NA,NA,NA,NA,NA,NA,4.168348727381162,2.514464194689757,2.8221556818210045,4.024258641080197,0.3477435750059226,0.34764821574515725,NA,NA,NA,NA,NA,NA
Isethionic acid,Isethionic acid,NA,NA,NA,NA,NA,NA,795.3652932411721,1097.273916857832,1191.3983431407764,NA,NA,NA,NA,NA,NA,NA,NA,NA,NA,NA,NA,NA,NA,NA,NA,NA,NA,NA,NA,NA,NA,NA,NA,NA,NA,NA,NA,4578.319328589777,11280.42207685746,7082.56717827025,NA,NA,NA,NA,NA,NA,NA,NA,NA,0.35527111098293496,0.20498746478180743,0.5808897997604676,15140.14111230298,15606.86539020495,18727.399644330668,0.05229564621448764,0.05547304037707196,NA,NA,NA,0.40721203761297226,0.6033706704536375,0.30845795519703745
Kynurenine,L-Kynurenine,NA,NA,NA,NA,NA,NA,NA,NA,NA,NA,NA,NA,NA,NA,NA,NA,NA,NA,NA,NA,NA,NA,NA,NA,NA,NA,NA,NA,NA,NA,NA,NA,NA,NA,NA,NA,NA,0.4183436753600456,1.343336161833805,0.6889884697957435,NA,NA,NA,NA,NA,NA,NA,NA,NA,0.41642854032962273,0.35048092816410586,NA,4.320768080848854,3.6263693759810782,4.091866567381663,NA,NA,0.4021231532516786,0.37039087109811664,1.099319041387655,NA,1.0187902079956397,NA
Pidolic acid,5-Oxoproline,NA,NA,NA,NA,NA,NA,NA,NA,NA,NA,NA,NA,188.60219988816647,325.99601273140377,228.16117241829593,NA,NA,NA,NA,NA,NA,NA,NA,NA,NA,NA,NA,60.844632792084184,71.73735970073541,877.2592159679998,750.8247127300147,56.04624901420273,52.6659490578534,106.01081181378322,NA,NA,NA,193.42420855181507,531.9083119334663,298.6432606073761,721.8272553771246,903.8508011956794,884.3842023731625,NA,NA,NA,NA,NA,NA,5354.76452412749,4121.717703622128,4304.251925581585,NA,NA,NA,NA,NA,414.4040203670232,261.0599660645894,139.63608479967831,1147.1988397047255,1440.2651414506322,656.9707018545249
Leucine,L-Leucine,NA,NA,NA,NA,NA,NA,NA,NA,NA,NA,NA,NA,3117.0240012527465,1880.5051587569624,2610.490798250325,NA,NA,NA,NA,NA,NA,NA,NA,NA,NA,NA,NA,NA,NA,NA,NA,NA,NA,NA,NA,NA,NA,NA,NA,NA,NA,NA,NA,NA,NA,NA,NA,NA,NA,NA,1246.8346878830246,NA,NA,NA,NA,NA,NA,NA,NA,NA,NA,NA,NA
Lysine,L-Lysine,573.56024208224,504.5760579616938,434.3696901306832,NA,451.08997748363765,705.693293295531,528.0435329668837,519.3724953050131,606.8019953556112,NA,NA,NA,370.5659988834986,197.82880278613055,302.5700223435586,2811.234141555286,4364.364250561895,3832.355698522578,3229.284572593334,3925.451894967192,NA,1050.8221766796462,1174.7126923516803,1416.0245556293685,288.29869680920876,230.8689279390219,157.24086002074554,2798.8185301085305,3872.294916373157,1455.562334933201,1478.2863622364664,474.05588743306066,866.9769779539454,878.7426896395419,793.2252673356494,744.0338959098225,755.8071112732274,5042.6103132687485,8451.988026275147,6760.261460239355,NA,3242.3171065671613,3217.504313919344,3703.4541834566658,4919.750881108942,3805.7838129067186,NA,NA,NA,2104.0921434935412,1730.8140921167872,1661.91150330994,2312.871593783745,2765.8930577130545,2138.216643036292,1533.4269512288663,1387.4298901694808,10989.458110680953,6017.290505751002,6442.846544490701,928.8530771818992,682.978722434709,397.8982221438369
Malic acid,Malic acid,NA,NA,NA,NA,NA,NA,NA,NA,NA,NA,NA,NA,NA,NA,NA,NA,728.4216337687825,420.08282940084223,16407.33327671769,16403.26055616472,17462.592332208085,NA,NA,NA,NA,NA,NA,NA,NA,NA,NA,NA,NA,NA,NA,NA,NA,247.61591411380928,634.4876862079481,362.20782241523415,NA,NA,NA,NA,NA,NA,NA,NA,NA,359.83774229247916,282.7832709321687,226.4746911441301,132.79136520590333,99.38456259030283,154.4669630158512,45.300879820967346,43.43509998382582,450.0572647586274,186.24650086850176,232.42477973484011,NA,NA,NA
Methionine,L-Methionine,34.07208266018349,27.689594383881815,25.870475095403535,12.862917215299465,12.15430527723982,11.928323425013817,134.03600667104473,165.41712630869597,141.59941193730427,55.74617040745178,28.49877210875819,52.635680295646736,240.4884771055067,159.5841441582403,161.32370205376887,90.19338185405472,90.74582268455129,104.69428331765924,248.1386848300043,267.6826685321701,244.18633660072405,53.10282563104968,73.10788734607019,75.51741714572009,77.65768323197416,70.13135393461233,38.63172469969279,105.76087579264792,177.0925677967604,404.0170615766711,386.2717297333606,19.56029782038583,25.65677752916762,21.865965556679814,29.094173386721337,19.03600822369554,34.745632580868396,2941.616364484167,7096.223708202567,4325.585076569137,55.34614740289324,59.6958072976497,94.8451700396338,113.08775887485076,145.6576599606561,155.18629987507418,4.295513204283717,NA,NA,509.2202741657856,388.33700619269496,475.72369441462627,67.61554256384376,95.25467070187952,90.51526719069778,9.27470852400424,7.252273412816909,1615.6430763549388,1135.893176385246,1207.4810202096933,957.0091927244172,847.8579954886242,490.8685831115168
Methionine sulfoxide,L-Methionine S-oxide,NA,NA,NA,NA,NA,NA,NA,NA,NA,NA,NA,NA,3.973776599190419,2.138574013789908,13.268994332017474,116.11060041015548,284.3615962184388,12.488460727216047,195.2580679774612,152.1054969853585,152.98872768197052,53.75773993154277,NA,55.2455882524897,NA,NA,NA,11.073227518589006,14.041937297656691,166.01095138491922,70.69241705070743,5.356338645751655,7.11561611366603,5.174656256194189,NA,NA,NA,21.37449930317724,59.00299850802033,5.945370611410682,123.05769981151396,197.55882972594193,220.9930303193068,NA,NA,NA,NA,NA,NA,162.601397441821,168.50148588617807,14.937663006364122,854.2531915952434,841.4664484907139,587.2405378179056,0.6152015204228181,5.073623254637583,401.8776936755235,143.75828550774304,151.31567221826356,49.84418218950356,69.12448154969508,0.615181115133141
MTA,Methylthioadenosine,1.1830974546179824,2.0383805002835125,1.9853912296369056,3.105091078731692,2.1077829371472485,2.4969069525102308,2.445791042201191,3.1097036273653735,3.0687225249118915,2.602672544170429,2.1453870866733804,3.0259969918748415,5.482775916956216,4.607115502324277,4.308871834176119,81.67450626209035,64.92438952097751,102.55501903484014,12.04551812409396,13.1594629448714,11.8612710246586,101.68294161884108,137.33856695917507,131.8856919699532,4.673931845291982,4.425137276636377,3.139006736070513,605.6263171417254,326.2046266140004,1727.8129555403686,1321.594932427936,72.81720521768115,95.93095613626748,100.99259414095624,6.46780690041053,8.502950179673165,5.223422908009764,210.77517833528955,676.7114271155933,378.3386017873589,696.8662136041348,557.5129036150192,607.5025838300878,12.906775210855605,15.396391341002158,14.728562943058073,41.025244269765714,49.299209650942885,56.7391993503997,164.3600127873056,71.75120537297278,36.22347645622736,22.680231217102417,25.297212317376697,29.977918901393732,14.555419064995512,29.283151622725125,60.70681142976823,34.08309078273505,9.828415690692108,173.6190276398214,150.6393211765916,92.54723832146826
N-acetyltaurine,N-Acetyltaurine,NA,NA,0.4431055381667423,NA,NA,NA,NA,1.0538382805900908,1.0893405612277771,NA,NA,NA,NA,NA,NA,NA,NA,NA,1087.3113902960986,1060.0259363153675,1056.6077264845133,NA,NA,NA,NA,NA,NA,NA,NA,NA,NA,NA,NA,NA,NA,NA,NA,NA,NA,NA,NA,NA,NA,NA,NA,NA,NA,NA,NA,NA,NA,NA,4.6198157088909335,4.82431312791115,4.600189022210462,NA,NA,NA,NA,NA,NA,NA,NA
N(e)-Acetyl-Lysine,N6-Acetyl-L-lysine,NA,NA,NA,9.526464566085544,NA,9.822700279154589,NA,NA,NA,NA,NA,NA,NA,NA,NA,NA,NA,NA,NA,NA,NA,2.044432342538101,NA,NA,NA,NA,NA,NA,NA,NA,NA,54854.81785828168,39582.342483904875,50467.5994642077,5.935083699250537,5.785396667260262,NA,3.5060668804483544,6.0675816157651585,4.18944954317111,NA,77.73746855296775,NA,NA,58.355030022202925,52.56114081890835,NA,NA,NA,5.196379525800416,3.369881733003675,5.473120121965661,55.67265167623415,68.94996858734976,52.629063061570456,2.1142222683463054,0.950564628810438,1.4272707610471138,0.7711539135608537,0.6926213985881291,5.206749235757627,4.886096211089391,1.9863741818286629
"NAD","NAD",NA,NA,NA,170.9568902891006,156.1468307277133,142.34590477663178,241.2282318159061,276.7876805490984,284.2993123468092,32.3040515983983,33.12662500609616,NA,NA,NA,NA,59.10867172329903,400.69268119298306,180.10122575878316,640.8499734944841,748.8249011978551,794.1249114816012,22.804407207431073,58.02731394509063,19.243110671582432,NA,NA,NA,56.87880172552911,42.54580680580723,1776.245007784396,1298.406118630154,65.19675521755278,87.1910684635882,75.95378718380533,489.5281139536422,379.236221454691,438.847580930794,179.4713032180218,533.8563414217326,267.2350505738011,2414.8219264006943,2745.0321121206966,2663.7611096877094,1814.9094102855631,1968.9054361406556,1960.1611184906355,NA,NA,NA,247.5125316207705,266.86603875101156,197.40289915562207,1.4347450118598892,5.0602820927472605,2.3717062037172205,28.140673511936946,15.410929096834172,75.80427411138209,53.58528032620402,54.90791200817819,236.06666262755505,196.168540977003,105.7873271537122
Ornithine,L-Ornithine,809.6171323683214,799.4930246948617,581.7396510080258,NA,NA,NA,NA,NA,NA,109.40357779572186,NA,241.786236153416,48.49278886748466,28.791853533491327,43.72665615168947,NA,NA,NA,NA,NA,NA,NA,NA,NA,159.1000754029709,110.70751443015467,96.96412709339997,221.75535174555492,246.66313623463495,282.08673764828717,239.4925360737553,64.23498956004661,57.63964217714045,52.68124225641865,NA,NA,NA,6592.424599955815,12945.070962740652,9477.358001344735,1090.0629937086403,2065.308427843741,2414.7212859773117,NA,NA,NA,NA,NA,NA,23674.64218325128,17921.667427013395,16327.585921662503,NA,101.47712803466156,NA,5207.3745666003815,4406.947157770383,63582.64332850849,44194.24474438158,43072.888067908534,1087.5986412889326,834.4953574768457,374.27269077976786
Phenylalanine,L-Phenylalanine,28.238611121854746,23.727108605549983,23.84082185849523,28.981789970426767,23.022520404890955,25.040829479002134,90.66380282953972,49.933849656497145,46.1092764544584,129.217504467703,202.42249217068783,238.83038456734812,118.8853200513299,62.51267501538232,91.42270158794072,123.1671391594946,103.2181953962874,104.13392235326408,353.2040926899745,271.61602643653947,370.2047208040784,51.75769379593221,55.285262252246206,57.1883552316164,42.71213209827564,35.24237412585462,23.73825128286942,293.14197477934977,170.39158790569778,252.2079270703797,206.83014400760655,26.062699324565088,50.39478384449815,45.52554139281475,17.722563833932092,15.626384139070508,NA,90.37641686815984,212.37779919375456,118.0110802702742,173.77199227191963,268.32825094145767,207.96189412599432,217.87333704683513,249.64051209001724,268.777149079759,280.2921982221079,316.0233361112128,334.07788315227634,181.04572907118563,170.5358960739875,143.56093255299294,393.23603994577707,419.6372203512045,355.32338934766597,12.392914056827689,11.727750524725572,92.46894259975366,62.63917309001877,89.38880043727175,131.3087661877313,125.12638792454746,70.99704947592923
Proline,L-Proline,286.3374168340815,311.6958945309546,325.8044560731206,272.1382730461568,208.99532889507796,253.800093378537,1956.8619799176647,2156.8287274191925,1917.8313892129984,34.02356881444428,31.627427809925237,58.84848639580575,146.85740440565763,68.57387486909451,150.6658361522965,135.97445166043724,131.68714934085236,151.2075860206489,67995.66788224384,64662.73210889744,65810.30897642464,151.45602119506194,152.657312492784,150.28686182373454,114.4391314613034,78.94176332989132,69.62813472853912,1166.6818404638668,1503.2990489452056,1130.321039186733,944.5673414015464,38.588234577420465,32.107429433458165,34.815075989001286,141.98409221800802,128.63318944196996,136.02742642484216,609.8543163469844,1471.3461851493446,824.4128027752753,374.9033375403295,621.8790935235689,542.8769312448962,1024.5514197742057,1221.2903578137584,1122.8722063370224,2205.808324038625,2394.2318205304023,2604.9797425354463,25578.75999173656,22404.836288604303,18596.557156247556,27.48858288735174,34.00903420036437,33.657433833850824,825.754729941987,806.0205256056422,205.5002532550848,149.3880287640514,175.91488302561785,3796.479032587762,2900.8000466081335,1581.123880652404
O-Propionylcarnitine,O-Propionylcarnitine,NA,NA,NA,NA,NA,NA,NA,NA,NA,NA,NA,NA,NA,NA,NA,NA,4.578998578206189,7.803844694082566,NA,NA,NA,NA,NA,NA,18.57957482960539,13.668276989361004,12.484526528053532,NA,NA,NA,NA,NA,NA,NA,NA,NA,NA,13.478412018497094,62.96250711260088,45.61799259540851,NA,NA,NA,NA,NA,NA,NA,NA,NA,0.8662247334040742,0.7914474845850743,0.6889573138679469,2.40597467595142,2.8037474246180536,2.5486988760593845,2.725424146886442,2.429952432727018,8.307524794089494,5.302779403330214,2.323108247839588,6.518218839593731,4.033264311813513,2.560115958458723
Sarcosine,Sarcosine,NA,NA,NA,NA,NA,NA,NA,NA,NA,NA,NA,NA,NA,NA,NA,146.32886074133856,615.4660378556831,165.17383140803813,NA,NA,NA,NA,NA,NA,NA,NA,NA,NA,288.2293961307079,1037.8235779591485,797.6541582191934,NA,4.163019523489162,10.388595113337487,4925.758944212881,5353.327018849925,4670.592923288868,29.292784713319588,76.06208738491517,40.226734585518145,NA,NA,NA,18117.896214929937,24440.981440020365,21501.944811727903,NA,NA,NA,NA,NA,NA,32.599447975263935,31.41951215175302,38.90128726040319,134.53783391257565,157.34824118066953,NA,7.791300554756067,14.828581892261628,76.591816772472,76.90267211284899,31.21299842311924
Serine,L-Serine,NA,NA,NA,NA,NA,NA,2680.8050645304106,2555.321011114295,2309.6452588307984,192.2101069619572,495.195665524636,825.432127421732,388.63430022928594,259.8917793652082,228.7833345433365,1424.6795613951178,3339.060499021311,1967.534359742992,11270.28078186928,11844.141558982075,11779.17717119849,775.3211755973824,792.6431135394143,1053.588404585074,253.91649237601996,257.55465677758167,206.80569257377573,14437.516975205164,15548.25297117724,13920.196905169145,9698.119397607126,533.4006278488478,707.4505566028919,541.2263955706302,4709.218798474594,4369.64711734977,4299.884284123516,1448.1882532521545,3670.763032771619,2477.443981056254,13933.624660551446,17575.398870226098,16583.609431118137,11768.715277075467,12948.689741381424,12734.369720219223,NA,NA,NA,1931.795446366304,1241.553213145298,1305.625581054366,179.00173435170302,159.1332130629801,231.6243112547712,242.17840012247024,192.3728071324347,2785.4669111693693,1861.459124285734,1716.3344998964103,1193.1984480773535,818.6260127197772,384.3589912243343
Proline betaine,Proline betaine,6.953105866660547,7.013675928098585,5.86465129989943,NA,NA,NA,NA,NA,NA,NA,NA,NA,63.1642689945007,36.347721773937,51.18727540363592,14.89456460266565,14.185845670444005,18.918653945642504,NA,NA,NA,14.834448149836836,16.41793970741517,17.0029325900007,14.908014859496816,13.189426229531856,9.497006471617429,NA,NA,NA,NA,1.26407164106841,1.4013832846785574,1.5905175994601377,NA,NA,NA,1.3571850242155004,3.5610261535029992,2.1018647838812297,NA,NA,NA,NA,NA,NA,NA,NA,NA,NA,NA,NA,NA,0.3933625375861312,NA,0.11102132854954257,0.1058596464985493,0.5597605739228919,0.4161128199294754,0.4035276158212797,2.091779788131628,1.9699153857481395,1.077869329154069
Sucrose,Sucrose,NA,NA,NA,14951.892890669707,12264.691002803293,18827.13647997912,NA,NA,NA,NA,NA,NA,NA,NA,NA,NA,NA,NA,5827.478125661576,5792.004718918584,5709.8819134877385,NA,NA,NA,NA,NA,NA,34003.574361460625,45259.57440380843,NA,NA,NA,NA,NA,28464.926433190183,27863.868194739294,28730.242628728534,NA,NA,NA,18959.136662294095,27151.271616259037,24894.21992166493,143459.4564906406,162664.7632481931,178183.7723965312,NA,NA,NA,82.27800624374035,80.95641499432803,58.85197078732241,406.8378082912526,425.8930845197467,390.3958337786396,13.112991283646624,13.947749433202098,NA,NA,NA,NA,NA,NA
Sulfolactic acid,Sulfolactic acid,NA,NA,NA,NA,NA,NA,NA,NA,NA,NA,169.2972628761825,NA,191.67427029844788,102.67172738244506,110.3166911656976,NA,NA,NA,NA,NA,NA,NA,458.51853195870814,NA,NA,NA,NA,96.97862558754387,NA,NA,NA,316.6523087338817,621.7078541049458,395.4980061080392,NA,NA,NA,25.88185332914664,NA,90.88402929916391,NA,NA,NA,NA,NA,NA,5831.970395524389,NA,NA,NA,NA,NA,167.3775147464867,192.2793461705546,28.846887652644092,NA,NA,1575.160655152664,NA,25.294500823234728,NA,NA,NA
Sulfurol,5-(2-Hydroxyethyl)-4-methylthiazole,NA,NA,NA,NA,NA,NA,NA,NA,NA,NA,NA,NA,NA,NA,NA,NA,NA,NA,NA,NA,NA,NA,NA,NA,NA,NA,NA,NA,NA,NA,NA,NA,NA,NA,NA,NA,NA,NA,NA,NA,NA,NA,NA,NA,NA,NA,NA,NA,NA,0.10967256455974508,0.07039366189904575,0.07087952935082636,NA,NA,NA,0.00758080583778187,NA,NA,NA,0.0182331739964293,0.084867237803569,0.11768698876473392,NA
Taurine,Taurine,3003.832822542075,3083.2251673471683,3912.996152792981,NA,NA,NA,5841.099771460533,6953.07969891475,7124.026593815702,476.57332481729486,525.0733927186707,769.622130728392,1054.6520707229686,787.2350007641102,772.4356677774524,23.601774863316894,41.07133764471505,67.75460621651675,48247.57074562345,46751.23954338642,46893.36259361303,68.36679990353673,65.76696463044361,72.57771296768331,737.8382856196272,623.2388060856191,469.7460282210992,NA,NA,NA,NA,NA,NA,NA,NA,NA,NA,17.591470793262943,44.80938430957105,26.342474767212416,NA,NA,NA,NA,NA,NA,31.4455950250517,NA,NA,NA,NA,NA,430.3603579340275,464.7628921647667,494.0970289087598,NA,NA,NA,NA,NA,NA,NA,NA
Threonine,L-Threonine,4331.490661014682,4343.265024337341,3956.639097703546,382.0636546545071,356.2622951753273,NA,1288.067380089485,1305.858972779804,1179.163105220864,483.669088305507,597.4332707408736,1099.6773107745212,557.3690990109802,382.2002084972934,217.49585033348933,737.8369693785233,732.6490723082735,971.7286714644024,8333.260163999592,8929.31780256197,8906.18638855129,NA,NA,NA,751.4881501130386,634.8778955325017,657.1122254821524,1875.9371867551497,2910.1440810286754,9141.579427060951,7545.30607442515,257.02947493773735,294.91433154775444,287.8451092213135,1040.773445469832,931.2914523509404,1002.0085532846298,1198.6715701258545,3389.209765620971,2260.434547775895,5949.695008830928,7274.0137671902785,7089.7023521313,4350.437747378928,5431.964932730992,4722.5267210931415,3508.183851082442,3826.2589792440663,4009.348464637415,272.9121747003359,207.03767545727376,219.6270889107875,598.6245845264261,701.0413324022859,591.2441122659235,248.36173032554572,235.2486463658383,2922.51183696256,1551.365427612256,1763.2575877893976,3194.876751547605,2436.05996372393,1452.0052014784171
Thymidine,Thymidine,NA,NA,NA,NA,NA,NA,NA,NA,NA,NA,NA,NA,NA,NA,NA,NA,NA,NA,NA,NA,NA,NA,NA,NA,NA,NA,NA,NA,NA,NA,NA,NA,NA,NA,NA,NA,NA,NA,NA,NA,NA,NA,NA,NA,NA,NA,NA,NA,NA,NA,NA,NA,NA,NA,NA,NA,NA,NA,NA,NA,NA,NA,NA
Trehalose,Trehalose,NA,NA,NA,NA,NA,NA,NA,NA,NA,NA,NA,NA,NA,NA,NA,NA,NA,NA,NA,NA,NA,NA,NA,NA,NA,NA,NA,NA,NA,NA,NA,3328.290053647288,5462.734432718976,NA,NA,NA,NA,NA,NA,NA,NA,NA,NA,NA,NA,NA,NA,NA,NA,NA,NA,NA,NA,NA,NA,NA,NA,NA,NA,NA,NA,NA,NA
Trigonelline,Trigonelline,64.82557914064901,68.48141121238528,45.28917466725258,NA,NA,NA,617.1165988051507,598.115247377534,610.2310548297247,1474.1256140047851,1912.635572581616,2501.8704445751578,6.9320497749244625,4.22691627423981,5.719953247132119,NA,NA,18.319145738945284,NA,NA,NA,NA,NA,NA,138.08625187590866,114.18578136129835,79.7231244208851,NA,NA,NA,NA,NA,NA,NA,NA,NA,NA,40.00928269280151,110.45368801640636,57.99462988824472,NA,NA,NA,NA,NA,NA,NA,NA,NA,NA,NA,NA,NA,NA,NA,52.48187682518382,56.88378754667316,NA,NA,NA,144.00973582446508,131.5015028286358,68.13942949005005
TMAP,beta-Alaninebetaine,NA,NA,NA,NA,NA,NA,NA,NA,NA,2857.941579907281,3614.146804060325,4631.032130632734,NA,3.894336887445726,NA,NA,NA,NA,NA,NA,NA,NA,NA,NA,60.3987434144838,48.61259360453393,35.21106320268827,NA,NA,NA,NA,NA,NA,NA,NA,NA,NA,NA,NA,NA,NA,NA,NA,NA,NA,NA,NA,NA,NA,NA,NA,NA,NA,NA,NA,NA,NA,NA,NA,NA,NA,NA,NA
Tryptophan,L-Tryptophan,9.399726469426296,NA,NA,21.74750364488967,15.480920309486477,17.584882438233727,13.320563950143596,13.116351729213095,13.421877631455066,144.87489829520072,229.36784951742675,258.5895491808855,51.773839632418344,29.35076403698406,46.06902419780851,55.446244646152486,41.40233924295908,67.80109018862731,70.31508570247742,79.9697467521948,88.21705239887598,32.67099723933304,35.766881871001424,35.65423773077531,19.624262828205783,17.329730524521977,11.72656623594333,108.20402280825397,64.09748083040499,183.60745968851336,183.85272061302103,7.875424146397412,16.274263518913816,14.808534460357308,22.33436424858105,18.928207873728027,19.965568944128904,71.41337233691381,151.71430228771368,89.03753757769161,231.67583933906764,284.9753301439813,254.90642216624116,172.22141468403527,227.6329924870873,237.22882322557243,85.3520977140337,98.02690239705144,98.3762030945179,57.13516339753164,47.83594251327902,42.95647013180107,427.4103955196179,454.58020687787985,429.32776157050193,15.10948412742131,13.047778050117197,778.042729134531,573.6381952897232,635.6877112508877,274.6645354183573,295.2630984288519,171.019685122431
Tyrosine,L-Tyrosine,NA,NA,NA,299.379756379611,219.7310906187977,273.78056549786055,NA,NA,NA,65.41844144251932,246.74891671505517,317.36815305781704,892.1026637952665,491.4668737044625,724.922498292995,108.78638265934563,63.78930983430184,121.82678053440812,286.0726770099543,312.22220375275504,332.1643779668641,51.17626111920236,60.55732602651901,71.77869799320777,112.81623954052762,97.6904652942479,73.43902738542856,722.3641172624431,881.9348739131053,806.4256386171542,625.6694692997071,112.23561797607891,228.61857139437643,188.7702977821012,513.4849595339551,470.1709601662294,487.4661514944592,139.86735900744316,371.8927704264577,232.32758146221383,1109.7142672214484,1748.6494066947253,1549.5216911786322,1406.030042305847,1774.968928162151,1728.500965766113,1162.3074157243495,1248.8445775536811,1369.0998561187532,54.64141711928542,45.0933220828672,57.10243257039231,1575.4598810363289,1709.1947430653463,1524.0014636591304,19.223239187652148,14.582929091681466,253.89210046395092,157.553824462633,193.511327779367,351.77640505430395,401.9635252450674,216.45772595816348
UDP-glucosamine,UDP-N-acetylglucosamine,NA,NA,NA,78.52778654922976,110.02680606457317,102.71797318471702,62.38580807250592,60.66765600262456,65.93604724743876,NA,NA,NA,39.44508699749322,24.665602230675404,20.069364743398356,NA,NA,NA,NA,NA,NA,NA,5.54951951033522,NA,NA,NA,NA,191.5011899517621,247.17020673821276,265.7156308825658,270.9723066611172,45.6370411256808,65.8523258319814,55.9997285915925,194.31494131458987,165.6269775233276,184.25711248858272,245.2203676433944,611.275907582837,399.30891012287856,471.1822604314671,552.2337828130281,631.824178218207,1435.5630322428312,1496.0636447360514,1522.3898972340714,1799.6600559462468,1958.6633060440963,2391.5801302082336,69.8580947611969,82.40914395194824,66.1361331116026,45.13072576871599,49.504491990045715,54.16665907930627,1.243371925709954,3.4833975450562913,156.00469315476457,87.69250689945623,106.09153111524364,107.05471837775605,123.2889788787944,62.53226066055581
Uracil,Uracil,NA,NA,NA,NA,NA,NA,NA,NA,NA,NA,NA,NA,NA,NA,NA,NA,NA,NA,NA,NA,NA,NA,NA,NA,NA,NA,NA,NA,NA,NA,NA,NA,NA,NA,NA,NA,NA,NA,NA,NA,NA,NA,NA,NA,NA,NA,NA,NA,NA,NA,NA,NA,NA,NA,NA,NA,NA,NA,NA,NA,NA,NA,NA
Uridine,Uridine,385.007648227229,553.8840737305178,478.9762790313037,NA,NA,NA,7.220593704697057,11.324064850265614,14.101297753151147,836.3016658383979,929.937984131663,1686.1101832179602,288.59200347478094,178.1040143566221,150.80224156677784,434.51225897715614,207.32779924388524,174.1994707118676,NA,35.63784408398676,84.80950398300871,212.78901162370516,244.736678139796,228.5614214424621,2296.9302895262795,1990.2554368705155,1271.5512075624636,200.27754616873824,208.45948650501973,209.3645916855992,244.49182252537452,NA,6.171348680044955,NA,NA,13.232177558880228,NA,64.26428200128291,107.72488262769652,63.19263559989564,NA,NA,NA,NA,NA,NA,NA,NA,NA,100.45142720796854,69.1458981872198,168.70492845991538,19.230166120338904,21.473499169603517,25.419079560543405,1.815930342923409,1.3437250696150145,38.22374228290425,22.70450612648229,18.36544796666941,15.030450240728303,14.20582485090858,8.784551318433643
Vit B2,Riboflavin,1.1237895959247302,NA,NA,NA,NA,NA,NA,NA,NA,NA,NA,NA,1.690149747349944,0.8911997863772865,0.6619691097032607,8.76230814241649,NA,10.97046992284858,NA,NA,NA,12.072353498011884,12.611236463388002,11.56301524533018,NA,NA,NA,3.2657756419267328,0.7939224436661234,0.9197072974721602,0.8174104740456751,0.2061632433971956,0.2941632852972223,0.26872355694309574,NA,NA,NA,NA,NA,NA,NA,NA,0.6772304776389101,NA,NA,NA,NA,NA,NA,0.6417878551677416,1.489069142066314,0.5007217990037964,0.14518642087896116,0.1338545118647088,NA,NA,0.02460023921614344,NA,NA,0.5880074875895434,NA,NA,NA
Vit B3,Nicotinic acid,NA,NA,NA,NA,NA,NA,NA,NA,NA,22.68640248686704,27.914450300113625,40.40146298366857,242.44933459350577,170.48203090567088,178.00518304756636,NA,NA,NA,NA,NA,NA,NA,NA,NA,207.816775858519,222.4609741569699,105.92964919305751,3.9143113746379714,4.362862691395746,9.358579433718086,NA,NA,NA,NA,NA,NA,NA,3.487320930948605,5.659369383440724,2.3999465182070616,NA,NA,NA,NA,NA,NA,NA,NA,NA,NA,NA,NA,19.83261713565295,18.350950006138554,18.997179322675027,NA,NA,NA,NA,NA,NA,NA,NA
Vit B5,Pantothenic acid,7.558888045695632,6.987572177958418,4.531057632471448,NA,NA,NA,18.363313655705156,19.212940453097975,20.714588465923505,NA,NA,NA,NA,NA,NA,27.123117399787834,27.153131712650556,43.528251910376525,167.91897793068384,165.20049079582105,177.0388357439931,82.4328149608762,87.38046228532286,83.34681652750584,NA,NA,NA,8.785984636248905,3.7260856122976738,7.389571071481341,8.496422306455552,NA,NA,NA,NA,NA,NA,1.7880792480241332,4.9475193379787115,3.15693313396633,30.91908780612342,41.618614021262474,31.81859924853162,55.711817653058304,76.4494414876044,61.13783088807373,NA,NA,NA,0.702471567806361,0.8825442170417102,0.4257745539979718,3.779638155477034,4.574830406536614,4.336675047108059,NA,NA,0.5458932893277371,0.3463371385049969,0.33140221953324733,7.921256885447239,8.302587659415885,4.082020012760919
