Org_Type,ID_rep,Org_Name,4-Hydroxyisoleucine_HILIC,Acetyl-L-carnitine_HILIC,Adenine_HILIC,Adenosine_HILIC,Adenosyl Homocysteine_HILIC,Adenosyl Methionine_HILIC,Agmatine_RP,Alanine_HILIC,Allopurinol_RP,Amino Propanesulfonic Acid_HILIC,AMP_HILIC,Arginine_HILIC,Argininosuccinic Acid_HILIC,Arsenobetaine_HILIC,Asparagine_HILIC,Aspartic acid_HILIC,beta-Alanine_HILIC,beta-Glutamic acid_HILIC,Betaine_HILIC,Betonicine_HILIC,Butyryl-L-carnitine_HILIC,Carnitine_HILIC,Choline_HILIC,Citrulline_HILIC,Creatine_HILIC,Cystathionine_HILIC,Cysteic Acid_HILIC,Cytidine_HILIC,Cytosine_HILIC,Deoxyadenosine_HILIC,Dexpanthenol_HILIC,DHPS_HILIC,Dimethylsulfonioacetate (DMS-Ac)_HILIC,DMSP_HILIC,Ectoine_HILIC,Gluconic Acid_HILIC,Glucosylglycerol_HILIC,Glutamic acid_HILIC,Glutamine_HILIC,Glutathione Disulfide_RP,Glycerophosphocholine_HILIC,Gonyol_HILIC,Guanine_HILIC,Guanosine_HILIC,Histidine_HILIC,Homarine_HILIC,Homoserine_HILIC,Inosine_HILIC,Isethionic Acid_HILIC,Kynurenine_RP,L-Pyroglutamic acid_HILIC,Leucine_HILIC,Lysine_HILIC,Malic Acid_HILIC,Methionine Sulfoxide_HILIC,Methionine_HILIC,Methylthioadenosine_RP,N-acetyltaurine_HILIC,N(e)-Acetyl-Lysine_HILIC,NAD_HILIC,Ornithine_HILIC,Phenylalanine_RP,Proline_HILIC,Propionyl-L-carnitine_HILIC,Sarcosine_HILIC,Serine_HILIC,Stachydrine hydrochloride_HILIC,Sucrose_HILIC,Sulfolactic Acid_HILIC,Sulfurol_RP,Taurine_HILIC,Threonine_HILIC,Thymidine_HILIC,Trehalose_HILIC,Trigonelline_HILIC,Trimethylammonium Propionate (TMAP)_HILIC,Tryptophan_RP,Tyrosine_HILIC,UDP-glucosamine_HILIC,Uracil_HILIC,Uridine_HILIC,Vitamin B2_RP,Vitamin B3_HILIC,Vitamin B5_RP
Dinoflagellate,1314_A,Amphidinium carterae CCMP1314,NA,NA,1305.8718956305918,6605.689951832251,18.251480243445858,4060.3196915897715,NA,NA,NA,NA,NA,28587.461685102906,NA,NA,4552.926091289441,14119.736607187406,NA,NA,NA,NA,NA,9.882297827372607,548.8419484883998,NA,NA,385.24703144371034,NA,399.4180713633893,195.46428869262058,34.2475492746685,NA,NA,0.5927019388107083,98368.10862536772,NA,NA,NA,41735.91669739361,22827.3977042878,9656.040709566967,1540.2643036880545,1234109.8325665921,141875.9364180006,2786.012377672309,NA,NA,674.6318581730418,2770.756687631974,NA,NA,NA,NA,3441.36145249344,NA,NA,170.3604133009174,13.014072000797807,NA,NA,NA,4048.0856618416074,254.14750009669268,1431.6870841704074,NA,NA,NA,48.671741066623824,NA,NA,NA,6007.66564508415,17325.962644058727,NA,NA,453.7790539845431,NA,103.39699116368926,NA,NA,NA,3465.068834045061,19.104423130720413,NA,68.02999241126068
Dinoflagellate,1314_B,Amphidinium carterae CCMP1314,NA,NA,1715.7356179746557,8246.688615878233,22.007536210621904,4176.049595048748,NA,NA,NA,NA,189.33599256187253,23723.25863285717,NA,NA,3994.3412902461664,13883.923608637358,NA,NA,NA,NA,NA,10.28297258265065,560.1767419884957,NA,NA,343.5568391526539,NA,433.3097186539842,184.94258944644596,29.29805064802641,NA,21.374857685507195,0.5245646346002227,147623.63701185485,NA,NA,NA,42041.339020857326,19444.88350123266,7511.220297271834,1416.3004669859774,1287602.5568317892,178284.88164396113,2709.977307379606,NA,NA,627.3812982433735,2258.322717153382,NA,NA,NA,NA,3027.4563477701627,NA,NA,138.44797191940904,22.42218550311864,NA,NA,NA,3997.4651234743083,213.54397744994986,1558.4794726547727,NA,NA,NA,49.09573149669009,NA,NA,NA,6166.450334694337,17373.06009734936,NA,NA,479.36987848669696,NA,NA,NA,NA,NA,4984.9566635746605,NA,NA,62.88814960162576
Dinoflagellate,1314_C,Amphidinium carterae CCMP1314,NA,NA,1118.1612344728644,5543.1385618191325,9.863732795982564,2785.100362301061,NA,NA,NA,NA,175.2886154254475,24082.782936631727,NA,NA,3325.6372536168833,12905.87187656186,NA,NA,NA,NA,NA,8.199251680701543,526.2104439292697,NA,NA,177.57977527886203,NA,392.67116117171656,149.49768501806878,26.457859786527212,NA,12.146808184748982,0.5032888358145244,83148.93987747913,NA,NA,NA,33579.923243060286,15367.46378268363,5951.417030164567,1117.3790385148461,1084805.4632710638,121223.0169671156,2380.2989047067026,NA,NA,NA,2351.3098847959545,NA,NA,NA,NA,2606.218140784099,NA,NA,129.35237547701766,21.839303526005963,1.7724221526669692,NA,NA,2908.698255040129,214.56739672645705,1629.0222803656027,NA,NA,NA,41.05255909929601,NA,NA,NA,7825.99230558596,15826.556390814185,NA,NA,317.02422267076804,NA,NA,NA,NA,NA,4310.786511281733,NA,NA,40.77951869224303
Cyanobacteria,1314P_A,Prochlorococcus marinus MIT1314,3318.118389805408,NA,619.7530005427697,133.7515644219309,198.23683112868406,12283.222578928915,365.5450480006772,NA,NA,NA,7477.34431290467,5626.504079497686,99.85530020249756,NA,7703.3360559459215,193692.33303731124,NA,NA,NA,NA,NA,NA,NA,14780.713189474409,NA,NA,132.29505072554616,NA,476.72095788980016,47.87846214612047,NA,NA,NA,NA,NA,NA,1373.7771998389335,1071448.9446902648,52746.86101116812,15603.035081497888,NA,NA,4254.307710224665,129.85878505931976,NA,NA,NA,NA,NA,NA,NA,NA,NA,NA,NA,64.31458607649732,34.156001866048626,NA,76.21171652868435,3590.094696071113,NA,260.8361097338409,1360.691365230784,NA,NA,NA,NA,179422.71468803647,NA,NA,NA,1528.2546186180282,NA,NA,NA,NA,239.22254009378636,2694.4178074164993,1334.972371336906,NA,NA,NA,NA,NA
Cyanobacteria,1314P_B,Prochlorococcus marinus MIT1314,2664.927033517634,NA,310.07721418556474,84.18907512493783,93.62802973188144,8995.913464634605,180.96714581193817,NA,NA,NA,5809.583392783732,3833.0935577221735,76.67672729917616,NA,6762.801227199075,164029.75787274304,NA,NA,NA,NA,NA,NA,NA,13044.082058677515,NA,NA,115.25961908552298,NA,314.45301235625374,19.83468968698895,NA,NA,NA,NA,NA,NA,1272.4726186274781,938024.6828373302,38198.837767617086,18238.763066394175,NA,NA,2425.0073705211457,48.37169820625342,NA,NA,NA,NA,NA,NA,NA,NA,2706.539864901826,NA,NA,60.771526386199085,23.18561230861974,NA,NA,3279.0834452819795,NA,207.20268364401858,1044.9766444753895,NA,NA,NA,NA,147176.2920336395,NA,NA,NA,1425.049180701309,NA,NA,NA,NA,170.29012340435122,1977.5798155691793,1870.4557030977437,NA,NA,NA,NA,NA
Cyanobacteria,1314P_C,Prochlorococcus marinus MIT1314,2749.1116847660987,NA,724.3653404569675,147.66815606132576,NA,8851.358095163443,357.9925244087306,NA,NA,NA,5958.077777748714,4305.594471740789,80.81649670172354,NA,6543.816208741893,194734.25105287935,NA,NA,NA,NA,NA,NA,NA,12270.18156568979,NA,NA,113.34655902047756,NA,471.6503036356082,42.608436737946334,NA,NA,NA,NA,NA,NA,1432.2415368616844,1062711.2982499094,34201.185932941924,11955.580411458806,NA,NA,3264.5032978063614,131.2291464575014,NA,NA,NA,NA,NA,NA,NA,NA,4234.159759773186,NA,NA,59.641617125069075,27.465976477612543,NA,78.5816022332367,2989.2640003092674,NA,225.36746531101923,1269.0004668926847,NA,NA,NA,NA,225925.63775974943,NA,NA,NA,NA,NA,NA,NA,NA,193.433706820571,2464.025089480745,1746.2055441401894,NA,NA,NA,NA,NA
Prasinophyte,1545_A,Micromonas pusilla CCMP1545,2028.327564152869,NA,180.99416356947327,67.8728083278364,NA,3582.6910691420417,NA,NA,NA,NA,1424.7165287324856,2744.4255828920545,NA,NA,5872.620148348932,8918.98635667478,NA,NA,NA,NA,NA,NA,NA,NA,NA,42.91711941168302,56.55712754138537,NA,114.78961605454046,6.731073837992279,NA,NA,NA,34770.759320654026,NA,NA,NA,92401.65533431822,37724.57053720461,9534.786624871076,NA,NA,900.6428946528216,996.9894180118176,NA,NA,NA,NA,1590.7305864823443,NA,NA,NA,3168.2611978013024,NA,NA,670.1800333552235,26.9037014642131,NA,NA,5065.792868134028,NA,815.9742254658574,9784.309899588323,NA,NA,8042.415193591232,NA,NA,NA,NA,11682.199542921064,5152.26952035794,NA,NA,4319.816191636055,NA,146.52620345157956,NA,1060.5587372326006,NA,64.98534334227351,NA,NA,165.2698229013464
Prasinophyte,1545_B,Micromonas pusilla CCMP1545,2054.9312794793914,NA,140.0775916625632,29.652315261691946,NA,4101.947622889559,NA,13638.187204657901,NA,NA,1599.2285357339824,2742.817328268427,18.85715910440094,NA,5480.002860059592,9542.366023459086,NA,NA,NA,NA,NA,NA,NA,NA,NA,62.51807418262238,51.7892596331624,NA,71.08343442946192,NA,NA,NA,NA,32849.16069276593,NA,NA,NA,94886.3255532743,36279.12303430953,7214.456399150454,NA,NA,546.4137783429729,1155.5431535065816,NA,NA,NA,NA,2194.547833715664,NA,NA,NA,3116.2349718300784,NA,NA,827.0856315434797,34.20673990101911,4.215353122360363,NA,5812.541291531066,NA,449.4046469084743,10784.143637095964,NA,NA,7665.963033342883,NA,NA,NA,NA,13906.159397829499,5223.435891119215,NA,NA,4186.806731642739,NA,144.27986902134407,NA,1031.3501520446175,NA,101.91658365239053,NA,NA,172.91646407788178
Prasinophyte,1545_C,Micromonas pusilla CCMP1545,2022.3952062815974,NA,189.0671351524848,58.19740378136268,13.81344223001919,3453.6587132020763,NA,NA,NA,NA,1806.6311918475528,3029.3712601839625,18.891136676415567,NA,5759.2809853856825,10074.609805952465,NA,NA,NA,NA,NA,NA,NA,NA,NA,64.18191572963565,55.402421754478596,NA,100.14357794802353,NA,NA,NA,NA,36023.46222344874,NA,NA,NA,94796.43613399955,34544.1667841153,4857.072977121082,NA,NA,729.7138062863933,1328.4840666103103,NA,NA,NA,11.00882655588972,2382.796686281553,NA,NA,NA,3640.811972133667,NA,NA,707.9970596865212,33.75594777403081,4.357362244911109,NA,5970.285559282993,NA,414.9834880901256,9589.156946064992,NA,NA,6928.935776492393,NA,NA,NA,NA,14248.053187631402,4716.652420883456,NA,NA,4271.617383808073,NA,147.64065394600573,NA,1120.912803206459,NA,126.91167977836032,NA,NA,186.43129619331154
Dinoflagellate,1771_A,Alexandrium tamarense CCMP1771,2795.8605847858917,NA,265.02769585587356,770.3986769096464,NA,229.48904921990382,NA,803.7587179808163,NA,NA,5395.146615144545,2774.1078499621194,NA,NA,438.09481961751584,4629.050423978581,NA,NA,NA,NA,NA,596.8103650280389,406.9496722385919,183.35607400608234,NA,116.36659308940676,NA,792.7752877657592,151.51796963025598,NA,NA,NA,NA,116406.37714409824,NA,NA,NA,30659.890189343063,3696.4541759211966,1415.6696314515975,15.5267549331722,570619.7250900205,155166.8346388422,120.17508130201703,571.7872410976781,NA,152.19529567134433,NA,NA,NA,NA,NA,NA,NA,NA,278.73085203725884,28.62939798587472,NA,NA,678.3850835663643,547.0178889786093,1162.9575402093271,170.11784407222137,NA,NA,576.6303208858715,NA,NA,NA,NA,953.1466496345896,1934.6763532220277,NA,NA,10318.879298033498,17147.64947944368,1593.623881247208,588.7659729826739,NA,NA,7526.714992545581,NA,136.11841492120223,NA
Dinoflagellate,1771_B,Alexandrium tamarense CCMP1771,3677.6829355408177,NA,235.80550407416166,843.6981313462132,NA,321.7917782058373,NA,820.3637726887944,NA,NA,6781.239420912199,3889.1024484169784,NA,NA,551.4908905819954,5267.883355352952,NA,NA,NA,NA,NA,767.2317448346371,449.6900941470176,214.55149818741705,NA,136.7063156235064,NA,2138.7732830640357,193.4109184424329,NA,NA,NA,NA,110234.45497346431,NA,NA,NA,37154.33643505634,4202.4396053687215,NA,NA,668487.4786683841,260990.7432227587,192.25026105625096,1408.9518204312703,NA,203.54337838199754,NA,NA,NA,NA,NA,NA,NA,NA,142.49386054379093,23.59925795340719,NA,NA,695.6591251280195,NA,1821.8024295361904,158.13713904962614,NA,NA,1485.5869965739078,NA,NA,507.8917886285475,NA,1050.1467854373411,2389.7330829634943,NA,NA,13388.449008071311,21684.880824361942,2523.0463446916942,2220.7402504354964,NA,NA,8369.441857184967,NA,167.48670180068174,NA
Dinoflagellate,1771_C,Alexandrium tamarense CCMP1771,4815.160887681007,NA,467.2977934579012,1555.4599063428407,NA,523.9983573339349,NA,1815.9991968247791,NA,NA,8650.755982609018,5512.003704724373,NA,NA,1063.5771301056698,10290.294819891285,NA,NA,NA,NA,NA,1044.4004090186156,581.0970674239398,354.261299088405,NA,229.47972095094792,NA,1993.2861098773492,302.7214044964466,NA,NA,745.5439771992977,NA,191538.37895142502,NA,2715.6316516753764,NA,56062.13931437659,7505.236096335879,1841.2495029550453,NA,909853.8570180328,360663.7432172649,262.44603353252114,2119.37686978532,NA,453.436925554509,NA,NA,NA,NA,NA,NA,NA,NA,263.17840147823364,33.28596691062326,NA,NA,NA,1208.93118076708,2149.473461106133,294.2424319790287,NA,NA,2476.2963822651964,NA,NA,NA,NA,1539.2442614567838,4398.709243098084,NA,NA,17513.093112026105,27786.1927837964,2844.485040989741,2856.3133775203532,NA,NA,15174.99164896164,NA,242.40877790201142,NA
Dinoflagellate,2021_A,Lingulodinium polyedra CCMP2021,1509.499152759488,10318.005127666882,289.3788762681254,1329.4923257179307,NA,1906.7200499072233,NA,361.3087352649592,NA,NA,17233.722167997817,44725.26063961566,NA,NA,660.527332653271,12720.789287472226,149.13362793190979,NA,NA,NA,NA,1536.1349749845115,254.69650128325458,56.22924658787214,NA,196.72374143446916,NA,390.2865571530369,74.94450061105258,6.808834935538432,NA,53.91221417171873,NA,3345.174620728046,NA,3760.82865539431,NA,47947.25008896886,3331.328587612692,7200.819007011565,NA,1183245.8857101249,17837.290034598533,2270.9332547666463,174.57842448269636,102.803713567013,58.47286315649717,662.292828192051,NA,NA,943.0109994408324,18702.14400751648,2223.3959933009914,NA,19.8688829959521,1202.4423855275334,60.310535086518385,NA,NA,NA,242.4639443374233,1069.9678804619691,734.287022028288,NA,NA,1165.9029006878577,442.1498829615049,NA,575.0228108953436,NA,2109.304141445937,2229.476396043921,NA,NA,48.524348424471235,NA,569.5122359566018,8028.923974157398,670.5664789573848,NA,2597.3280312730285,28.73254570494905,1454.6960075610345,NA
Dinoflagellate,2021_B,Lingulodinium polyedra CCMP2021,502.0685820654871,6180.353798314818,169.77922276415225,587.0382073206715,NA,942.9842752012538,NA,219.51444978834184,NA,NA,11262.517057989538,26969.232259808683,NA,NA,429.46539113834586,8910.64789687331,65.84540286743406,NA,NA,NA,NA,773.0479248111689,154.20854076927245,35.16528629106604,NA,147.3771339293545,NA,285.9842245250596,40.004471123538956,3.0250703303667508,NA,30.254942418633394,NA,2470.9081583112484,NA,1912.0644858360688,NA,31239.87253035337,1936.7158008468973,4389.489957900874,50.10964567874578,685123.5244820132,11196.607320589264,1014.8811143664831,122.76120097387516,58.22688336765057,35.49260521059161,380.12867507458344,NA,NA,1629.980063657019,11283.030952541776,1186.9728167167834,NA,10.69287006894954,797.9207207912015,50.678270525567044,NA,NA,NA,143.95926766745663,562.6140751384409,342.86937434547247,NA,NA,779.6753380956246,254.43405241755903,NA,308.01518214733517,NA,1574.4700015282203,1528.8008339891733,NA,NA,29.58841391967867,23.366021324674346,322.85840440682466,4423.201863340162,419.31523792148187,NA,1602.9361292095987,15.15039636841387,1022.8921854340254,NA
Dinoflagellate,2021_C,Lingulodinium polyedra CCMP2021,2424.1061433957707,6030.865970776331,220.33654591211126,705.4187321232565,NA,448.3904848808972,NA,568.3663188849764,NA,NA,6762.852871246467,24387.139753136293,NA,NA,639.030237882592,6343.91932925042,93.0637739258468,NA,NA,NA,NA,1258.8541710980203,353.7501314809863,NA,NA,127.8565513966775,NA,281.52395000596846,89.08942204969894,7.808595390090752,NA,3.069233784804537,NA,1860.7812825029953,NA,1888.171768181028,2813.217565583909,27282.803908507645,6697.36293940111,4816.919647071588,NA,1376206.7337481172,22119.863645665544,954.7839534506268,195.81804296077706,78.74749428309013,143.54129884024078,247.45471496506073,NA,NA,1140.8058620914796,15662.944789501951,1815.4201340613517,NA,66.34497166008737,806.6185102688441,47.397590175937324,NA,NA,NA,218.63328075844734,822.8043142914664,753.3291807614825,NA,NA,686.3500036300095,358.3109278254515,NA,330.9500734970928,NA,1544.8713355549046,869.9834013339572,NA,NA,40.03967272992483,NA,506.75926617589363,6524.302484636955,341.17920063777206,NA,1357.2201741010006,11.253474864955432,1068.0310982853982,NA
Haptophyte,2090_A,Emiliania huxleyi CCMP2090,NA,594.646218923887,NA,11907.882589123472,129.96847954731942,821.172280319527,NA,2187.740757031115,NA,NA,2372.555041649114,NA,571.9992680603395,NA,7646.756663440579,8357.81921235893,NA,NA,46329.46273043469,NA,NA,2313.6775967335334,721.0040911629751,NA,NA,NA,126.69469508346438,NA,NA,23.910048546478023,NA,45177.1100108733,14.87426435974053,206512.86421025693,49.62011620528159,NA,74315.75485611187,90769.91937757007,41751.70531608891,11241.255638892073,138.06145758598265,266084.5296262793,NA,2629.2351407510187,NA,NA,2610.7766422003783,552.6910126006619,NA,NA,NA,NA,16867.404849331717,NA,595.8080910353456,450.9669092702736,898.4195688829939,NA,NA,1241.2821061892796,NA,1108.5042524354515,679.8722583021861,NA,438.9865822240157,4274.038684185352,95.41790698510779,NA,NA,NA,47.20354972663378,2951.3478775140934,NA,NA,NA,NA,609.9086911076773,979.0774439341109,NA,NA,3910.6103307944054,148.95923842108033,NA,244.1080565980905
Haptophyte,2090_B,Emiliania huxleyi CCMP2090,NA,431.2371466683544,NA,8085.504665842555,164.63588927326296,1280.863103492865,NA,2123.1798691658582,NA,NA,4508.740922332705,NA,1187.712021760205,NA,14438.107967844158,23825.41541353151,NA,NA,29021.643711503304,NA,NA,2228.229858310282,1202.459666126368,1502.1294180089953,NA,NA,182.23280215136526,NA,429.9875531124274,NA,NA,NA,6.619493025564721,205028.92825895792,27.507369543902577,NA,78835.39151097267,190807.0497557681,49404.222863560106,7835.88846259974,398.20467351216183,432092.9468275359,NA,1114.9846077353359,NA,NA,2793.7880083817013,522.0515103239175,NA,NA,NA,NA,26186.185503371365,2913.6865350751305,1459.1685789943879,453.72911342275637,714.1682847307527,NA,NA,8414.546305052645,NA,928.9637585665868,658.4357467042616,45.7899857820619,1846.3981135670492,10017.181497063932,90.8776952395958,NA,NA,NA,82.14267528943009,2930.5962892330936,NA,NA,NA,NA,455.4257316725499,574.1037885087165,NA,NA,1865.9501931949671,NA,NA,244.378185413855
Haptophyte,2090_C,Emiliania huxleyi CCMP2090,NA,533.9716762099247,NA,8535.463562245906,208.2918512781863,901.1687694965988,NA,2212.000794584749,NA,NA,4018.461711615305,NA,92.19445102053521,NA,8810.674081302104,7533.708990997436,NA,NA,51155.55764463498,NA,NA,2078.660601118322,502.71690424179616,NA,NA,NA,413.292078863909,NA,336.65600094151955,NA,NA,60576.487533618434,16.417985720541033,211421.970988907,39.10175419963292,NA,37739.94842423096,112444.44718511088,52105.92696167852,18319.22551310536,166.0401626422385,257726.90768299508,NA,1655.3779021078167,NA,NA,3413.6954646473123,NA,NA,NA,NA,NA,22994.13419113547,1680.3313176033691,64.08308905102933,523.471416588296,1128.1052093832418,NA,NA,3782.125740934446,NA,937.2053011793766,756.0379301032444,78.03844694082566,495.52149422411435,5902.603079228976,121.19712194512152,NA,NA,NA,135.50921243303347,3886.9146858576096,NA,NA,128.2901664769267,NA,745.8119920749004,1096.441024809673,NA,NA,1567.7952364068085,186.49798868842583,NA,391.7542671933887
Prasinophyte,3430_A,Ostreococcus lucimarinus CCMP3430,NA,NA,366.37382794370694,214.98505471452492,198.85274367983368,44999.824359763836,NA,64426.93983942822,NA,18905.34435500331,16457.669103940054,13948.756895542025,214.59568353379535,NA,23627.211298005084,123838.48597678414,8282.24329758947,NA,92206.0225768612,NA,NA,NA,NA,6977.697477878868,NA,NA,288.055836289906,NA,NA,NA,NA,NA,NA,153979.7115378045,NA,1523.4479019256262,NA,987698.8458337971,23848.544474928196,NA,NA,NA,599.1723729763524,1599.5864114602352,7669.225658582346,NA,NA,NA,NA,NA,NA,NA,19375.707435560005,65629.33310687078,976.2903398873061,1240.6934241500214,NA,4349.245561184393,NA,13457.849443384166,NA,NA,339978.33941121923,NA,NA,33810.84234560784,NA,69929.73750793892,NA,NA,96495.14149124689,33333.04065599836,NA,NA,NA,NA,NA,2574.654093089589,NA,NA,NA,NA,NA,NA
Prasinophyte,3430_B,Ostreococcus lucimarinus CCMP3430,NA,NA,637.3586292805186,453.7006360863289,182.043010055304,43527.20752972795,NA,63281.44562011755,NA,20039.420828778806,17174.386583597963,18273.222925020913,NA,NA,25254.13838319887,130130.21665278073,8318.144571846527,NA,91761.38971846443,NA,NA,NA,NA,8016.783625496706,NA,NA,70.8870471507585,NA,432.09569966905866,27.989822957898014,NA,NA,23.43852428234772,148979.6335202885,NA,1813.98220532932,NA,987764.5837131435,17824.587249281947,NA,NA,NA,1417.1474186117784,1885.6247955005913,8516.029382440513,NA,NA,NA,NA,NA,NA,NA,23552.711369803154,65613.04222465889,760.5274849267926,1338.4133426608505,NA,4240.103745261469,NA,15725.322925154956,NA,NA,323313.6605444872,NA,NA,35532.424676946226,NA,69504.056627023,NA,NA,93502.47908677283,35717.27121024788,NA,NA,NA,NA,NA,2809.999833774795,NA,NA,320.7405967558808,NA,NA,NA
Prasinophyte,3430_C,Ostreococcus lucimarinus CCMP3430,NA,NA,473.3170059203092,212.27293290730609,163.73922038824256,44647.57680022477,NA,57017.431510472656,NA,20490.97197287498,15138.237283761255,8619.782863002249,NA,NA,24728.470595292547,114931.11459873231,7879.6153532950075,NA,90893.90755444492,NA,NA,NA,NA,7645.787428964712,NA,NA,180.3321139200192,NA,343.71903621986786,9.787261083433618,NA,NA,1.8897707985738494,155933.74480260184,NA,1351.6327601000944,NA,984918.3300202629,16032.806299821495,NA,NA,NA,1109.8398789628677,1882.1241311846145,9372.327463487109,NA,1482.7212928569998,NA,NA,NA,NA,NA,NA,69850.36932883234,764.9436384098526,1220.93168300362,NA,4226.430905938053,NA,16676.623141113625,NA,NA,329051.5448821231,NA,NA,35337.53151359546,NA,68518.58296185287,NA,NA,93786.72518722604,35624.74555420516,NA,NA,NA,NA,NA,2989.4794017017766,NA,NA,763.2855358470783,NA,NA,NA
Haptophyte,371_A,Emiliania huxleyi CCMP371,NA,180.05752485561106,NA,11118.920309984573,NA,1037.3881078876097,NA,1121.543828176535,NA,NA,165.03672198681133,NA,NA,NA,3056.9197771692807,8121.570034248486,NA,NA,12609.062000372229,NA,NA,1572.2796954897406,263.8250948932536,225.7046353252761,NA,NA,233.80401550067734,NA,NA,47.242909398716044,NA,98988.54645121889,4.713900584308303,170369.05560656768,NA,NA,3118.5139997227297,125979.18488728977,12542.132144290143,15949.176696219958,857.2480703966157,164562.74394775354,2087.4812757242557,1746.2748466155474,NA,23630.313416926438,516.8376227229375,NA,NA,NA,NA,NA,6304.933060077878,NA,275.85161297801415,265.5141281552484,1118.5123578072519,NA,15.138711855727228,478.89255135605254,NA,465.8192441633899,757.2801059753097,NA,NA,2325.963526792147,95.03278756353922,NA,NA,NA,136.73359980707343,NA,NA,NA,NA,NA,359.38096963266344,460.58635007282123,NA,NA,1915.1011046133465,205.23000946620203,NA,741.8953346478858
Haptophyte,371_B,Emiliania huxleyi CCMP371,NA,194.80253162212185,NA,14134.703954694776,56.17685075481517,1158.771897937291,NA,1382.6332826341863,NA,NA,248.5132113775544,NA,NA,NA,2979.5802950476623,9373.666554490683,NA,NaN,12514.038794534976,NA,NA,1641.4083076637842,357.6556976657577,283.20182585038947,NA,NA,170.99091912691856,NA,NA,47.944043286445904,NA,100922.63399489009,4.503012271836293,172750.50511492422,NA,NA,4971.723830921548,123855.54900848371,13069.683286322772,21667.860850303237,916.0307343390226,178887.0413490998,2094.1756404189837,2014.5889492792676,NA,27112.425885471916,495.9865423140514,NA,NA,NA,NA,NA,7048.276154110083,NA,NA,365.53943673035087,1510.7242365509258,NA,NA,1218.5735928469032,NA,497.56736027021583,763.2865624639198,NA,NA,2377.929340618243,105.17698809462905,NA,1375.5555958761245,NA,131.53392926088722,NA,NA,NA,NA,NA,393.4357005810157,545.0159342386711,94.34183167569874,NA,2202.630103258164,214.39101987759602,NA,786.4241605679058
Haptophyte,371_C,Emiliania huxleyi CCMP371,NA,223.88240044747266,NA,13533.432489296303,NA,1089.5018826646833,NA,NA,NA,NA,61.05605100930332,NA,NA,NA,2805.8711761322434,7665.241962291503,NA,NA,14310.19346813785,NA,NA,1816.9536251677741,296.3418996469385,447.2788421066156,NA,NA,175.99760544993023,NA,NA,60.2586406567012,NA,58446.97591352976,5.066997786376706,209267.18305400107,NA,NA,NA,120064.12737065702,11606.552895001621,14768.1969380734,839.3315499763993,167406.70368208116,2972.195983659176,1804.4607549435252,NA,30144.11566665551,938.8184597763773,NA,NA,NA,NA,NA,8496.147333776209,NA,283.48633422415463,377.58708572860036,1450.742611669485,NA,NA,404.10532410323106,NA,514.6951970845475,751.4343091186726,NA,NA,3160.7652137552213,108.92458313661547,NA,NA,NA,145.1554259353666,NA,NA,NA,NA,NA,392.19661503852836,646.0082819388699,NA,NA,2057.0527929821587,196.57125917061308,NA,750.1213487475525
Dinoflagellate,449_A,Heterocapsa triquetra CCMP449,NA,1412.0459545378994,1517.2702053991486,28444.517608509683,NA,726.3012364585051,NA,NA,NA,NA,362.19569934015817,1531.7689413125281,NA,NA,473.7207494377577,5398.376504850872,NA,NA,NA,NA,NA,1187.9131003145615,NA,NA,NA,189.80603839776288,NA,1327.5461158994506,407.73347543515996,125.17531914321465,NA,NA,0.5676995469300831,202776.72117857827,NA,NA,NA,75015.59976116984,7131.081587440426,9599.448377751152,1113.1456040328055,1234015.6381199388,20053.642755226087,3043.895325431776,NA,200.43066760636853,568.1833681998339,1074.2887596167834,NA,NA,NA,NA,1729.7921808552526,NA,NA,388.28841615987074,51.41325029821181,NA,NA,NA,795.5003770148545,384.4091888844807,572.195657306517,185.79574829605392,NA,761.7494771280598,104.3561040164777,NA,NA,NA,1475.6765712392541,3005.952600452154,NA,NA,966.6037631313607,362.39246048690273,215.86689111026362,1015.3461558647485,NA,NA,20672.372605736517,NA,1246.900655151114,NA
Dinoflagellate,449_B,Heterocapsa triquetra CCMP449,NA,1156.594781005181,1476.8113431897013,22591.45275311992,47.29483431384122,638.3536472740474,NA,NA,NA,NA,791.4775555758074,1447.4520936368385,NA,NA,415.1181698944783,5295.535335328113,NA,NA,NA,NA,NA,827.1166595944402,NA,87.82190919319794,NA,120.37210769832998,NA,1178.3733532323365,577.0423392578668,164.46787714211342,NA,NA,0.43870471946181655,126777.78554654337,NA,NA,NA,69743.10602228814,4955.55011907902,6128.050419699274,1040.5964261386953,1226243.2001287395,28051.015985049424,2331.750679266,NA,135.54205030247647,503.7223669609773,944.7335428395296,NA,NA,NA,NA,1385.2135676341313,NA,NA,350.6567696730616,48.67651004300015,NA,NA,NA,553.5375721507735,317.18136713269155,394.7088166494565,136.68276989361001,NA,772.6639703327448,92.32598360672299,NA,NA,NA,1246.477612171238,2539.511582130007,NA,NA,799.3004695290886,291.6755616272035,190.62703576974175,879.2141876482311,NA,NA,17912.29893183464,NA,1334.7658449418195,NA
Dinoflagellate,449_C,Heterocapsa triquetra CCMP449,NA,932.2018375736305,813.3208856468871,15859.833119982604,NA,500.4912661187121,NA,NA,NA,NA,198.30757123229628,1068.1718498814953,NA,NA,362.7165370613562,4229.547016400389,NA,NA,NA,NA,NA,736.1520203592617,NA,72.74089002394294,NA,83.26468154309994,NA,901.9430975168574,129.13982511523201,101.5285055893874,NA,20.40865107057282,0.60904752329138,120865.52959017032,NA,NA,NA,54553.82758987024,3776.4659551308882,3907.614476363213,714.1682425525278,757619.7471597596,14089.163367936371,1949.7928235256068,NA,95.35270276603309,374.48267391815835,903.889529708788,NA,NA,NA,NA,943.4451601244732,NA,NA,193.1586234984639,34.52907409677565,NA,NA,NA,484.82063546699976,213.64426154582478,348.1406736426956,124.84526528053533,NA,620.4170777213271,66.47904530132199,NA,NA,NA,939.4920564421983,2628.4489019286093,NA,NA,558.0618709461957,211.2663792161296,128.99222859537664,660.951246468857,NA,NA,11443.960868062171,NA,635.5778951583452,NA
Cyanobacteria,7803_B,Synechococcus sp. 7803,NA,NA,74.28673484669693,11061.065662196988,2501.937021679836,95270.6909620347,921.8370364075303,7521.419744505591,NA,NA,30258.52265523489,8854.647525213666,85.09060603308237,NA,2615.463561156938,57470.06508444123,NA,NaN,60146.18991769449,NA,NA,NA,NA,12315.709723000375,NA,NA,143.82442411760445,538.9505455889658,248.0591356860252,728.7112222139314,NA,NA,NA,NA,1.5306294418167772,632.9738550683426,1965041.929243132,1615110.397894815,19873.3277498057,246584.835038979,NA,NA,263.14206368585724,3459.6161874520994,1920.399691938825,27882.74267682753,4810.022508707842,NA,NA,NA,304.22316396042095,NA,16792.911180651183,NA,56.82098383907355,528.8043789632395,6661.889488558981,NA,NA,1194.4548362361113,1127.4349709455068,2638.277773014148,5833.409202319333,NA,NA,43312.55092561549,NA,403031.7569299713,290.93587676263166,NA,NA,7503.748747020597,NA,NA,NA,NA,1190.2442508907936,6501.277055361988,3255.520229179955,NA,1802.4979155186443,55.518185912754454,23.485868247827828,79.07386172624015
Cyanobacteria,7803_F,Synechococcus sp. 7803,NA,NA,88.02162588434615,14671.97079096166,4682.7986205118905,212623.82576488034,963.4116139422522,8738.036953705057,NA,NA,40765.61483918183,12752.699843739027,94.44864575444883,NA,4227.854591274502,99237.92826595354,NA,NA,64251.73309840175,NA,NA,NA,NA,15162.458688985414,NA,NA,234.23721985878046,724.7634695239559,273.31275947131155,892.727099009723,NA,NA,NA,NA,2.21803521150271,264.729509517677,2319279.611371561,2163689.877879429,31483.31829193015,273092.13281517,NA,NA,335.1906530397131,4021.5068833817377,3195.247404851152,34100.09346946889,6995.813066071439,NA,NA,NA,358.68679850367704,NA,23233.769498238937,NA,72.05457405440396,885.4628389838018,3588.2508927540052,NA,NA,893.4619429219518,1254.0696025821965,1533.52429115128,7516.495244726028,NA,864.6881883921237,46644.75891353172,NA,536444.9512267723,NA,NA,NA,11640.5763241147,NA,NA,NA,NA,705.0722891344549,7937.413865217948,4201.893514549617,NA,1876.1353785451774,13.496681542324097,26.177176148374475,33.53477051067907
Cyanobacteria,8102_A,Synechococcus sp. 8102,NA,NA,NA,5778.784423892531,4559.102635224933,365648.29499128636,661.3194517670701,18149.231540123765,NA,NA,22828.437656604714,28952.622477847104,489.6784322517002,NA,162.1143392092247,236255.81471112755,NA,NaN,154776.74962696986,NA,NA,NA,NA,46724.26964089522,4.64575075193858,NA,25.19833621798971,349.35519774831675,711.9557102668175,365.94466752261326,NA,NA,NA,NA,5.036475066647868,NA,3338814.4518808946,4966334.8736909535,415955.8546711125,297749.694748342,NA,NA,5701.855101904298,1637.9136270200484,4256.634700672474,3204221.457889886,13985.213176375293,NA,NA,NA,4386.296079839999,NA,8733.374009599207,NA,851.8659595783055,2020.0853078833552,19005.942510944056,NA,NA,37301.14516347231,1434.1681062539876,2269.8713436334174,5651.6051959336655,NA,3113.470733877445,41760.590715507424,NA,NA,NA,NA,NA,36566.3177082438,NA,NA,NA,NA,2019.682056573647,7257.830747554388,4517.165725003619,NA,1884.2813251703926,15.635024057026722,56.15147660230852,66.50613964333206
Cyanobacteria,8102_F,Synechococcus sp. 8102,NA,NA,NA,7183.881455838447,8973.182026984783,160247.18047012025,602.939581549044,16565.10015054548,NA,NA,22707.831600121397,20248.469452072717,273.656585583721,NA,154.98090375469107,171171.37548456204,NA,NA,138695.42461556793,NA,NA,NA,NA,46577.540983388506,NA,NA,26.46415796910309,NA,532.618732435871,384.92933701444827,NA,NA,NA,NA,NA,NA,3115257.5208501164,4316060.995794831,232040.896068522,194627.44244164298,NA,NA,3581.0924546394567,2577.284652499113,3178.5624263961554,3001900.0117325475,10660.034724882502,NA,NA,NA,3754.1235636500733,NA,8869.718173418798,NA,362.7499462139773,1931.3586486668028,14537.5442567073,NA,NA,27266.52849123323,1217.6132766337735,1861.4712960684592,4722.836707007731,NA,2392.96247465758,29094.358192821375,NA,NA,NA,NA,NA,30181.224297700595,NA,NA,NA,NA,2022.3799267432314,5631.025223697364,4606.529213238992,NA,2200.4264027283707,13.895978058776477,NA,76.46780075809997
Cyanobacteria,8501_B,Crocosphaera watsonii WH8501,595.0578207996753,NA,NA,55.594999679152934,17.084657268716537,4293.118110497908,5.940812036977171,572.0817492355822,NA,NA,1735.0354390273596,6217.800397188252,32.3956822642869,NA,216.56826599817776,2866.8479615866468,NA,NA,NA,NA,NA,NA,NA,486.41611941741917,NA,NA,6.525651046535786,NA,77.65422890098715,38.07135408712434,NA,NA,NA,NA,NA,NA,418.3771730750506,189174.19471835485,697.4150493854319,12524.938419431968,NA,NA,544.417648721764,58.83316145380476,264.5162603863372,NA,NA,NA,NA,NA,280.23124507101363,NA,2844.335324598364,NA,27.48543106478514,97.80148910192914,800.9892573944928,NA,406191.61817014276,1369.1318595686084,326.5795978236983,234.56429392108578,192.94117288710228,NA,NA,1600.2018835465433,8.097925215510621,NA,949.956926201645,NA,NA,1028.1178997509494,NA,39939.48064376746,NA,NA,86.62966561037153,1010.1205617847104,775.8296991365736,NA,NA,3.5047751377523246,NA,NA
Cyanobacteria,8501_C,Crocosphaera watsonii WH8501,509.2863917984418,NA,NA,41.51996380285461,3.345107331179184,11976.21476667199,4.334826184901602,529.6566300937322,NA,NA,754.190485592565,3389.7343813643565,34.51226587940945,NA,261.7890839224312,2151.608538003319,NA,NA,428.320583783452,NA,NA,NA,NA,322.6802456403748,NA,NA,8.92431523402908,111.97888507083094,58.858789108482306,67.60639333245952,NA,NA,NA,6.551248658972108,NA,NA,NA,172334.90810799692,714.3097034226797,16523.062611219942,0.33001126681489823,NA,332.88448388398297,72.92865949552497,329.15595542175345,NA,55.47532073138022,NA,NA,NA,263.329745289267,NA,5201.861867723672,NA,36.512959525208814,128.2838876458381,1055.2405174989424,NA,293101.25112510496,1831.012437735352,293.04793679955174,453.55305460048334,160.5371471672908,NA,12.489058570467485,2122.3516698086755,8.977574267864961,NA,1865.1235623148368,NA,NA,1179.6573261910178,NA,65552.81319262771,NA,NA,179.01689870805197,2057.567142549388,1119.489539143684,NA,55.542138120404594,5.000775850052779,NA,NA
Cyanobacteria,8501_D,Crocosphaera watsonii WH8501,NA,NA,NA,57.284801666909985,9.590896745982981,6428.030930505975,5.663919521170379,448.6135117262111,NA,NA,921.1627492521936,2857.0761769518963,24.316753283713645,NA,254.94762705935847,1987.8889752346886,NA,NA,NA,NA,NA,NA,NA,222.66251297961594,NA,NA,4.7969712694797195,NA,95.06605199762305,59.64447566556723,NA,NA,NA,NA,NA,NA,NA,155783.64783537848,725.9162030010067,12008.436106905274,0.5837575674425635,NA,582.7439698020795,73.05824289903745,330.7339006539571,NA,NA,NA,NA,NA,530.0540590689161,NA,5272.456137837252,NA,26.55314893624052,109.32982778339907,1110.9185355505188,NA,373704.9304309056,1595.029530859912,267.83874375617694,409.7298725353328,174.0753799450064,NA,31.165785340012462,1623.6791867118902,10.189210924386705,NA,1186.4940183241174,NA,NA,1151.380436885254,NA,NA,NA,NA,162.8938790639304,1698.9326800389108,951.9953860570726,NA,NA,4.568300468032628,NA,NA
Cyanobacteria,As9601_A,Prochlorococcus marinus AS9601,NA,NA,441.4056685151206,157.22146311029545,47.09830493636098,22322.077896127405,363.01229021007816,NA,NA,NA,4812.529838396188,5809.149911366948,404.39475101648884,NA,4456.542026315301,146843.7208602054,NA,NA,NA,NA,NA,NA,NA,21614.321465675228,NA,NA,116.76338542845922,NA,189.2272275163787,23.055934349142436,NA,NA,NA,NA,NA,NA,4906.457540649539,1031301.3717147324,26625.113168892516,NA,14.126609246726023,NA,1550.5975943241046,95.16381104680667,NA,NA,1254.4546081966791,NA,NA,NA,NA,NA,4759.351604013897,NA,NA,145.47086693360666,71.14587590451583,NA,47.4806695940043,10280.090393026487,NA,159.50307450538884,709.9204610900399,NA,14777.276832638643,14127.656395423783,NA,341579.1171982822,NA,NA,NA,4163.093781879328,NA,NA,NA,NA,245.67800673439154,4621.364635805596,3303.3540023480277,NA,NA,NA,NA,NA
Cyanobacteria,As9601_B,Prochlorococcus marinus AS9601,NA,NA,599.9979181604535,163.05822468262642,24.95796292630724,16438.617491852936,312.42548284753695,NA,NA,NA,5781.183452257278,4965.547045678173,425.39662160179273,NA,4013.9585430611796,136017.0498097236,NA,NA,NA,NA,NA,NA,NA,20289.58037448943,NA,NA,89.80214380428976,NA,250.4639810838434,NA,NA,NA,NA,NA,NA,NA,4698.4616393440365,971497.7240163903,23438.70624081837,NA,NA,NA,1500.5575821265163,156.26727819022807,NA,NA,1049.971836719227,NA,NA,NA,NA,NA,4464.203375458935,NA,NA,95.1800411184777,93.53245197640484,NA,46.283173338082094,7963.960650548512,NA,140.63745725163457,643.1659472098497,NA,16059.981056549774,13108.941352049307,NA,334366.41833687155,NA,NA,NA,3725.1658094037607,NA,NA,NA,NA,208.2102866110083,4231.538641496065,2815.6586178965695,NA,119.08959802992204,NA,NA,NA
Cyanobacteria,As9601_C,Prochlorococcus marinus AS9601,NA,NA,362.6821948513609,149.44474533384067,63.96413580072548,18764.10342888627,260.35790938707635,NA,NA,NA,5151.73346494385,5105.469322438008,371.5419002603283,NA,3917.238776503669,140238.55723229723,NA,NA,NA,NA,NA,NA,NA,19718.62585945026,NA,NA,102.82679995794447,NA,197.27259569779093,10.403094979687381,NA,NA,NA,NA,NA,NA,NA,992931.1696605746,21206.379134474744,NA,NA,NA,1343.0324829863164,114.34807663924425,NA,NA,1187.2065764837703,NA,NA,NA,NA,NA,4534.842667639365,NA,NA,173.72816290434196,57.45765198810741,NA,NA,9215.799199546673,NA,NA,680.1371321242108,NA,14011.778769866605,12899.65285237055,NA,344762.9115447424,NA,NA,NA,4008.0342131385187,NA,NA,NA,NA,219.62125838541795,4387.195363450133,3132.370912305906,NA,NA,NA,NA,NA
Diatom,Cy_A,Cyclotella meneghiniana CCMP 338,NA,1001.479865987263,NA,34.51994425574007,153.12636188065122,5362.747794369086,NA,1893.9063334654322,NA,NA,5984.02020733629,31679.446295442416,41.38790476513059,NA,2882.380556728508,18644.453326005598,312.6654635484247,NA,13006.45665938323,NA,72.53048857219108,167.68833582009117,NA,855.880358816562,NA,630.4947098616207,1746.3273861228336,NA,28.655956942952137,2.9491961897886556,NA,46049.64989676131,21.520237738087374,18152.294422076,3.1862445775101724,NA,4729.652694029523,75101.02506375976,25623.78134489656,27461.32177021927,15686.11689518641,131.0519757745766,280.9678817784768,385.8979857598984,1125.3114186905011,142824.18729855402,6299.6236954094775,12.1768609301491,9156.638657179554,4.183436753600455,967.1210427590754,NA,30255.66187961249,990.4636564552372,109.68076628383787,14708.081822420834,2318.526961688185,NA,25.961894236187927,3768.8973675784578,33516.8011901684,813.3877518134386,3049.2715817349217,134.78412018497096,87.87835413995876,4344.564759756463,8.69443034132059,NA,77.64555998743992,NA,35.18294158652588,4794.686280503418,NA,NA,280.1876032008382,NA,785.5470957060519,1258.8062310669884,4168.746249937704,NA,578.3785380115462,NA,20.923925585691627,16.0927132322172
Diatom,Cy_B,Cyclotella meneghiniana CCMP 338,NA,3025.283058069117,NA,59.32695022259304,293.7268213686905,10599.09771175388,NA,5486.066805946937,NA,NA,13397.287971160134,81948.80628143546,96.3158524779046,NA,8146.378955967114,42716.45133748511,723.1005780507754,NaN,39506.111505141955,NA,182.36736983769583,404.64232527847946,NA,1153.4224459772379,NA,1549.4253615006703,4671.774760931305,NA,65.78787689941305,5.71878719527565,106.79326366086528,137241.84481730405,62.141404844242786,52110.234207284826,8.290033007557051,NA,8412.80552143651,197595.35518873803,62542.58799276894,70064.27266111785,42587.81713634512,370.5908414830926,592.9527570838566,748.7105960311696,2783.007733295288,401817.7944891799,8617.76158969699,29.134754367133368,22560.844153714923,13.433361618338054,2659.5415596673315,NA,50711.92815765088,2537.9507448317927,302.76704953934757,35481.11854101283,7443.825698271527,NA,44.92952289540722,11210.983169856385,65814.5365596913,1911.4001927437912,7356.730925746722,629.6250711260088,228.18626215474552,11012.289098314855,22.812728760508694,NA,NA,NA,89.61876861914209,13556.839062483883,NA,NA,773.5143453491152,NA,1668.8573251648504,3347.0349338381193,10391.690428908229,NA,969.5239436492686,NA,33.95621630064434,44.5276740418084
Diatom,Cy_C,Cyclotella meneghiniana CCMP 338,NA,1746.8035253024977,NA,26.994242803493037,158.4184736475045,7561.462753181667,NA,2983.152618756923,NA,NA,6691.59343874331,35913.94042673481,45.66137549568686,NA,4705.997810354803,24286.057192596978,462.83437948702687,NA,19970.402929178013,NA,113.11598156686684,208.280373784089,NA,776.8804622756427,NA,1073.8393222713316,2691.5834221917057,NA,34.18209634245685,3.210323369808366,NA,82706.18432018405,39.88357390744336,25040.912500646446,4.54841875775424,NA,8477.417278684592,113833.16025831692,34983.0144834088,42222.322355693395,27159.133127946046,218.61537312488326,332.1889683210188,456.71226887925434,1635.0040098835248,218585.2106686289,5774.426049573438,12.324258648497464,14165.1343565405,6.889884697957434,1493.2163030368804,NA,40561.56876143613,1448.8312896609368,30.50798033916997,21627.925382845682,4161.7246196609485,NA,31.02223935150524,5611.936062049824,48184.202810791685,1062.0997224324678,4122.064013876376,456.1799259540852,120.68020375655443,7432.3319431687605,13.465015177936777,NA,272.65208789749175,NA,52.684949534424824,9041.738191103579,NA,NA,406.1401568149229,NA,979.4129133546077,2090.9482331599243,6788.251472088936,NA,568.7337203990608,NA,14.39967910924237,28.41239820569697
Cyanobacteria,MED4_D,Prochlorococcus marinus MED4,11286.65519537557,NA,NA,373.41071964103367,1720.715849486854,27775.253128407658,377.1559811045448,9482.091033594117,NA,NA,13638.38134394561,10422.871149728959,685.2258915543741,NA,8062.213816496814,259263.10440834073,NA,NA,NA,NA,NA,NA,NA,24669.45564261487,NA,NA,223.57445574431296,387.4643851397584,562.5603978140574,126.41235339624822,NA,NA,NA,NA,NA,NA,64564.91575908151,6795149.91779913,48411.48518465555,321389.61381230294,NA,NA,4198.864826469494,494.7125928509255,3973.3883840620174,NA,2927.5918866188945,NA,NA,NA,3609.1362768856234,NA,NA,NA,631.4563265791706,276.7307370144662,7665.528349645484,NA,NA,50711.26045441458,5542.031477331901,1563.9479304472766,1874.5166877016472,NA,NA,41800.87398165434,NA,224715.61600124658,NA,NA,NA,23798.780035323707,NA,NA,NA,NA,2548.434232729744,9987.428404993036,8010.098427334941,NA,NA,NA,NA,278.2717902551108
Cyanobacteria,MED4_E,Prochlorococcus marinus MED4,NA,NA,NA,364.3155865275086,2147.057460099817,110180.92612573414,951.1384428540634,11192.881808306016,NA,NA,20178.89177866663,23051.03358846839,1062.1870136879472,NA,15675.587806818565,345527.20230024017,NA,NA,NA,NA,NA,NA,NA,66212.01257650678,12.980143174014575,NA,236.6802909901558,959.036734195084,563.6086866781908,98.07613946356396,NA,NA,NA,NA,NA,NA,73643.35238482633,8485327.504166117,145178.56231718566,460980.4718588642,9.470788406965601,NA,4181.934318303422,736.2060908024342,10734.820682888749,NA,4055.251452697233,NA,NA,NA,4519.254005978397,NA,19453.902639402968,NA,1013.7502414972889,298.4790364882485,6132.641939765212,NA,575.6341808582514,57645.67435453463,10500.314553902044,2414.954258473119,3109.395467617844,NA,NA,52726.19661067828,NA,321813.9536173658,NA,NA,NA,29096.05506876111,NA,NA,NA,NA,3134.728631583794,15737.844660252527,9387.974307821478,NA,NA,NA,NA,374.5675261913623
Cyanobacteria,MED4_F,Prochlorococcus marinus MED4,NA,NA,NA,382.9551098762872,3243.870119516621,192326.69549676613,1030.3266424265835,10854.671068682948,NA,NA,21647.430821215603,18596.96101903744,1212.8788168989497,NA,12208.445046455075,395969.86932717153,NA,NA,NA,NA,NA,NA,NA,69795.32004468837,NA,NA,478.9372521633242,730.723581855573,507.36886738779253,83.29473432727627,NA,NA,NA,NA,5.410333926397622,NA,74706.98337894239,8396585.70289211,86010.24165323078,330755.07142999,11.990016792566083,NA,4379.1842888044785,690.4096165830879,11439.555951401182,NA,5106.90860916452,NA,NA,NA,4421.921011865812,NA,19305.025883516064,NA,1134.0001262722444,474.22585019816887,6682.528422130966,NA,NA,55938.9833034419,12276.777996416036,1871.657047133949,2714.3846562244808,NA,NA,49750.82829335441,NA,295061.95689242636,NA,NA,NA,28358.809408525198,NA,NA,NA,NA,2803.9706438286526,13945.69522060769,10741.011029709518,NA,NA,11.512918119861471,NA,286.36739323678455
Cyanobacteria,Nat_A,Prochlorococcus marinus NATL2A,NA,NA,2004.6516497792354,664.9043478144653,NA,33442.80097393672,1136.948676043254,NA,NA,NA,38965.390455001594,44973.64253303459,1074.7075782489683,NA,67056.72655124287,1738766.923083826,NA,NA,NA,NA,NA,NA,NA,290538.4357664247,NA,469.9534858218168,888.1712541741908,NA,994.3590796250243,149.65403004322786,NA,NA,NA,NA,NA,NA,19216.09417134377,6371056.315082451,580196.6480848547,180251.26856061936,NA,NA,6385.395997553027,350.5730136072251,NA,NA,4276.025099633899,NA,NA,NA,NA,NA,22220.72510073999,NA,NA,565.4387943742537,141.97452731941164,NA,NA,38113.09761599683,NA,1960.8600334215162,5122.757098871027,NA,54353.688644789814,35306.1458312264,NA,1721513.477887687,NA,NA,NA,17401.75098951571,NA,NA,NA,NA,1894.435561524388,12654.270380752623,24404.57154812813,NA,NA,NA,NA,501.4063588775247
Cyanobacteria,Nat_B,Prochlorococcus marinus NATL2A,18642.282319338316,NA,1994.7915861603508,765.2211663453066,NA,34198.51917110877,803.0382224629396,NA,NA,NA,57554.09384128041,57377.25029304346,1525.3613105888066,NA,82122.72215413816,2205715.3204355305,NA,NA,NA,NA,NA,NA,NA,314424.10107748635,NA,547.0324418183367,860.8325878233973,NA,1255.902296965293,176.0472586540177,NA,NA,NA,NA,NA,NA,17231.48856255251,7835630.498697044,532980.0035844805,221208.5017882197,NA,NA,7470.408005655368,398.25475282143304,NA,NA,6350.850505166664,NA,NA,NA,NA,NA,29518.50528665365,NA,NA,728.2882998032806,169.36030475102376,NA,466.8402401776234,41347.01415895377,NA,2246.764608810155,6106.451789068791,NA,73322.9443200611,38846.06922414427,NA,1951977.1589783174,NA,NA,NA,21727.859730923963,NA,NA,NA,NA,2503.9629173579606,15974.720353459361,25433.081960512875,NA,NA,NA,NA,688.0449733884396
Cyanobacteria,Nat_C,Prochlorococcus marinus NATL2A,17341.142275212584,NA,1544.3656281024187,600.2064928793676,NA,41387.50946537267,1157.0007070953259,NA,NA,NA,58957.06570101749,50974.27477199063,1478.7154070933352,NA,76772.24650646377,2125780.7292477144,NA,NA,NA,NA,NA,NA,NA,312295.75790044275,NA,501.84526607653055,1197.01205027145,NA,980.6129220667198,NA,NA,NA,NA,NA,NA,NA,28318.69366436682,7811663.086583111,449224.0229968305,NA,NA,NA,5818.645314024293,353.5782036756677,NA,NA,6534.166642975599,NA,NA,NA,NA,NA,22834.70287744031,NA,NA,775.9314993753708,162.0141923736388,NA,420.48912655126685,41163.38348830335,NA,2418.994341717831,5614.361031685112,NA,64505.83443518371,38203.10916065767,NA,2138205.2687583743,NA,NA,NA,18890.106884372562,NA,NA,NA,NA,2609.5170554812967,15556.508691895018,25880.628252979215,NA,NA,NA,NA,550.2404779926636
Diatom,Np_A,Navicula pelliculosa CCMP543,NA,918.545694722146,144.6789228239465,221.25222904101275,129.19671786876143,2258.1845808313487,NA,5033.3998272267045,NA,NA,16578.72019248154,129499.26507242062,1103.1020957269639,NA,5745.059128893785,40335.65152548754,NA,NA,NA,NA,28.67408970184378,273.4775762656676,255.48183238790287,6808.167365891258,NA,NA,6.1779597355923634,NA,NA,NA,NA,44400.896959479804,NA,1.1726341399932325,NA,NA,29456.47614317577,126593.43909851983,38173.785415936516,39852.154903419534,21366.63354032212,NA,118.93197724416817,757.2128885837622,949.3939527308523,NA,190.84485826458905,NA,0.7105422219658699,4.164285403296227,26773.822620637453,NA,12624.552860961248,1439.3509691699167,834.3702286205513,2546.101370828928,1807.9601406603617,NA,38.478403367670715,5197.76316403618,120365.16508808092,1629.4115616406707,127893.7999586828,8.662247334040742,NA,5795.386339098912,NA,975.2106958112565,NA,0.6580353873584703,NA,1091.6486988013437,NA,NA,NA,NA,628.4867973728481,491.77275407356876,1187.5876109403473,NA,904.0628448717168,10.910393537851608,NA,6.322244110257249
Diatom,Np_C,Navicula pelliculosa CCMP543,NA,785.0043715632604,81.02605146845451,406.9045998946301,128.09298452372033,2931.2506261687627,NA,4079.439642220743,NA,NA,7308.954552562514,91703.94730868001,977.6516637229645,NA,5430.355496431775,33170.81901124364,NA,NA,NA,NA,20.5211783763412,208.18608392358414,119.89913259604263,6697.83351424756,NA,NA,4.3220976632106645,NA,NA,NA,NA,39705.36430533864,NA,NA,NA,NA,NA,111296.27429958998,30202.894766111236,35336.908875121364,10725.727448024814,NA,152.2330483136721,584.7146675758058,819.1188741404053,NA,169.75056393310783,NA,0.40997492956361486,3.5048092816410588,20608.588518110642,7481.008127298148,10384.884552700723,1131.133083728675,864.6458487668116,1941.6850309634747,789.2632591027007,NA,24.95346384536597,5604.186813771243,91116.24335476672,1534.8230646658874,112024.18144302152,7.914474845850743,NA,3724.6596394358935,NA,959.5463648344042,NA,0.42236197139427445,NA,828.1507018290948,NA,NA,NA,NA,526.1953676460693,405.8398987458048,1400.95544718312,NA,622.3130836849782,25.314175415127337,NA,7.942897953375391
Diatom,Np_F,Navicula pelliculosa CCMP543,NA,745.5609664925196,66.82651967136412,254.54009382419582,166.30019501334135,2511.4639742709755,NA,3917.731540786759,NA,NA,10814.730295934845,107946.77869637734,647.014581462027,NA,4315.038275785039,30149.803370459107,NA,NA,NA,NA,17.531550853567044,173.2364705961004,221.7743780033818,4992.3746209375095,NA,NA,3.2324604861886446,NA,NA,NA,NA,33377.74850638672,NA,NA,NA,NA,14108.118405348132,93377.4632653364,30480.678381668396,20483.803434643218,10953.400699934555,NA,49.26619840011,1049.6745541025875,842.2326396703004,NA,84.58366256384764,41.68348727381162,1.1617795995209352,NA,21521.259627907926,NA,9971.46901985964,905.8987645765205,76.65088673137791,2378.618472073131,398.458241018501,NA,40.527625568355866,4145.460882268063,83011.71184505054,1292.0483929769364,92982.78578123776,6.889573138679469,NA,3916.876743163097,NA,697.5505849199506,NA,0.425277176104958,NA,878.50835564315,NA,NA,NA,NA,472.52117144981173,513.9218931335308,1124.3142628972444,NA,1518.3443561392385,8.51227058306454,NA,3.831970985981746
Diatom,Pc55x_A,Pseudo-nitzschia pungens Pc55x,NA,272.5932818922963,40.82480171060364,39.34052189677462,10.717381086234903,1203.0311769308908,NA,334.342039293655,7.093228562128548,NA,2131.1468932576245,874.8091819530719,6.7811375116307895,NA,264.68026940036674,4033.786707460107,666.6028849686529,NA,5594.146437302565,3.321143346973441,11.85908772758885,879.1016588791672,177.27593265051115,99.92789245303157,NA,NA,7.956533734952911,NA,140.81108911097314,0.0935530833504874,NA,378.68230672930395,0.6427825669606364,940.3571818190431,NA,NA,NA,20644.31765780946,876.0857394783453,403.37985963759934,23517.365072660472,NA,79.31349590723124,65.64472169946929,2730.1601822033585,18691.968213679444,228.36455798398813,25.144641946897565,30280.28222460596,43.20768080848854,NA,NA,13877.22956270247,531.1654608236134,4383.501261274131,338.07771281921873,249.48254338812663,18.47926283556373,412.24755372655306,30.129645249057674,NA,3539.1243595119936,137.44291443675868,24.0597467595142,97.79834392579181,537.005203055109,NA,4822.0976688557475,502.1325442394601,NA,860.7207158680549,2394.498338105704,NA,NA,NA,NA,4701.514350715797,14179.13892932696,767.2223380681719,NA,173.07149508305014,2.46816915494234,118.99570281391769,34.01674339929331
Diatom,Pc55x_B,Pseudo-nitzschia pungens Pc55x,NA,294.8442034592152,34.364421260486615,52.96402312465312,13.150612596616314,1386.5801161786496,NA,318.93316409860404,6.963772069764954,NA,1887.9720356413416,978.603882325818,7.116043515500658,NA,264.0014360837659,3502.4787338421083,772.9467106296844,NA,6031.199740981772,3.8181247196101498,12.546655171770663,999.6662604484044,164.26414960171167,96.64450074184083,NA,NA,9.389590211876747,NA,167.40817183103178,NA,NA,421.88574950273744,0.7341752501206115,934.730189942058,NA,2076.50069955223,41049.17255503379,21987.034472273535,953.2508393018929,326.79318544054877,23227.996227943815,NA,75.52995544488898,80.57831722354452,3180.250774561858,19239.67915684268,206.66083028399166,28.221556818210047,31213.7307804099,36.263693759810785,NA,NA,16595.358346278328,397.5382503612114,4317.8875707690695,476.2733535093975,278.2693354911437,19.297252511644597,510.56407452910315,106.26592394769247,515.9237961871892,3776.734983160841,170.0451710018218,28.037474246180537,94.25853645525905,477.39963918894034,2.519968258494921,5047.95279148251,576.8380385116637,NA,929.5257843295334,2804.165329609143,NA,NA,NA,NA,5000.382275656679,15382.752687588116,841.5763638307772,NA,193.26149252643165,2.27552670170005,110.10570003683132,41.17347365882952
Diatom,Pc55x_C,Pseudo-nitzschia pungens Pc55x,NA,340.9582262598223,64.58734408864788,31.732465869284137,11.224528579953162,1300.0089848989435,NA,NA,NA,NA,1864.3578682972145,851.991439623609,NA,NA,280.7297000976898,4387.6279342939615,763.0857318005693,NA,7190.109845573254,4.100607960103675,14.806234441874203,1095.0186372599433,520.490601464567,65.29320488295362,NA,NA,9.69964433814939,NA,136.94033722984233,0.15354436396909615,NA,456.9857008174124,0.6924112387041944,1042.8372611972268,NA,NA,NA,24643.97832619227,832.514823592827,518.9421347472455,21836.899122068313,NA,128.4228659573552,75.3958320558782,2655.346631869613,25335.61619101233,123.87588757683518,40.24258641080196,37454.799288661336,40.91866567381663,NA,NA,12829.29985821775,617.8678520634048,3013.356770009898,452.5763359534889,329.75710791533106,18.400756088841845,389.71024100356817,49.805830278061634,NA,3197.9105041289936,168.28716916925407,25.486988760593846,116.70386178120955,694.8729337643135,NA,4627.217042343531,86.5406629579323,NA,988.1940578175195,2364.976449063694,NA,NA,NA,NA,4722.605377275521,13716.013172932173,920.8332043482067,NA,228.77171604489064,NA,113.98307593605017,39.030075423972534
Diatom,Pt_C,Phaeodactylum tricornutum CCMP2561,NA,111.16374902884473,26.407014143262195,18.2654065918967,37.49414678802546,631.3260243131,0.1502138253225274,1011.6569349598411,NA,NA,881.5682453241209,7720.520071756934,8.367847932188173,NA,895.3778238245492,5500.595402219046,151.2741738639839,NA,2677.051506691859,1.4868942190048449,6.063016438332874,44.50300271121019,716.8874892897211,324.6815328408173,NA,33.23602277981923,0.19052609307232182,NA,5.473981136149504,NA,NA,12694.00726699192,0.03543262852542512,1076.3578596861948,NA,NA,550.6246957752389,29061.659835832757,7969.951275707108,3722.101868424824,330.0341375069783,NA,NA,38.24651216305396,862.5946417952697,NA,NA,3.477435750059226,0.10459129242897529,NA,NA,NA,9200.561707373197,181.2035192838694,3.156835312110765,46.37354262002119,160.10960971495066,NA,15.655495686260522,590.9541437506758,26475.014681647488,111.5362265114492,4128.773649709935,27.25424146886442,403.61350173772695,726.5352003674107,0.7112274231236987,155.42342282831953,NA,0.04548483502669125,NA,993.4469213021827,NA,NA,367.53398935031544,NA,166.2043254016344,173.00915268886934,21.13732273706922,NA,16.34337308631068,NA,NA,NA
Diatom,Pt_F,Phaeodactylum tricornutum CCMP2561,NA,116.71739087503435,25.82804991046067,14.448003193847505,36.643177255029535,575.298587810035,0.13420782394719244,1149.4085886770135,NA,NA,939.668031161689,5616.306938613861,8.7482483399512585,NA,930.7297838833248,6352.335958259482,170.79994284593246,NA,2702.560790659908,1.7768026777783201,6.663310515631997,47.73051593474246,370.8835515440555,342.29974736241286,NA,42.48199876894165,0.34458544222516474,NA,6.672856009454049,NA,NA,14659.226589374824,0.03614504651214466,942.7145882503459,NA,NA,6103.026071621326,31177.99176244699,7968.964044044941,3503.5969358048483,1379.4154100810895,NA,8.34086122981985,25.64061488083754,779.8162517073824,NA,NA,3.4764821574515725,0.11094608075414393,NA,NA,NA,8324.579341016884,173.7403999353033,26.03470979652053,36.26136706408454,322.1146678499764,NA,7.038787107986357,323.6295110335176,22405.530697090962,105.54975472253014,4030.1026280282103,24.299524327270177,472.04472354200857,577.118421397304,0.6781605352376149,165.31750161105668,NA,NA,NA,940.9945854633532,NA,NA,398.3608558059863,NA,143.52555855128915,131.2463618251332,59.21775826595695,NA,12.09352562653513,0.4182040666744386,NA,NA
Diatom,To_A,Thalassiosira oceanica CCMP 1005,NA,1394.5580414237297,NA,7.995025274148847,89.63853699164505,4733.222300401037,NA,3822.006506505514,298.506710548231,NA,2484.399991251881,NA,95.14577072025173,NA,3451.0671969635637,14223.025750735756,NA,NA,4133.017375626267,NA,14.463858981529802,617.0341485728155,NA,881.1116905003744,NA,NA,60.75003160698325,NA,27.49734987302234,1.5825246986630535,NA,54005.820917386845,0.36434995746009224,549.047248062781,NA,NA,2055.3945512508053,100625.22967928977,62015.303770541934,1676.3682832765314,1084.0944668724424,NA,183.1606569620722,610.3547362680358,1817.4125419581974,4209.856313628746,1010.016802898125,NA,NA,4.0212315325167856,2072.0201018351163,NA,65936.74866408572,1800.2290590345099,2062.188815256169,8078.215381774694,667.7749257274505,NA,10.568723817376261,1591.8897563390237,323262.9790868279,832.2204833977829,1027.501266275424,83.07524794089495,NA,8356.400733508108,3.5859512380070626,NA,4725.481965457992,NA,NA,11690.047347850239,NA,NA,NA,NA,8558.470020479841,2285.028904175558,2652.0797836309976,NA,344.01368054613823,NA,NA,4.913039603949634
Diatom,To_B,Thalassiosira oceanica CCMP 1005,NA,1195.560968299252,NA,8.090055515823313,31.101684131670854,1019.5098426367709,NA,2200.2127733104608,212.7161512923986,NA,1135.6625821526459,NA,37.38713770549636,NA,2296.383847227959,7980.081480925925,NA,NA,3246.0303184149434,NA,11.46843976669225,427.4803663422859,NA,311.1707033505209,NA,31.120130237865705,44.18815166659024,NA,18.18206510971013,0.8326970558194242,NA,39262.833874695105,0.2619623332842453,428.88746838092413,NA,570.4633330913924,1829.7853387071734,67183.93690613622,41009.77483039502,2561.640646963031,507.85714791587736,NA,112.9245669695596,360.2247371246415,651.0114001245673,3377.977731951943,720.7987195839573,NA,NA,3.7039087109811666,1305.299830322947,NA,36103.74303450601,744.9860034740071,737.6789832824866,5679.4658819262295,374.9139986100856,NA,5.710277934324247,1125.2908868502846,224689.6710592655,563.7525578101689,746.9401438202569,53.02779403330214,23.3739016642682,5584.377372857201,2.665711647605713,NA,NA,NA,NA,6205.461710449023,NA,NA,NA,NA,6310.020148186955,1417.984420163697,1490.772617290756,NA,204.34055513834062,NA,NA,3.1170342465449723
Diatom,To_C,Thalassiosira oceanica CCMP 1005,NA,761.5335593033456,NA,487.99252905730924,25.76036033305127,1129.486763108454,NA,2443.9880921865984,224.17448154321815,NA,504.0448490248036,NA,37.57294156066428,NA,2459.568036039248,9079.811048196098,NA,NA,3365.8027777025527,NA,3.7355359784692617,249.23183068470095,NA,325.2102032111719,NA,33.340354037313574,52.033273420354234,NA,13.107663655468857,NA,NA,44164.05947833663,0.2985951229580487,347.1389178254288,NA,598.1779502827598,217.04444523788422,71381.7616325681,39557.53638759673,5366.8658257246425,316.0724978455214,NA,52.99304400715866,407.0452093020753,754.8612266817013,3933.6996185580456,925.2198237283784,NA,NA,10.993190413876551,698.1804239983916,NA,38657.0792669442,929.6991189393606,776.4588374327997,6037.405101048465,108.11257259761321,NA,5.128756555141944,1153.066152171742,218988.53815759125,804.4992039354458,879.5744151280892,23.231082478395887,44.48574567678489,5149.003499689231,2.585088019656931,NA,75.88350246970418,0.1093990439785758,NA,7053.030351157589,NA,NA,NA,NA,6992.564823759764,1741.6019500143032,1803.556028959142,NA,165.2890317000247,9.996127289022237,NA,2.982619975799226
Diatom,Tp_A,Thalassiosira pseudonana CCMP1335,NA,1666.7733709725512,NA,24.693898008500884,193.2279915940548,1397.7596879250545,NA,3195.0651031293523,12.418333212248424,NA,5796.558513581954,24488.005229556486,16.7805409096017,NA,6080.434816742169,44300.271621765525,NA,NaN,19543.04102923115,NA,13.489415960962061,845.4967218553081,NA,417.9012910542209,NA,3.2063492753072675,NA,NA,76.76332234212416,8.580999022380407,NA,40122.21199261687,0.5912170064674747,4891.923713684126,NA,NA,6552.680124878807,135042.81733631028,29881.871106139184,34153.621012143056,5432.971979434693,NA,741.8134716130858,120.19748997783181,717.8152564230522,97471.81424494156,NA,NA,0.8144240752259445,NA,5735.994198523629,NA,5573.118463091395,NA,255.76964493027137,4785.045963622086,1909.8093040380359,NA,38.55518949935302,4957.399915178656,5529.502367766596,1181.7788956895813,18982.395162938807,65.18218839593732,229.77545031741602,3579.5953442320606,13.400408443060591,NA,NA,0.5092034268214138,NA,12779.507006190419,NA,NA,1008.5095258531719,NA,3021.30988960193,3165.9876454887353,1819.9302124218525,NA,135.27405216655472,NA,NA,71.29131196902514
Diatom,Tp_E,Thalassiosira pseudonana CCMP1335,NA,1801.7024714100849,NA,62.08048871560024,139.14797830236336,1493.2149985412436,NA,2097.6333972035345,23.887153889262265,NA,2951.284165506284,24461.34399671833,13.194447732992076,NA,5561.41301299805,37845.2404346312,NA,NA,23748.838730249536,NA,11.037042899094116,832.3862241684074,NA,387.79294597992373,NA,NA,NA,NA,48.86144138324797,NA,NA,52960.76293882742,0.6400127789220479,4523.175319674085,NA,NA,878.5235058168249,97600.41301122024,19324.575290412173,24185.513718421247,2237.288520982825,NA,235.84891304591625,166.51352347833802,539.6996430272424,76772.71474854194,157.50539341209398,NA,1.206741340907275,10.187902079956396,7201.3257072531615,NA,4097.872334608253,NA,354.70426688388386,4239.289977443121,1657.032532942508,NA,36.1808024163873,4119.539360517063,4242.6901615010365,1126.1374913209272,14504.000233040664,40.33264311813514,230.70801633854697,2455.878038159332,12.619717867564184,NA,NA,0.7061219325884032,NA,9744.239854895719,NA,NA,920.9135584301016,NA,3247.894082717371,3617.6717272056057,2095.912640939505,NA,127.85242365817723,NA,NA,74.72328893474295
Diatom,Tp_F,Thalassiosira pseudonana CCMP1335,NA,884.1090854598989,NA,11.617699456282399,82.77533935071824,786.9701718045271,NA,1126.9381843448728,12.296497073420454,NA,1883.7990833230938,12784.055535289492,4.853472645179671,NA,2679.450725887524,18358.878761040836,NA,NA,11949.576563886872,NA,6.561270079242126,459.74696174272094,NA,176.270622424643,NA,NA,NA,NA,40.05941160396256,3.830090344364393,NA,29970.38911312224,0.34535097126525904,2640.2436813553572,NA,NA,1239.8682833691475,51239.09440917061,9209.870325198082,13190.5909328638,1516.7969918843341,NA,318.58215762868923,84.07253539207025,279.57299494093013,46255.02684371356,NA,NA,0.6169159103940749,NA,3284.8535092726247,NA,2387.389332863021,NA,3.1567306047313637,2454.3429155575836,1018.019621536151,NA,14.70879996890855,2221.5338702279564,1902.8542803294145,638.973445283363,7905.619403262019,25.601159584587233,93.63899526935772,1153.076973673003,6.9050716241089045,NA,NA,NA,NA,5808.020805913668,NA,NA,477.18484679868175,NA,1881.216536346741,1948.1195336234714,1063.0484312294486,NA,79.06096186590278,NA,NA,36.73818011484828
