Identification,MassFeature_Column,Date,RFmax,RFmin,RF,RFFlag,RFratio
4-Hydroxyisoleucine,I148.0968R8.21_HILICPos_X_HILICPos,161107,18225799.17981008,14901555.617564004,16563677.39868704,used relative RF,0.8743641959961511
4-Hydroxyisoleucine,I148.0968R8.21_HILICPos_X_HILICPos,161114,20950590.693476554,17129366.419525802,19039978.556501176,used relative RF,0.8743641959961511
4-Hydroxyisoleucine,I148.0968R8.21_HILICPos_X_HILICPos,170123,22630786.794618133,18503107.861673985,20566947.32814606,used relative RF,0.8743641959961511
4-Hydroxyisoleucine,I148.0968R8.21_HILICPos_X_HILICPos,170213,22528508.782179072,18419484.560672022,20473996.671425547,used relative RF,0.8743641959961511
4-Hydroxyisoleucine,I148.0968R8.21_HILICPos_X_HILICPos,170410,20705229.884319704,16928757.50751323,18816993.695916463,used relative RF,0.8743641959961511
4-Hydroxyisoleucine,I148.0968R8.21_HILICPos_X_HILICPos,170419,19456815.817594696,15908044.42571542,17682430.121655058,used relative RF,0.8743641959961511
4-Hydroxyisoleucine,I148.0968R8.21_HILICPos_X_HILICPos,170821,20759393.690929513,16973042.258414533,18866217.974672023,used relative RF,0.8743641959961511
4-Hydroxyisoleucine,I148.0968R8.21_HILICPos_X_HILICPos,180227,23199267.23258814,18967901.903369084,21083584.56797861,used relative RF,0.8743641959961511
4-Hydroxyisoleucine,I148.0968R8.21_HILICPos_X_HILICPos,180702,23113060,16584834,19848947,NA,0.8743641959961511
4-Hydroxyisoleucine,I148.0968R8.21_HILICPos_X_HILICPos,190715,15686063,14773413,15229738,NA,0.8743641959961511
Acetyl-L-carnitine,I204.1232R7.22_HILICPos_X_HILICPos,161107,1712323468.5850108,1405526152.2557054,1534303635.7132967,used relative RF,0.9652651895206188
Acetyl-L-carnitine,I204.1232R7.22_HILICPos_X_HILICPos,161114,1884221033.2764142,1546624798.110561,1688330058.474545,used relative RF,0.9652651895206188
Acetyl-L-carnitine,I204.1232R7.22_HILICPos_X_HILICPos,170123,2477283198.452084,2033427904.1595702,2219735165.58609,used relative RF,0.9652651895206188
Acetyl-L-carnitine,I204.1232R7.22_HILICPos_X_HILICPos,170213,1892734567.3884213,1553612960.7224038,1695958492.3426013,used relative RF,0.9652651895206188
Acetyl-L-carnitine,I204.1232R7.22_HILICPos_X_HILICPos,170410,2317793577.3498683,1902514068.3188694,2076826708.156677,used relative RF,0.9652651895206188
Acetyl-L-carnitine,I204.1232R7.22_HILICPos_X_HILICPos,170419,1665218387.912614,1366860897.7031417,1492095783.130426,used relative RF,0.9652651895206188
Acetyl-L-carnitine,I204.1232R7.22_HILICPos_X_HILICPos,170821,1091602047.6222243,896019504.4554123,978114837.0306926,used relative RF,0.9652651895206188
Acetyl-L-carnitine,I204.1232R7.22_HILICPos_X_HILICPos,180227,1148696576,974734464,1081510485.3333333,NA,0.9652651895206188
Acetyl-L-carnitine,I204.1232R7.22_HILICPos_X_HILICPos,180702,849620800,759982528,804801664,NA,0.9652651895206188
Acetyl-L-carnitine,I204.1232R7.22_HILICPos_X_HILICPos,190715,444376544,435337632,439857088,NA,0.9652651895206188
Adenine,Adenine_X_HILICPos,161107,911815936,802454080,850055968,NA,0.9817366322832808
Adenine,Adenine_X_HILICPos,161114,1389108736,1368366336,1378737536,NA,0.9817366322832808
Adenine,Adenine_X_HILICPos,170123,1487128832,1375349120,1414434560,NA,0.9817366322832808
Adenine,Adenine_X_HILICPos,170213,1285542016,986360512,1137213589.3333333,NA,0.9817366322832808
Adenine,Adenine_X_HILICPos,170410,1174537856,965016384,1100420586.6666667,NA,0.9817366322832808
Adenine,Adenine_X_HILICPos,170419,1049262272,690171456,869716864,NA,0.9817366322832808
Adenine,Adenine_X_HILICPos,170821,991694976,887687744,939691360,NA,0.9817366322832808
Adenine,Adenine_X_HILICPos,180227,1239856128,1061250240,1157932565.3333333,NA,0.9817366322832808
Adenine,Adenine_X_HILICPos,180702,758849792,724741888,741795840,NA,0.9817366322832808
Adenine,Adenine_X_HILICPos,190715,570620928,548028928,559324928,NA,0.9817366322832808
Adenosine,Adenosine_X_HILICPos,161107,328191712,286858592,301366920,NA,0.8463268927702063
Adenosine,Adenosine_X_HILICPos,161114,646666240,644842304,645754272,NA,0.8463268927702063
Adenosine,Adenosine_X_HILICPos,170123,524020512,462748992,488647797.3333333,NA,0.8463268927702063
Adenosine,Adenosine_X_HILICPos,170213,522380416,413615552,469271221.3333333,NA,0.8463268927702063
Adenosine,Adenosine_X_HILICPos,170410,446276960,427098240,437433664,NA,0.8463268927702063
Adenosine,Adenosine_X_HILICPos,170419,516277184,300951424,408614304,NA,0.8463268927702063
Adenosine,Adenosine_X_HILICPos,170821,437697952,342793920,390245936,NA,0.8463268927702063
Adenosine,Adenosine_X_HILICPos,180227,493897632,449453856,465049706.6666667,NA,0.8463268927702063
Adenosine,Adenosine_X_HILICPos,180702,318092000,293444864,305768432,NA,0.8463268927702063
Adenosine,Adenosine_X_HILICPos,190715,311409856,302418624,306914240,NA,0.8463268927702063
Adenosyl Homocysteine,Adenosyl Homocysteine_X_HILICPos,161107,53844536,30309398,44206168.5,NA,0.6741500884741054
Adenosyl Homocysteine,Adenosyl Homocysteine_X_HILICPos,161114,49526612,49261904,49394258,NA,0.6741500884741054
Adenosyl Homocysteine,Adenosyl Homocysteine_X_HILICPos,170123,91924936,44207108,61745772,NA,0.6741500884741054
Adenosyl Homocysteine,Adenosyl Homocysteine_X_HILICPos,170213,88018472,47778424,71594042.66666667,NA,0.6741500884741054
Adenosyl Homocysteine,Adenosyl Homocysteine_X_HILICPos,170410,68240304,39730700,52018441.333333336,NA,0.6741500884741054
Adenosyl Homocysteine,Adenosyl Homocysteine_X_HILICPos,170419,74763560,38199556,56481558,NA,0.6741500884741054
Adenosyl Homocysteine,Adenosyl Homocysteine_X_HILICPos,170821,58592316,54395524,56493920,NA,0.6741500884741054
Adenosyl Homocysteine,Adenosyl Homocysteine_X_HILICPos,180227,93973352,34962796,59573010.666666664,NA,0.6741500884741054
Adenosyl Homocysteine,Adenosyl Homocysteine_X_HILICPos,180702,52073552,49323208,50698380,NA,0.6741500884741054
Adenosyl Homocysteine,Adenosyl Homocysteine_X_HILICPos,190715,28992704,25293146,27142925,NA,0.6741500884741054
Adenosyl Methionine,Adenosyl Methionine_X_HILICPos,161107,21990822,6400403,15014213,NA,0.9643005449770172
Adenosyl Methionine,Adenosyl Methionine_X_HILICPos,161114,6649955.5,6634122.5,6642039,NA,0.9643005449770172
Adenosyl Methionine,Adenosyl Methionine_X_HILICPos,170123,23410596,10708018,15138006.666666666,NA,0.9643005449770172
Adenosyl Methionine,Adenosyl Methionine_X_HILICPos,170213,50640528,14609538,28817870.666666668,NA,0.9643005449770172
Adenosyl Methionine,Adenosyl Methionine_X_HILICPos,170410,40930208,6332526.5,19142727.166666668,NA,0.9643005449770172
Adenosyl Methionine,Adenosyl Methionine_X_HILICPos,170419,8056937.5,5941739,6999338.25,NA,0.9643005449770172
Adenosyl Methionine,Adenosyl Methionine_X_HILICPos,170821,48447808,8661105,28554456.5,NA,0.9643005449770172
Adenosyl Methionine,Adenosyl Methionine_X_HILICPos,180227,17644124,3707242.5,9071376.666666666,NA,0.9643005449770172
Adenosyl Methionine,Adenosyl Methionine_X_HILICPos,180702,52404580,4905596.5,28655088.25,NA,0.9643005449770172
Adenosyl Methionine,Adenosyl Methionine_X_HILICPos,190715,3256040,2836072.5,3046056.25,NA,0.9643005449770172
Agmatine,Agmatine_X_RP,161110,106796432.99229261,38461041.36679415,78674727.63468716,used relative RF,0.5739625810760454
Agmatine,Agmatine_X_RP,161118,126827524.87367177,45674921.380252816,93431219.53087841,used relative RF,0.5739625810760454
Agmatine,Agmatine_X_RP,170216,116089856.03683923,41807920.26659055,85521000.55165243,used relative RF,0.5739625810760454
Agmatine,Agmatine_X_RP,170413,39594888.47169144,14259471.039947823,29168736.997620065,used relative RF,0.5739625810760454
Agmatine,Agmatine_X_RP,170425,291790241.98662347,105083627.35564697,214955847.97681215,used relative RF,0.5739625810760454
Agmatine,Agmatine_X_RP,170828,207722658.69413957,74808020.68953311,153024994.73455197,used relative RF,0.5739625810760454
Agmatine,Agmatine_X_RP,180302,169981072,116003592,142992332,NA,0.5739625810760454
Agmatine,Agmatine_X_RP,180716,85521968,55229068,68517752,NA,0.5739625810760454
Agmatine,Agmatine_X_RP,190725,114258792,33332512,73795652,NA,0.5739625810760454
Alanine,Alanine_X_HILICPos,161107,8079494.5,7054016.5,7742468.5,NA,0.94678860801174
Alanine,Alanine_X_HILICPos,161114,10557716,10311054,10434385,NA,0.94678860801174
Alanine,Alanine_X_HILICPos,170123,16305160,10445700,12733174.666666666,NA,0.94678860801174
Alanine,Alanine_X_HILICPos,170213,10795216,7788255.5,9782114.5,NA,0.94678860801174
Alanine,Alanine_X_HILICPos,170410,11496303,6789368.5,9382699.5,NA,0.94678860801174
Alanine,Alanine_X_HILICPos,170419,10133082,6218051.5,8175566.75,NA,0.94678860801174
Alanine,Alanine_X_HILICPos,170821,8583173,8237615.5,8410394.25,NA,0.94678860801174
Alanine,Alanine_X_HILICPos,180227,18713280,11516090,14630005,NA,0.94678860801174
Alanine,Alanine_X_HILICPos,180702,12703050,12315296,12509173,NA,0.94678860801174
Alanine,Alanine_X_HILICPos,190715,7892327.5,6723617,7307972.25,NA,0.94678860801174
Allopurinol,Allopurinol_X_RP,161110,17466789.596830502,17440745.99679902,17453767.79681476,used relative RF,0.8382497728907972
Allopurinol,Allopurinol_X_RP,161118,20742918.37270525,20711989.948990658,20727454.160847954,used relative RF,0.8382497728907972
Allopurinol,Allopurinol_X_RP,170216,18986749.20976202,18958439.296278726,18972594.253020372,used relative RF,0.8382497728907972
Allopurinol,Allopurinol_X_RP,170413,6475830.387471045,6466174.695705364,6471002.541588205,used relative RF,0.8382497728907972
Allopurinol,Allopurinol_X_RP,170425,47722930.6296815,47651774.05504256,47687352.34236203,used relative RF,0.8382497728907972
Allopurinol,Allopurinol_X_RP,170828,33973493.98520283,33922838.30608575,33948166.145644285,used relative RF,0.8382497728907972
Allopurinol,Allopurinol_X_RP,180302,23386707.842427503,23351837.435262825,23369272.638845164,used relative RF,0.8382497728907972
Allopurinol,Allopurinol_X_RP,180716,42155724,17782196,31070420,NA,0.8382497728907972
Allopurinol,Allopurinol_X_RP,190725,17722844,10679048,14200946,NA,0.8382497728907972
Amino Propanesulfonic Acid,Amino Propanesulfonic Acid_X_HILICNeg,161107,18292372,13198888,15829996.25,NA,0.9510270675044261
Amino Propanesulfonic Acid,Amino Propanesulfonic Acid_X_HILICNeg,161114,23368588,17092338,21132724.666666668,NA,0.9510270675044261
Amino Propanesulfonic Acid,Amino Propanesulfonic Acid_X_HILICNeg,170123,22766164,21756436,22286724.666666668,NA,0.9510270675044261
Amino Propanesulfonic Acid,Amino Propanesulfonic Acid_X_HILICNeg,170213,21622128,12860975,18700291,NA,0.9510270675044261
Amino Propanesulfonic Acid,Amino Propanesulfonic Acid_X_HILICNeg,170410,21942356,17775186,19506666.666666668,NA,0.9510270675044261
Amino Propanesulfonic Acid,Amino Propanesulfonic Acid_X_HILICNeg,170419,24665314,11837434,18251374,NA,0.9510270675044261
Amino Propanesulfonic Acid,Amino Propanesulfonic Acid_X_HILICNeg,170821,10155842,6017930,8086886,NA,0.9510270675044261
Amino Propanesulfonic Acid,Amino Propanesulfonic Acid_X_HILICNeg,180227,23622226,10885359,16901892.333333332,NA,0.9510270675044261
Amino Propanesulfonic Acid,Amino Propanesulfonic Acid_X_HILICNeg,180702,12931114,12888949,12910031.5,NA,0.9510270675044261
Amino Propanesulfonic Acid,Amino Propanesulfonic Acid_X_HILICNeg,190715,10672110,8739113,9705611.5,NA,0.9510270675044261
AMP,I346.0564R12.06_HILICNeg_X_HILICNeg,161107,13835558,9061397,11936579,NA,1.3176149846728253
AMP,I346.0564R12.06_HILICNeg_X_HILICNeg,161114,30991128,10110965,17083681,NA,1.3176149846728253
AMP,I346.0564R12.06_HILICNeg_X_HILICNeg,170123,12686485,10478348,11270398,NA,1.3176149846728253
AMP,I346.0564R12.06_HILICNeg_X_HILICNeg,170213,18234688,15208758,16607362.333333334,NA,1.3176149846728253
AMP,I346.0564R12.06_HILICNeg_X_HILICNeg,170410,14461302,8709597,11785247,NA,1.3176149846728253
AMP,I346.0564R12.06_HILICNeg_X_HILICNeg,170419,10291890,7463008.5,8877449.25,NA,1.3176149846728253
AMP,I346.0564R12.06_HILICNeg_X_HILICNeg,170821,6078156.5,4184988,5131572.25,NA,1.3176149846728253
AMP,I346.0564R12.06_HILICNeg_X_HILICNeg,180227,10899553,5593411.5,7671048.666666667,NA,1.3176149846728253
AMP,I346.0564R12.06_HILICNeg_X_HILICNeg,180702,8730907,7232131.5,7981519.25,NA,1.3176149846728253
AMP,I346.0564R12.06_HILICNeg_X_HILICNeg,190715,4767193.5,4070033,4418613.25,NA,1.3176149846728253
Arginine,I175.119R17.83_HILICPos_X_HILICPos,161107,27810770,16125748,23763759.5,NA,0.9166031866289912
Arginine,I175.119R17.83_HILICPos_X_HILICPos,161114,17284406,17089098,17186752,NA,0.9166031866289912
Arginine,I175.119R17.83_HILICPos_X_HILICPos,170123,39461496,20169634,26801454.666666668,NA,0.9166031866289912
Arginine,I175.119R17.83_HILICPos_X_HILICPos,170213,65011480,20341402,37455530.666666664,NA,0.9166031866289912
Arginine,I175.119R17.83_HILICPos_X_HILICPos,170410,24032108,10162786,16976898,NA,0.9166031866289912
Arginine,I175.119R17.83_HILICPos_X_HILICPos,170419,12617183,10692670,11654926.5,NA,0.9166031866289912
Arginine,I175.119R17.83_HILICPos_X_HILICPos,170821,64361284,22599296,43480290,NA,0.9166031866289912
Arginine,I175.119R17.83_HILICPos_X_HILICPos,180227,21952316,14598156,17855218,NA,0.9166031866289912
Arginine,I175.119R17.83_HILICPos_X_HILICPos,180702,54842244,12625618,33733931,NA,0.9166031866289912
Arginine,I175.119R17.83_HILICPos_X_HILICPos,190715,14198167,12334145,13266156,NA,0.9166031866289912
Argininosuccinic Acid,Argininosuccinic Acid_X_HILICPos,161107,11060368.026585735,4012630.0199011303,7813625.801524642,used relative RF,1.1149655146633721
Argininosuccinic Acid,Argininosuccinic Acid_X_HILICPos,161114,7999231.026625162,2902069.3051449116,5651077.594502891,used relative RF,1.1149655146633721
Argininosuccinic Acid,Argininosuccinic Acid_X_HILICPos,170123,12474202.672400681,4525560.089618224,8812432.969701603,used relative RF,1.1149655146633721
Argininosuccinic Acid,Argininosuccinic Acid_X_HILICPos,170213,17432929.911801267,6324554.276203395,12315538.744063796,used relative RF,1.1149655146633721
Argininosuccinic Acid,Argininosuccinic Acid_X_HILICPos,170410,9688049,4536227,7901558.666666667,NA,1.1149655146633721
Argininosuccinic Acid,Argininosuccinic Acid_X_HILICPos,170419,5242498.5,4507323.5,4874911,NA,1.1149655146633721
Argininosuccinic Acid,Argininosuccinic Acid_X_HILICPos,170821,27063874,5919973,16491923.5,NA,1.1149655146633721
Argininosuccinic Acid,Argininosuccinic Acid_X_HILICPos,180227,5225878,3804771.5,4681123.666666667,NA,1.1149655146633721
Argininosuccinic Acid,Argininosuccinic Acid_X_HILICPos,180702,15054145,3756060.25,9405102.625,NA,1.1149655146633721
Argininosuccinic Acid,Argininosuccinic Acid_X_HILICPos,190715,2865107.25,1615006.75,2240057,NA,1.1149655146633721
Arsenobetaine,I179.0048R7.02_HILICPos_X_HILICPos,161107,1076579242.8952022,1043535911.9494991,1060057577.4223506,used relative RF,1.0078267548685154
Arsenobetaine,I179.0048R7.02_HILICPos_X_HILICPos,161114,1184655405.7500668,1148294904.7584774,1166475155.2542722,used relative RF,1.0078267548685154
Arsenobetaine,I179.0048R7.02_HILICPos_X_HILICPos,170123,1557527954.943253,1509722916.8914616,1533625435.9173574,used relative RF,1.0078267548685154
Arsenobetaine,I179.0048R7.02_HILICPos_X_HILICPos,170213,1190008070.872528,1153483281.105867,1171745675.9891975,used relative RF,1.0078267548685154
Arsenobetaine,I179.0048R7.02_HILICPos_X_HILICPos,170410,1457252966.7847633,1412525658.1627042,1434889312.4737337,used relative RF,1.0078267548685154
Arsenobetaine,I179.0048R7.02_HILICPos_X_HILICPos,170419,1046963137.6340202,1014828810.6227012,1030895974.1283607,used relative RF,1.0078267548685154
Arsenobetaine,I179.0048R7.02_HILICPos_X_HILICPos,170821,686316649.5890623,665251606.4576994,675784128.0233809,used relative RF,1.0078267548685154
Arsenobetaine,I179.0048R7.02_HILICPos_X_HILICPos,180227,679971839.926679,659101537.3560739,669536688.6413765,used relative RF,1.0078267548685154
Arsenobetaine,I179.0048R7.02_HILICPos_X_HILICPos,180702,669084672,461965536,565525104,NA,1.0078267548685154
Arsenobetaine,I179.0048R7.02_HILICPos_X_HILICPos,190715,354696640,319130752,336913696,NA,1.0078267548685154
Asparagine,Asparagine_X_HILICPos,161107,6240496,3868028,5356973.375,NA,0.9890186015747391
Asparagine,Asparagine_X_HILICPos,161114,3081262.25,3046056.25,3063659.25,NA,0.9890186015747391
Asparagine,Asparagine_X_HILICPos,170123,7220642.5,4286787,5388838.666666667,NA,0.9890186015747391
Asparagine,Asparagine_X_HILICPos,170213,12374119,8140446,10508089,NA,0.9890186015747391
Asparagine,Asparagine_X_HILICPos,170410,6206325.5,3982689.5,5136437,NA,0.9890186015747391
Asparagine,Asparagine_X_HILICPos,170419,4339478,3702908.25,4021193.125,NA,0.9890186015747391
Asparagine,Asparagine_X_HILICPos,170821,7870789,5153887.5,6512338.25,NA,0.9890186015747391
Asparagine,Asparagine_X_HILICPos,180227,7945134,3357252.5,5345965.833333333,NA,0.9890186015747391
Asparagine,Asparagine_X_HILICPos,180702,8704561,4993972,6849266.5,NA,0.9890186015747391
Asparagine,Asparagine_X_HILICPos,190715,2881052.25,2315137.5,2598094.875,NA,0.9890186015747391
Aspartic acid,Aspartic acid_X_HILICPos,161107,825455.5,338467,612684.5625,NA,0.9269600165694271
Aspartic acid,Aspartic acid_X_HILICPos,161114,585791.5,540494.5,563143,NA,0.9269600165694271
Aspartic acid,Aspartic acid_X_HILICPos,170123,980697.25,470478.5,650375.1666666666,NA,0.9269600165694271
Aspartic acid,Aspartic acid_X_HILICPos,170213,1450628.5,919524.75,1110950,NA,0.9269600165694271
Aspartic acid,Aspartic acid_X_HILICPos,170410,912047.25,313780.25,671936,NA,0.9269600165694271
Aspartic acid,Aspartic acid_X_HILICPos,170419,318352,158845.75,238598.875,NA,0.9269600165694271
Aspartic acid,Aspartic acid_X_HILICPos,170821,2623094.25,1820490.5,2221792.375,NA,0.9269600165694271
Aspartic acid,Aspartic acid_X_HILICPos,180227,2402034.5,1056076.25,1646578.0833333333,NA,0.9269600165694271
Aspartic acid,Aspartic acid_X_HILICPos,180702,3262368.75,1541886.25,2402127.5,NA,0.9269600165694271
Aspartic acid,Aspartic acid_X_HILICPos,190715,1278078,1000355.5,1139216.75,NA,0.9269600165694271
beta-Alanine,beta-Alanine_X_HILICPos,161107,10191487.46615014,8442607.286554368,9317047.376352254,used relative RF,0.9778883879126079
beta-Alanine,beta-Alanine_X_HILICPos,161114,13734883.641371615,11377949.400984144,12556416.52117788,used relative RF,0.9778883879126079
beta-Alanine,beta-Alanine_X_HILICPos,170123,16760803.097827755,13884614.864338096,15322708.981082926,used relative RF,0.9778883879126079
beta-Alanine,beta-Alanine_X_HILICPos,170213,12876293.564409792,10666695.144527761,11771494.354468778,used relative RF,0.9778883879126079
beta-Alanine,beta-Alanine_X_HILICPos,170410,12350539.669990674,10231161.698139299,11290850.684064986,used relative RF,0.9778883879126079
beta-Alanine,beta-Alanine_X_HILICPos,170419,10761578.953960076,8914869.90425103,9838224.429105552,used relative RF,0.9778883879126079
beta-Alanine,beta-Alanine_X_HILICPos,170821,11070684.702721903,9170932.471710406,10120808.587216156,used relative RF,0.9778883879126079
beta-Alanine,beta-Alanine_X_HILICPos,180227,19257619.528863937,15952972.468060652,17605295.998462293,used relative RF,0.9778883879126079
beta-Alanine,beta-Alanine_X_HILICPos,180702,16716022,16215873,16465947.5,NA,0.9778883879126079
beta-Alanine,beta-Alanine_X_HILICPos,190715,8141547,7796093.5,7968820.25,NA,0.9778883879126079
beta-Glutamic acid,Beta_GlutamicAcid_X_HILICPos,161107,7562974.788342893,7562974.788342893,7562974.788342893,used relative RF,0.8680591850075087
beta-Glutamic acid,Beta_GlutamicAcid_X_HILICPos,161114,4922883.663687547,4922883.663687547,4922883.663687547,used relative RF,0.8680591850075087
beta-Glutamic acid,Beta_GlutamicAcid_X_HILICPos,170123,7495353.136925748,7495353.136925748,7495353.136925748,used relative RF,0.8680591850075087
beta-Glutamic acid,Beta_GlutamicAcid_X_HILICPos,170213,13176768.903855667,13176768.903855667,13176768.903855667,used relative RF,0.8680591850075087
beta-Glutamic acid,Beta_GlutamicAcid_X_HILICPos,170410,6981715.901525126,6981715.901525126,6981715.901525126,used relative RF,0.8680591850075087
beta-Glutamic acid,Beta_GlutamicAcid_X_HILICPos,170419,4509478.2547822725,4509478.2547822725,4509478.2547822725,used relative RF,0.8680591850075087
beta-Glutamic acid,Beta_GlutamicAcid_X_HILICPos,170821,8753199.854700534,8753199.854700534,8753199.854700534,used relative RF,0.8680591850075087
beta-Glutamic acid,Beta_GlutamicAcid_X_HILICPos,180227,6731384.860438103,6731384.860438103,6731384.860438103,used relative RF,0.8680591850075087
beta-Glutamic acid,Beta_GlutamicAcid_X_HILICPos,180702,8370173.863549136,8370173.863549136,8370173.863549136,used relative RF,0.8680591850075087
beta-Glutamic acid,Beta_GlutamicAcid_X_HILICPos,190715,4851790.5,4577540,4714665.25,NA,0.8680591850075087
Betaine,I118.0864R7.19_HILICPos_X_HILICPos,161107,1727128064,1518460800,1612469184,NA,0.797069528904754
Betaine,I118.0864R7.19_HILICPos_X_HILICPos,161114,1791613952,1757071104,1774342528,NA,0.797069528904754
Betaine,I118.0864R7.19_HILICPos_X_HILICPos,170123,2598737664,2162097152,2332820224,NA,0.797069528904754
Betaine,I118.0864R7.19_HILICPos_X_HILICPos,170213,2098880768,1367466240,1782359594.6666667,NA,0.797069528904754
Betaine,I118.0864R7.19_HILICPos_X_HILICPos,170410,2422268160,2000380416,2182631253.3333335,NA,0.797069528904754
Betaine,I118.0864R7.19_HILICPos_X_HILICPos,170419,1619406976,1516815104,1568111040,NA,0.797069528904754
Betaine,I118.0864R7.19_HILICPos_X_HILICPos,170821,1158078336,897812032,1027945184,NA,0.797069528904754
Betaine,I118.0864R7.19_HILICPos_X_HILICPos,180227,1102915968,965215616,1018442112,NA,0.797069528904754
Betaine,I118.0864R7.19_HILICPos_X_HILICPos,180702,950095680,797600384,873848032,NA,0.797069528904754
Betaine,I118.0864R7.19_HILICPos_X_HILICPos,190715,521899904,487339232,504619568,NA,0.797069528904754
Betonicine,I160.0969R8.37_HILICPos_X_HILICPos,161107,1532011433.9346318,1389301898.2383823,1460656666.086507,used relative RF,0.9938583330697182
Betonicine,I160.0969R8.37_HILICPos_X_HILICPos,161114,1685807746.0241742,1528771815.7567532,1607289780.8904636,used relative RF,0.9938583330697182
Betonicine,I160.0969R8.37_HILICPos_X_HILICPos,170123,2216418950.4795823,2009955661.547755,2113187306.0136685,used relative RF,0.9938583330697182
Betonicine,I160.0969R8.37_HILICPos_X_HILICPos,170213,1693424783.2499533,1535679312.686818,1614552047.9683855,used relative RF,0.9938583330697182
Betonicine,I160.0969R8.37_HILICPos_X_HILICPos,170410,2073723993.8284256,1880552988.8566353,1977138491.3425305,used relative RF,0.9938583330697182
Betonicine,I160.0969R8.37_HILICPos_X_HILICPos,170419,1489866638.5671074,1351082964.0267804,1420474801.296944,used relative RF,0.9938583330697182
Betonicine,I160.0969R8.37_HILICPos_X_HILICPos,170821,976653563.9703976,885676581.9694594,931165072.9699285,used relative RF,0.9938583330697182
Betonicine,I160.0969R8.37_HILICPos_X_HILICPos,180227,967624668.9651681,877488744.2732718,922556706.6192199,used relative RF,0.9938583330697182
Betonicine,I160.0969R8.37_HILICPos_X_HILICPos,180702,903408512,602404736,752906624,NA,0.9938583330697182
Betonicine,I160.0969R8.37_HILICPos_X_HILICPos,190715,510713408,448167488,479440448,NA,0.9938583330697182
Butyryl-L-carnitine,Butyryl-L-carnitine_X_HILICPos,161107,4143488485.642268,3203404028.4383106,3585261710.6146393,used relative RF,0.9913131278982856
Butyryl-L-carnitine,Butyryl-L-carnitine_X_HILICPos,161114,4559447031.487204,3524988916.640664,3945180714.3209157,used relative RF,0.9913131278982856
Butyryl-L-carnitine,Butyryl-L-carnitine_X_HILICPos,170123,5994541683.729577,4634485903.566863,5186933871.261298,used relative RF,0.9913131278982856
Butyryl-L-carnitine,Butyryl-L-carnitine_X_HILICPos,170213,4580048121.884204,3540915982.9753838,3963006346.2378883,used relative RF,0.9913131278982856
Butyryl-L-carnitine,Butyryl-L-carnitine_X_HILICPos,170410,5608607938.884877,4336113718.575945,4852994611.379092,used relative RF,0.9913131278982856
Butyryl-L-carnitine,Butyryl-L-carnitine_X_HILICPos,170419,4029503387.0542,3115280138.3239264,3486633124.831303,used relative RF,0.9913131278982856
Butyryl-L-carnitine,Butyryl-L-carnitine_X_HILICPos,170821,2641463834.496091,2042162278.8912537,2285595622.772485,used relative RF,0.9913131278982856
Butyryl-L-carnitine,Butyryl-L-carnitine_X_HILICPos,180227,2780938240,2399089152,2617044224,NA,0.9913131278982856
Butyryl-L-carnitine,Butyryl-L-carnitine_X_HILICPos,180702,1908121088,1786652288,1847386688,NA,0.9913131278982856
Butyryl-L-carnitine,Butyryl-L-carnitine_X_HILICPos,190715,1012580288,992419712,1002500000,NA,0.9913131278982856
Carnitine,Carnitine_X_HILICPos,161107,1734938800.0532331,1447129896.2252843,1593935431.9549797,used relative RF,0.8108256426181801
Carnitine,Carnitine_X_HILICPos,161114,1909106683.6857703,1592405079.0497146,1753948200.6024933,used relative RF,0.8108256426181801
Carnitine,Carnitine_X_HILICPos,170123,2510001654.8077326,2093617615.8696527,2306006743.143286,used relative RF,0.8108256426181801
Carnitine,Carnitine_X_HILICPos,170213,1917732659.4009216,1599600092.1194122,1761873118.94955,used relative RF,0.8108256426181801
Carnitine,Carnitine_X_HILICPos,170410,2116406272,1809625216,1958828714.6666667,NA,0.8108256426181801
Carnitine,Carnitine_X_HILICPos,170419,1819196160,1555227008,1687211584,NA,0.8108256426181801
Carnitine,Carnitine_X_HILICPos,170821,1129465856,867558080,998511968,NA,0.8108256426181801
Carnitine,Carnitine_X_HILICPos,180227,1135824128,1027283712,1090480085.3333333,NA,0.8108256426181801
Carnitine,Carnitine_X_HILICPos,180702,871155904,813362176,842259040,NA,0.8108256426181801
Carnitine,Carnitine_X_HILICPos,190715,505343168,455120544,480231856,NA,0.8108256426181801
Choline,I104.1074R10.68_HILICPos_X_HILICPos,161107,830475008,700946240,768277312,NA,0.9269692443917263
Choline,I104.1074R10.68_HILICPos_X_HILICPos,161114,790619648,788129088,789374368,NA,0.9269692443917263
Choline,I104.1074R10.68_HILICPos_X_HILICPos,170123,1064026944,938080832,984994005.3333334,NA,0.9269692443917263
Choline,I104.1074R10.68_HILICPos_X_HILICPos,170213,830044672,629305344,742569408,NA,0.9269692443917263
Choline,I104.1074R10.68_HILICPos_X_HILICPos,170410,781415616,708872384,746212544,NA,0.9269692443917263
Choline,I104.1074R10.68_HILICPos_X_HILICPos,170419,705023552,633169472,669096512,NA,0.9269692443917263
Choline,I104.1074R10.68_HILICPos_X_HILICPos,170821,573669504,391025504,482347504,NA,0.9269692443917263
Choline,I104.1074R10.68_HILICPos_X_HILICPos,180227,465020288,452276320,457845184,NA,0.9269692443917263
Choline,I104.1074R10.68_HILICPos_X_HILICPos,180702,374910464,373519808,374215136,NA,0.9269692443917263
Choline,I104.1074R10.68_HILICPos_X_HILICPos,190715,249097648,236345520,242721584,NA,0.9269692443917263
Citrulline,Citrulline_X_HILICPos,161107,24544299.29907753,15935392.69149355,19016138.100173928,used relative RF,0.7850489891631054
Citrulline,Citrulline_X_HILICPos,161114,17751264.696439102,11525013.212295478,13753112.150686445,used relative RF,0.7850489891631054
Citrulline,Citrulline_X_HILICPos,170123,27681770.00736457,17972396.363319352,21446950.05968581,used relative RF,0.7850489891631054
Citrulline,Citrulline_X_HILICPos,170213,38685787.7049481,25116757.710058987,29972511.03187746,used relative RF,0.7850489891631054
Citrulline,Citrulline_X_HILICPos,170410,22108438,8147467.5,15369740.833333334,NA,0.7850489891631054
Citrulline,Citrulline_X_HILICPos,170419,11211108,8115568.5,9663338.25,NA,0.7850489891631054
Citrulline,Citrulline_X_HILICPos,170821,41799644,17367684,29583664,NA,0.7850489891631054
Citrulline,Citrulline_X_HILICPos,180227,24509522,12775677,18441687,NA,0.7850489891631054
Citrulline,Citrulline_X_HILICPos,180702,31997640,13244649,22621144.5,NA,0.7850489891631054
Citrulline,Citrulline_X_HILICPos,190715,10214854,7907470.5,9061162.25,NA,0.7850489891631054
Creatine,Creatine_X_HILICPos,161107,647035008,523442016,581035480,NA,0.9698226820631286
Creatine,Creatine_X_HILICPos,161114,680456000,664795264,672625632,NA,0.9698226820631286
Creatine,Creatine_X_HILICPos,170123,951090432,670535808,783524586.6666666,NA,0.9698226820631286
Creatine,Creatine_X_HILICPos,170213,713870272,504348896,643332682.6666666,NA,0.9698226820631286
Creatine,Creatine_X_HILICPos,170410,740008448,454346336,618932533.3333334,NA,0.9698226820631286
Creatine,Creatine_X_HILICPos,170419,554973760,429235360,492104560,NA,0.9698226820631286
Creatine,Creatine_X_HILICPos,170821,467187616,421477408,444332512,NA,0.9698226820631286
Creatine,Creatine_X_HILICPos,180227,591912256,455792960,510362144,NA,0.9698226820631286
Creatine,Creatine_X_HILICPos,180702,477134880,412549216,444842048,NA,0.9698226820631286
Creatine,Creatine_X_HILICPos,190715,266841568,244088128,255464848,NA,0.9698226820631286
Cystathionine,Cystathionine_X_HILICPos,161107,10696474,4792107.5,9127239.875,NA,1.1643892164208818
Cystathionine,Cystathionine_X_HILICPos,161114,6278001,6212758.5,6245379.75,NA,1.1643892164208818
Cystathionine,Cystathionine_X_HILICPos,170123,11498706,6060302,7989000,NA,1.1643892164208818
Cystathionine,Cystathionine_X_HILICPos,170213,16422682,9377892,11824061,NA,1.1643892164208818
Cystathionine,Cystathionine_X_HILICPos,170410,9137738,5376019,7103212.5,NA,1.1643892164208818
Cystathionine,Cystathionine_X_HILICPos,170419,6720880.5,5750246,6235563.25,NA,1.1643892164208818
Cystathionine,Cystathionine_X_HILICPos,170821,12856555,8872334,10864444.5,NA,1.1643892164208818
Cystathionine,Cystathionine_X_HILICPos,180227,6347432.5,2481020,4006168.5833333335,NA,1.1643892164208818
Cystathionine,Cystathionine_X_HILICPos,180702,9664187,4557243,7110715,NA,1.1643892164208818
Cystathionine,Cystathionine_X_HILICPos,190715,2573582.75,2530619.5,2552101.125,NA,1.1643892164208818
Cysteic Acid,Cysteic Acid_X_HILICNeg,161107,11652543,6107972,9607505,NA,1.0293942725472796
Cysteic Acid,Cysteic Acid_X_HILICNeg,161114,16175041,7032014,10112242.666666666,NA,1.0293942725472796
Cysteic Acid,Cysteic Acid_X_HILICNeg,170123,12192942,6463857.5,8514130.166666666,NA,1.0293942725472796
Cysteic Acid,Cysteic Acid_X_HILICNeg,170213,20731992,10036324,15881150.666666666,NA,1.0293942725472796
Cysteic Acid,Cysteic Acid_X_HILICNeg,170410,10872041,7797066,9372485,NA,1.0293942725472796
Cysteic Acid,Cysteic Acid_X_HILICNeg,170419,8271589,5913730,7092659.5,NA,1.0293942725472796
Cysteic Acid,Cysteic Acid_X_HILICNeg,170821,7053170.5,6644435,6848802.75,NA,1.0293942725472796
Cysteic Acid,Cysteic Acid_X_HILICNeg,180227,10504561,2828493.25,5973401.416666667,NA,1.0293942725472796
Cysteic Acid,Cysteic Acid_X_HILICNeg,180702,11034988,5496596.5,8265792.25,NA,1.0293942725472796
Cysteic Acid,Cysteic Acid_X_HILICNeg,190715,4516017,4264717,4390367,NA,1.0293942725472796
Cytidine,Cytidine_X_HILICNeg,161107,23374306,15642457,19390534.75,NA,1.0337984016548196
Cytidine,Cytidine_X_HILICNeg,161114,22602928,18311814,19893777.333333332,NA,1.0337984016548196
Cytidine,Cytidine_X_HILICNeg,170123,22692892,19582976,20918540,NA,1.0337984016548196
Cytidine,Cytidine_X_HILICNeg,170213,33272920,26401998,29389547.333333332,NA,1.0337984016548196
Cytidine,Cytidine_X_HILICNeg,170410,28103394,23521160,26391557.333333332,NA,1.0337984016548196
Cytidine,Cytidine_X_HILICNeg,170419,29977192,17391830,23684511,NA,1.0337984016548196
Cytidine,Cytidine_X_HILICNeg,170821,13005349,7501898,10253623.5,NA,1.0337984016548196
Cytidine,Cytidine_X_HILICNeg,180227,22479716,12529446,16724043,NA,1.0337984016548196
Cytidine,Cytidine_X_HILICNeg,180702,16736269,12954910,14845589.5,NA,1.0337984016548196
Cytidine,Cytidine_X_HILICNeg,190715,11833185,10043370,10938277.5,NA,1.0337984016548196
Cytosine,Cytosine_X_HILICPos,161107,460231488,370690656,407556112,NA,0.9436820652459739
Cytosine,Cytosine_X_HILICPos,161114,623538176,618340224,620939200,NA,0.9436820652459739
Cytosine,Cytosine_X_HILICPos,170123,664343232,530104096,578770122.6666666,NA,0.9436820652459739
Cytosine,Cytosine_X_HILICPos,170213,622210176,553637824,589115050.6666666,NA,0.9436820652459739
Cytosine,Cytosine_X_HILICPos,170410,571199168,434659328,496677461.3333333,NA,0.9436820652459739
Cytosine,Cytosine_X_HILICPos,170419,639087936,463387424,551237680,NA,0.9436820652459739
Cytosine,Cytosine_X_HILICPos,170821,444994272,383178432,414086352,NA,0.9436820652459739
Cytosine,Cytosine_X_HILICPos,180227,611653568,519201088,562651968,NA,0.9436820652459739
Cytosine,Cytosine_X_HILICPos,180702,377888832,353729568,365809200,NA,0.9436820652459739
Cytosine,Cytosine_X_HILICPos,190715,311734368,309706528,310720448,NA,0.9436820652459739
Deoxyadenosine,I252.1092R3.46_HILICPos_X_HILICPos,161107,913673849.1143097,411088942.78421575,662381395.9492627,used relative RF,1.0107119462590417
Deoxyadenosine,I252.1092R3.46_HILICPos_X_HILICPos,161114,855912802.292621,385100535.9856024,620506669.1391118,used relative RF,1.0107119462590417
Deoxyadenosine,I252.1092R3.46_HILICPos_X_HILICPos,170123,977915918.0660424,439993353.51375437,708954635.7898984,used relative RF,1.0107119462590417
Deoxyadenosine,I252.1092R3.46_HILICPos_X_HILICPos,170213,1489292901.15367,670077013.6135345,1079684957.3836024,used relative RF,1.0107119462590417
Deoxyadenosine,I252.1092R3.46_HILICPos_X_HILICPos,170410,1095747558.1819358,493009300.515771,794378429.3488533,used relative RF,1.0107119462590417
Deoxyadenosine,I252.1092R3.46_HILICPos_X_HILICPos,170419,902442516.7544413,406035633.49846554,654239075.1264534,used relative RF,1.0107119462590417
Deoxyadenosine,I252.1092R3.46_HILICPos_X_HILICPos,170821,883638301.2121909,397575059.6354359,640606680.4238133,used relative RF,1.0107119462590417
Deoxyadenosine,I252.1092R3.46_HILICPos_X_HILICPos,180227,797357825.8824661,358754916.7358675,578056371.3091668,used relative RF,1.0107119462590417
Deoxyadenosine,I252.1092R3.46_HILICPos_X_HILICPos,180702,470973600,334971168,402972384,NA,1.0107119462590417
Deoxyadenosine,I252.1092R3.46_HILICPos_X_HILICPos,190715,420823200,370857568,395840384,NA,1.0107119462590417
Dexpanthenol,Dexpanthenol_X_HILICPos,161107,73462750.47479402,37677921.84841729,55570336.16160565,used relative RF,1.0211181896634796
Dexpanthenol,Dexpanthenol_X_HILICPos,161114,77324621.70287569,39658616.57302113,58491619.13794841,used relative RF,1.0211181896634796
Dexpanthenol,Dexpanthenol_X_HILICPos,170123,97759540.8799784,50139374.27345297,73949457.57671568,used relative RF,1.0211181896634796
Dexpanthenol,Dexpanthenol_X_HILICPos,170213,150164376.86182657,77017013.64635773,113590695.25409214,used relative RF,1.0211181896634796
Dexpanthenol,Dexpanthenol_X_HILICPos,170410,120067242.93774126,61580653.68809393,90823948.31291759,used relative RF,1.0211181896634796
Dexpanthenol,Dexpanthenol_X_HILICPos,170419,53307703.17147636,27340706.154238835,40324204.66285759,used relative RF,1.0211181896634796
Dexpanthenol,Dexpanthenol_X_HILICPos,170821,289892157.4923348,148681256.60790396,219286707.05011934,used relative RF,1.0211181896634796
Dexpanthenol,Dexpanthenol_X_HILICPos,180227,341201669.0963201,174997120.84931615,258099394.97281814,used relative RF,1.0211181896634796
Dexpanthenol,Dexpanthenol_X_HILICPos,180702,268692640,183857744,226275192,NA,1.0211181896634796
Dexpanthenol,Dexpanthenol_X_HILICPos,190715,219061696,205620704,212341200,NA,1.0211181896634796
DHPS,DHPS_X_HILICNeg,161107,99138632,57091688,76339730,NA,0.30938523472820456
DHPS,DHPS_X_HILICNeg,161114,262223264,104477096,157651320,NA,0.30938523472820456
DHPS,DHPS_X_HILICNeg,170123,80528696,56370304,64898480,NA,0.30938523472820456
DHPS,DHPS_X_HILICNeg,170213,172335824,59416824,120135064,NA,0.30938523472820456
DHPS,DHPS_X_HILICNeg,170410,101771576,70638136,90903296,NA,0.30938523472820456
DHPS,DHPS_X_HILICNeg,170419,286213440,133624320,209918880,NA,0.30938523472820456
DHPS,DHPS_X_HILICNeg,170821,49444072,20320006,34882039,NA,0.30938523472820456
DHPS,DHPS_X_HILICNeg,180227,166203968,32379234,88239540.66666667,NA,0.30938523472820456
DHPS,DHPS_X_HILICNeg,180702,61739404,38730544,50234974,NA,0.30938523472820456
DHPS,DHPS_X_HILICNeg,190715,31054310,30284672,30669491,NA,0.30938523472820456
Dimethylsulfonioacetate (DMS-Ac),I121.032R8.27_HILICPos_X_HILICPos,161107,752355450.7490847,657245777.7763194,704800614.2627021,used relative RF,0.9541395021981958
Dimethylsulfonioacetate (DMS-Ac),I121.032R8.27_HILICPos_X_HILICPos,161114,757337847.6367216,661598320.5994555,709468084.1180886,used relative RF,0.9541395021981958
Dimethylsulfonioacetate (DMS-Ac),I121.032R8.27_HILICPos_X_HILICPos,170123,789070497.1284561,689319459.4246383,739194978.2765473,used relative RF,0.9541395021981958
Dimethylsulfonioacetate (DMS-Ac),I121.032R8.27_HILICPos_X_HILICPos,170213,814129012.6521796,711210180.7703953,762669596.7112875,used relative RF,0.9541395021981958
Dimethylsulfonioacetate (DMS-Ac),I121.032R8.27_HILICPos_X_HILICPos,170410,812525809.6728665,709809648.0992718,761167728.8860692,used relative RF,0.9541395021981958
Dimethylsulfonioacetate (DMS-Ac),I121.032R8.27_HILICPos_X_HILICPos,170419,781614279.9705399,682805826.4864514,732210053.2284957,used relative RF,0.9541395021981958
Dimethylsulfonioacetate (DMS-Ac),I121.032R8.27_HILICPos_X_HILICPos,170821,458377179.25006855,400431026.8386704,429404103.0443695,used relative RF,0.9541395021981958
Dimethylsulfonioacetate (DMS-Ac),I121.032R8.27_HILICPos_X_HILICPos,180227,362087334.8944662,316313747.45636827,339200541.1754173,used relative RF,0.9541395021981958
Dimethylsulfonioacetate (DMS-Ac),I121.032R8.27_HILICPos_X_HILICPos,180702,383612928,272687360,328150144,NA,0.9541395021981958
Dimethylsulfonioacetate (DMS-Ac),I121.032R8.27_HILICPos_X_HILICPos,190715,214969040,198814896,206891968,NA,0.9541395021981958
DMSP,DMSP_HILICPos_X_HILICPos,161107,1122592768,649434624,920585024,NA,1.0444877951504885
DMSP,DMSP_HILICPos_X_HILICPos,161114,937343232,916019776,926681504,NA,1.0444877951504885
DMSP,DMSP_HILICPos_X_HILICPos,170123,1213292928,813758208,965509696,NA,1.0444877951504885
DMSP,DMSP_HILICPos_X_HILICPos,170213,1230690688,651213952,996171392,NA,1.0444877951504885
DMSP,DMSP_HILICPos_X_HILICPos,170410,1063561856,947308096,994209706.6666666,NA,1.0444877951504885
DMSP,DMSP_HILICPos_X_HILICPos,170419,981802240,930970240,956386240,NA,1.0444877951504885
DMSP,DMSP_HILICPos_X_HILICPos,170821,662689344,459054816,560872080,NA,1.0444877951504885
DMSP,DMSP_HILICPos_X_HILICPos,180227,578606208,351455328,443051456,NA,1.0444877951504885
DMSP,DMSP_HILICPos_X_HILICPos,180702,518244864,401015840,459630352,NA,1.0444877951504885
DMSP,DMSP_HILICPos_X_HILICPos,190715,272882880,233424736,253153808,NA,1.0444877951504885
Ectoine,I143.0816R7.97_HILICPos_X_HILICPos,161107,2088382848,1466474368,1807451936,NA,0.9982000823769197
Ectoine,I143.0816R7.97_HILICPos_X_HILICPos,161114,2172685312,2126674560,2149679936,NA,0.9982000823769197
Ectoine,I143.0816R7.97_HILICPos_X_HILICPos,170123,2500939776,1941892096,2128327509.3333333,NA,0.9982000823769197
Ectoine,I143.0816R7.97_HILICPos_X_HILICPos,170213,2008144256,1547411072,1784038400,NA,0.9982000823769197
Ectoine,I143.0816R7.97_HILICPos_X_HILICPos,170410,2208457216,1958254848,2048527317.3333333,NA,0.9982000823769197
Ectoine,I143.0816R7.97_HILICPos_X_HILICPos,170419,1995979904,1807962624,1901971264,NA,0.9982000823769197
Ectoine,I143.0816R7.97_HILICPos_X_HILICPos,170821,1437281536,1066331264,1251806400,NA,0.9982000823769197
Ectoine,I143.0816R7.97_HILICPos_X_HILICPos,180227,1270187008,1018121856,1113237376,NA,0.9982000823769197
Ectoine,I143.0816R7.97_HILICPos_X_HILICPos,180702,1111992832,975675776,1043834304,NA,0.9982000823769197
Ectoine,I143.0816R7.97_HILICPos_X_HILICPos,190715,637342848,581457920,609400384,NA,0.9982000823769197
Gluconic Acid,Gluconic Acid_X_HILICNeg,161107,42386332,15990692,33166808,NA,1.0824203603658384
Gluconic Acid,Gluconic Acid_X_HILICNeg,161114,137682352,24810634,62465317.333333336,NA,1.0824203603658384
Gluconic Acid,Gluconic Acid_X_HILICNeg,170123,59761276,21563912,35380976.666666664,NA,1.0824203603658384
Gluconic Acid,Gluconic Acid_X_HILICNeg,170213,111985728,31180834,59773580.666666664,NA,1.0824203603658384
Gluconic Acid,Gluconic Acid_X_HILICNeg,170410,71436624,20438562,43979232.666666664,NA,1.0824203603658384
Gluconic Acid,Gluconic Acid_X_HILICNeg,170419,56730200,13783552,35256876,NA,1.0824203603658384
Gluconic Acid,Gluconic Acid_X_HILICNeg,170821,214239776,16543212,115391494,NA,1.0824203603658384
Gluconic Acid,Gluconic Acid_X_HILICNeg,180227,82127984,7226519,35219014.333333336,NA,1.0824203603658384
Gluconic Acid,Gluconic Acid_X_HILICNeg,180702,62489300,13705935,38097617.5,NA,1.0824203603658384
Gluconic Acid,Gluconic Acid_X_HILICNeg,190715,7070439.5,5955698,6513068.75,NA,1.0824203603658384
Glucosylglycerol,Glucosylglycerol_X_HILICPos,161107,358630.88075018185,127373.4586731299,198200.391530661,used relative RF,0.9708029744287029
Glucosylglycerol,Glucosylglycerol_X_HILICPos,161114,377483.78607865743,134069.36771671774,208619.6092226178,used relative RF,0.9708029744287029
Glucosylglycerol,Glucosylglycerol_X_HILICPos,170123,477243.0928726177,169500.47145937599,263752.43443842354,used relative RF,0.9708029744287029
Glucosylglycerol,Glucosylglycerol_X_HILICPos,170213,733073.3246876855,260362.6453783386,405139.1772784724,used relative RF,0.9708029744287029
Glucosylglycerol,Glucosylglycerol_X_HILICPos,170410,586144.9619801883,208178.70155262406,323937.9740952183,used relative RF,0.9708029744287029
Glucosylglycerol,Glucosylglycerol_X_HILICPos,170419,260237.8540906303,92427.61104079882,143822.65259469236,used relative RF,0.9708029744287029
Glucosylglycerol,Glucosylglycerol_X_HILICPos,170821,572833.25,488353,530593.125,NA,0.9708029744287029
Glucosylglycerol,Glucosylglycerol_X_HILICPos,180227,752657.75,417401.75,591592.8333333334,NA,0.9708029744287029
Glucosylglycerol,Glucosylglycerol_X_HILICPos,180702,1145901.5,924047.75,1034974.625,NA,0.9708029744287029
Glucosylglycerol,Glucosylglycerol_X_HILICPos,190715,1094532.5,978684.5,1036608.5,NA,0.9708029744287029
Glutamic acid,I148.0605R12.12_HILICPos_X_HILICPos,161107,8305510,5202799,7391032.625,NA,0.7718543282151185
Glutamic acid,I148.0605R12.12_HILICPos_X_HILICPos,161114,4812426,4809500.5,4810963.25,NA,0.7718543282151185
Glutamic acid,I148.0605R12.12_HILICPos_X_HILICPos,170123,9689191,5882767,7324948.333333333,NA,0.7718543282151185
Glutamic acid,I148.0605R12.12_HILICPos_X_HILICPos,170213,17129758,9677460,12877198.666666666,NA,0.7718543282151185
Glutamic acid,I148.0605R12.12_HILICPos_X_HILICPos,170410,8739369,4343718,6822988.5,NA,0.7718543282151185
Glutamic acid,I148.0605R12.12_HILICPos_X_HILICPos,170419,4927674.5,3886238.5,4406956.5,NA,0.7718543282151185
Glutamic acid,I148.0605R12.12_HILICPos_X_HILICPos,170821,10160470,6947926.5,8554198.25,NA,0.7718543282151185
Glutamic acid,I148.0605R12.12_HILICPos_X_HILICPos,180227,9421465,4463633,6578348.666666667,NA,0.7718543282151185
Glutamic acid,I148.0605R12.12_HILICPos_X_HILICPos,180702,10669038,5690722.5,8179880.25,NA,0.7718543282151185
Glutamic acid,I148.0605R12.12_HILICPos_X_HILICPos,190715,5025332.5,4189624.75,4607478.625,NA,0.7718543282151185
Glutamine,Glutamine_X_HILICPos,161107,25231622,17047004,21699329,NA,0.8696776981142573
Glutamine,Glutamine_X_HILICPos,161114,18250918,17874676,18062797,NA,0.8696776981142573
Glutamine,Glutamine_X_HILICPos,170123,38615588,20367896,27102788.666666668,NA,0.8696776981142573
Glutamine,Glutamine_X_HILICPos,170213,54743300,31609824,43335997.333333336,NA,0.8696776981142573
Glutamine,Glutamine_X_HILICPos,170410,26040076,12344144,20732742.666666668,NA,0.8696776981142573
Glutamine,Glutamine_X_HILICPos,170419,18555816,11757359,15156587.5,NA,0.8696776981142573
Glutamine,Glutamine_X_HILICPos,170821,40346760,23301940,31824350,NA,0.8696776981142573
Glutamine,Glutamine_X_HILICPos,180227,51017268,22914678,35331626,NA,0.8696776981142573
Glutamine,Glutamine_X_HILICPos,180702,47605968,26618010,37111989,NA,0.8696776981142573
Glutamine,Glutamine_X_HILICPos,190715,21349734,16417375,18883554.5,NA,0.8696776981142573
Glutathione Disulfide,Glutathione Disulfide_X_RP,161110,3994301.347616528,2274639.54100935,3387352.2757333694,used relative RF,0.41903843437671984
Glutathione Disulfide,Glutathione Disulfide_X_RP,161118,4743485.707564182,2701278.4498787564,4022695.262092387,used relative RF,0.41903843437671984
Glutathione Disulfide,Glutathione Disulfide_X_RP,170216,4341885.355347217,2472578.619461332,3682119.58974628,used relative RF,0.41903843437671984
Glutathione Disulfide,Glutathione Disulfide_X_RP,170413,1480891.373896514,843324.9727176229,1255864.3749990447,used relative RF,0.41903843437671984
Glutathione Disulfide,Glutathione Disulfide_X_RP,170425,10913268.581476271,6214792.044144022,9254956.486248104,used relative RF,0.41903843437671984
Glutathione Disulfide,Glutathione Disulfide_X_RP,170828,7769050.634981122,4424250.509035062,6588514.2502817465,used relative RF,0.41903843437671984
Glutathione Disulfide,Glutathione Disulfide_X_RP,180302,3319750,2771390,3045570,NA,0.41903843437671984
Glutathione Disulfide,Glutathione Disulfide_X_RP,180716,12152938,3316276,6935526,NA,0.41903843437671984
Glutathione Disulfide,Glutathione Disulfide_X_RP,190725,4387220,2107718,3247469,NA,0.41903843437671984
Glycerophosphocholine,Glycerophosphocholine_X_HILICPos,161107,210619211.81905532,134097943.67915657,170383382.97418103,used relative RF,0.93894422690673
Glycerophosphocholine,Glycerophosphocholine_X_HILICPos,161114,231762956.1250518,147559833.54487243,187487913.2422543,used relative RF,0.93894422690673
Glycerophosphocholine,Glycerophosphocholine_X_HILICPos,170123,304710788.75168884,194004572.68617755,246500091.64808124,used relative RF,0.93894422690673
Glycerophosphocholine,Glycerophosphocholine_X_HILICPos,170213,232810137.85056263,148226557.6999796,188335045.67352822,used relative RF,0.93894422690673
Glycerophosphocholine,Glycerophosphocholine_X_HILICPos,170410,285093246.3269348,181514391.58409384,230630203.9246352,used relative RF,0.93894422690673
Glycerophosphocholine,Glycerophosphocholine_X_HILICPos,170419,204825192.67143968,130408982.70250827,165696229.43836758,used relative RF,0.93894422690673
Glycerophosphocholine,Glycerophosphocholine_X_HILICPos,170821,134269235.40343067,85487113.02956115,108618992.35026683,used relative RF,0.93894422690673
Glycerophosphocholine,Glycerophosphocholine_X_HILICPos,180227,123143904,90529696,105119757.33333333,NA,0.93894422690673
Glycerophosphocholine,Glycerophosphocholine_X_HILICPos,180702,169407952,58874468,114141210,NA,0.93894422690673
Glycerophosphocholine,Glycerophosphocholine_X_HILICPos,190715,50440204,33491256,41965730,NA,0.93894422690673
Gonyol,Gonyol_X_HILICPos,161107,88942666.97641459,79494085.28833783,84218376.13237621,used relative RF,0.6228559733344396
Gonyol,Gonyol_X_HILICPos,161114,89531680.67556463,80020526.7233428,84776103.69945373,used relative RF,0.6228559733344396
Gonyol,Gonyol_X_HILICPos,170123,93283080.99201415,83373407.25688487,88328244.1244495,used relative RF,0.6228559733344396
Gonyol,Gonyol_X_HILICPos,170213,96245472.2379748,86021096.94698903,91133284.59248191,used relative RF,0.6228559733344396
Gonyol,Gonyol_X_HILICPos,170410,96055943.27458033,85851702.07619338,90953822.67538686,used relative RF,0.6228559733344396
Gonyol,Gonyol_X_HILICPos,170419,92401614.87261531,82585581.2870064,87493598.07981086,used relative RF,0.6228559733344396
Gonyol,Gonyol_X_HILICPos,170821,54188866.13107554,48432259.70550596,51310562.91829075,used relative RF,0.6228559733344396
Gonyol,Gonyol_X_HILICPos,180227,42805582.40367769,38258248.08376011,40531915.2437189,used relative RF,0.6228559733344396
Gonyol,Gonyol_X_HILICPos,180702,49548260,29831468,39689864,NA,0.6228559733344396
Gonyol,Gonyol_X_HILICPos,190715,26164606,22752494,24458550,NA,0.6228559733344396
Guanine,I152.0567R8.12_HILICPos_X_HILICPos,161107,36768548,28058096,33611198,NA,0.7881351919532156
Guanine,I152.0567R8.12_HILICPos_X_HILICPos,161114,48975876,47254772,48115324,NA,0.7881351919532156
Guanine,I152.0567R8.12_HILICPos_X_HILICPos,170123,62680292,40389684,48353176,NA,0.7881351919532156
Guanine,I152.0567R8.12_HILICPos_X_HILICPos,170213,48122692,35163676,43069293.333333336,NA,0.7881351919532156
Guanine,I152.0567R8.12_HILICPos_X_HILICPos,170410,44047688,31748406,39303619.333333336,NA,0.7881351919532156
Guanine,I152.0567R8.12_HILICPos_X_HILICPos,170419,64749404,36309232,50529318,NA,0.7881351919532156
Guanine,I152.0567R8.12_HILICPos_X_HILICPos,170821,50185460,45937636,48061548,NA,0.7881351919532156
Guanine,I152.0567R8.12_HILICPos_X_HILICPos,180227,87077728,33895616,57442985.333333336,NA,0.7881351919532156
Guanine,I152.0567R8.12_HILICPos_X_HILICPos,180702,59694056,50340828,55017442,NA,0.7881351919532156
Guanine,I152.0567R8.12_HILICPos_X_HILICPos,190715,36192500,34675264,35433882,NA,0.7881351919532156
Guanosine,I284.0991R8.89_HILICPos_X_HILICPos,161107,35343008,20785006,29394558.5,NA,0.8596645667604093
Guanosine,I284.0991R8.89_HILICPos_X_HILICPos,161114,28002476,27070084,27536280,NA,0.8596645667604093
Guanosine,I284.0991R8.89_HILICPos_X_HILICPos,170123,37186184,28506686,31461343.333333332,NA,0.8596645667604093
Guanosine,I284.0991R8.89_HILICPos_X_HILICPos,170213,48669608,46784920,47913276,NA,0.8596645667604093
Guanosine,I284.0991R8.89_HILICPos_X_HILICPos,170410,39810228,32170364,35252202.666666664,NA,0.8596645667604093
Guanosine,I284.0991R8.89_HILICPos_X_HILICPos,170419,34772540,23293912,29033226,NA,0.8596645667604093
Guanosine,I284.0991R8.89_HILICPos_X_HILICPos,170821,29365008,27491512,28428260,NA,0.8596645667604093
Guanosine,I284.0991R8.89_HILICPos_X_HILICPos,180227,31370810,20144664,25652459.333333332,NA,0.8596645667604093
Guanosine,I284.0991R8.89_HILICPos_X_HILICPos,180702,30989754,26638628,28814191,NA,0.8596645667604093
Guanosine,I284.0991R8.89_HILICPos_X_HILICPos,190715,14261271,11208547,12734909,NA,0.8596645667604093
Histidine,Histidine_X_HILICPos,161107,51736576,23211862,41714507.5,NA,0.9444618979033288
Histidine,Histidine_X_HILICPos,161114,29354432,28474586,28914509,NA,0.9444618979033288
Histidine,Histidine_X_HILICPos,170123,81990720,33947800,51423410.666666664,NA,0.9444618979033288
Histidine,Histidine_X_HILICPos,170213,147240608,68204680,110189712,NA,0.9444618979033288
Histidine,Histidine_X_HILICPos,170410,66008280,21201682,42937263.333333336,NA,0.9444618979033288
Histidine,Histidine_X_HILICPos,170419,47482416,18047448,32764932,NA,0.9444618979033288
Histidine,Histidine_X_HILICPos,170821,88467432,37726888,63097160,NA,0.9444618979033288
Histidine,Histidine_X_HILICPos,180227,112709024,26995434,60751960.666666664,NA,0.9444618979033288
Histidine,Histidine_X_HILICPos,180702,71240696,30940896,51090796,NA,0.9444618979033288
Histidine,Histidine_X_HILICPos,190715,23255094,18123750,20689422,NA,0.9444618979033288
Homarine,I138.0549R5.35_HILICPos_X_HILICPos,161107,101072144,77458976,93782474,NA,1.0482026214562348
Homarine,I138.0549R5.35_HILICPos_X_HILICPos,161114,100581872,99093544,99837708,NA,1.0482026214562348
Homarine,I138.0549R5.35_HILICPos_X_HILICPos,170123,145071120,107733960,122068629.33333333,NA,1.0482026214562348
Homarine,I138.0549R5.35_HILICPos_X_HILICPos,170213,114612800,80408056,100294976,NA,1.0482026214562348
Homarine,I138.0549R5.35_HILICPos_X_HILICPos,170410,139337712,111994328,124283109.33333333,NA,1.0482026214562348
Homarine,I138.0549R5.35_HILICPos_X_HILICPos,170419,73571080,65942452,69756766,NA,1.0482026214562348
Homarine,I138.0549R5.35_HILICPos_X_HILICPos,170821,53269664,41438476,47354070,NA,1.0482026214562348
Homarine,I138.0549R5.35_HILICPos_X_HILICPos,180227,47569488,32615664,37839252,NA,1.0482026214562348
Homarine,I138.0549R5.35_HILICPos_X_HILICPos,180702,35391736,35227744,35309740,NA,1.0482026214562348
Homarine,I138.0549R5.35_HILICPos_X_HILICPos,190715,20559328,18052584,19305956,NA,1.0482026214562348
Homoserine,Homoserine_X_HILICPos,161107,16951032.824335776,13585384.543470502,14784431.630318075,used relative RF,0.8323995748573515
Homoserine,Homoserine_X_HILICPos,161114,16303230.032495666,13066203.787543524,14219427.940859137,used relative RF,0.8323995748573515
Homoserine,Homoserine_X_HILICPos,170123,20841941.445176292,16703748.503083339,18178022.633342158,used relative RF,0.8323995748573515
Homoserine,Homoserine_X_HILICPos,170213,21707593.079881713,17397523.947920743,18933030.752410967,used relative RF,0.8323995748573515
Homoserine,Homoserine_X_HILICPos,170410,17569396,10236510,14618063,NA,0.8323995748573515
Homoserine,Homoserine_X_HILICPos,170419,13300405,9465082,11382743.5,NA,0.8323995748573515
Homoserine,Homoserine_X_HILICPos,170821,25096692,16016506,20556599,NA,0.8323995748573515
Homoserine,Homoserine_X_HILICPos,180227,29976908,18267762,25126726,NA,0.8323995748573515
Homoserine,Homoserine_X_HILICPos,180702,28811158,17540820,23175989,NA,0.8323995748573515
Homoserine,Homoserine_X_HILICPos,190715,14659954,11528129,13094041.5,NA,0.8323995748573515
Inosine,Inosine_X_HILICNeg,161107,189405245.34981078,57446576.30144498,123425910.8256279,used relative RF,1.0009174137136687
Inosine,Inosine_X_HILICNeg,161114,184156666.1611551,55854683.19268537,120005674.67692024,used relative RF,1.0009174137136687
Inosine,Inosine_X_HILICNeg,170123,154613842.95601952,46894350.313416384,100754096.63471796,used relative RF,1.0009174137136687
Inosine,Inosine_X_HILICNeg,170213,207951102.7580942,63071531.464186125,135511317.11114016,used relative RF,1.0009174137136687
Inosine,Inosine_X_HILICNeg,170410,163127076.69954237,49476412.552062884,106301744.62580264,used relative RF,1.0009174137136687
Inosine,Inosine_X_HILICNeg,170419,180570621.2164803,54767036.41630281,117668828.81639157,used relative RF,1.0009174137136687
Inosine,Inosine_X_HILICNeg,170821,64240373.89339569,19484093.662161063,41862233.77777838,used relative RF,1.0009174137136687
Inosine,Inosine_X_HILICNeg,180227,68657667.50386374,20823858.006970912,44740762.755417325,used relative RF,1.0009174137136687
Inosine,Inosine_X_HILICNeg,180702,28013232,14014156,21013694,NA,1.0009174137136687
Inosine,Inosine_X_HILICNeg,190715,19205752,17373272,18289512,NA,1.0009174137136687
Isethionic Acid,Isethionic Acid_X_HILICNeg,161107,146049056,65086808,105189038,NA,1.0452014248652208
Isethionic Acid,Isethionic Acid_X_HILICNeg,161114,182611072,88437840,120195973.33333333,NA,1.0452014248652208
Isethionic Acid,Isethionic Acid_X_HILICNeg,170123,96542696,64297572,76587030.66666667,NA,1.0452014248652208
Isethionic Acid,Isethionic Acid_X_HILICNeg,170213,211630400,73165488,150247973.33333334,NA,1.0452014248652208
Isethionic Acid,Isethionic Acid_X_HILICNeg,170410,172178768,110191928,137528610.66666666,NA,1.0452014248652208
Isethionic Acid,Isethionic Acid_X_HILICNeg,170419,254189296,119179432,186684364,NA,1.0452014248652208
Isethionic Acid,Isethionic Acid_X_HILICNeg,170821,64255508,31622598,47939053,NA,1.0452014248652208
Isethionic Acid,Isethionic Acid_X_HILICNeg,180227,111401672,35829960,67201312,NA,1.0452014248652208
Isethionic Acid,Isethionic Acid_X_HILICNeg,180702,85848440,51863600,68856020,NA,1.0452014248652208
Isethionic Acid,Isethionic Acid_X_HILICNeg,190715,54862344,50607396,52734870,NA,1.0452014248652208
Kynurenine,Kynurenine_X_RP,161110,89028648,32886792,60957720,NA,0.7534280860084843
Kynurenine,Kynurenine_X_RP,161118,105239816,52263344,78751580,NA,0.7534280860084843
Kynurenine,Kynurenine_X_RP,170216,79802712,44909084,67512382.66666667,NA,0.7534280860084843
Kynurenine,Kynurenine_X_RP,170413,34068732,22632140,26481184,NA,0.7534280860084843
Kynurenine,Kynurenine_X_RP,170425,207537664,74095560,140816612,NA,0.7534280860084843
Kynurenine,Kynurenine_X_RP,170828,129107696,72250872,100679284,NA,0.7534280860084843
Kynurenine,Kynurenine_X_RP,180302,106043640,57037060,81540350,NA,0.7534280860084843
Kynurenine,Kynurenine_X_RP,180716,126598184,71893560,106423733.33333333,NA,0.7534280860084843
Kynurenine,Kynurenine_X_RP,190725,69896904,35107008,52501956,NA,0.7534280860084843
L-Pyroglutamic acid,L-Pyroglutamic acid_X_HILICNeg,161107,90797134.41314968,52157439.12441732,67269828.22700436,used relative RF,0.933403408064011
L-Pyroglutamic acid,L-Pyroglutamic acid_X_HILICNeg,161114,187507711.80944017,107711792.08760673,138920811.1708084,used relative RF,0.933403408064011
L-Pyroglutamic acid,L-Pyroglutamic acid_X_HILICNeg,170123,77189112.55998819,44340457.05777601,57187909.9099994,used relative RF,0.933403408064011
L-Pyroglutamic acid,L-Pyroglutamic acid_X_HILICNeg,170213,142886535.67074892,82079636.47877689,105861850.9565095,used relative RF,0.933403408064011
L-Pyroglutamic acid,L-Pyroglutamic acid_X_HILICNeg,170410,108118784.09198372,62107674.82841357,80103101.06138092,used relative RF,0.933403408064011
L-Pyroglutamic acid,L-Pyroglutamic acid_X_HILICNeg,170419,249673829.9076751,143422451.2539652,184978477.12069643,used relative RF,0.933403408064011
L-Pyroglutamic acid,L-Pyroglutamic acid_X_HILICNeg,170821,41488084.69309139,23832384.862745136,30737713.79251233,used relative RF,0.933403408064011
L-Pyroglutamic acid,L-Pyroglutamic acid_X_HILICNeg,180227,69791992,48663516,60287722.666666664,NA,0.933403408064011
L-Pyroglutamic acid,L-Pyroglutamic acid_X_HILICNeg,180702,69979864,49517328,59748596,NA,0.933403408064011
L-Pyroglutamic acid,L-Pyroglutamic acid_X_HILICNeg,190715,24646404,22643524,23644964,NA,0.933403408064011
Leucine,I132.102R6.53_HILICPos_X_HILICPos,161107,36063232,25246540,28634971.5,NA,0.9666807418347858
Leucine,I132.102R6.53_HILICPos_X_HILICPos,161114,32978508,32853400,32915954,NA,0.9666807418347858
Leucine,I132.102R6.53_HILICPos_X_HILICPos,170123,41269712,32594824,35555748.666666664,NA,0.9666807418347858
Leucine,I132.102R6.53_HILICPos_X_HILICPos,170213,52561264,23294108,35395057.333333336,NA,0.9666807418347858
Leucine,I132.102R6.53_HILICPos_X_HILICPos,170410,33965684,30595404,32530462,NA,0.9666807418347858
Leucine,I132.102R6.53_HILICPos_X_HILICPos,170419,32283702,28854398,30569050,NA,0.9666807418347858
Leucine,I132.102R6.53_HILICPos_X_HILICPos,170821,38774036,26457084,32615560,NA,0.9666807418347858
Leucine,I132.102R6.53_HILICPos_X_HILICPos,180227,49079696,29127398,36448901.333333336,NA,0.9666807418347858
Leucine,I132.102R6.53_HILICPos_X_HILICPos,180702,45261748,31022104,38141926,NA,0.9666807418347858
Leucine,I132.102R6.53_HILICPos_X_HILICPos,190715,28461072,19394510,23927791,NA,0.9666807418347858
Lysine,Lysine_X_HILICPos,161107,6068435,3958090.25,5288280.6875,NA,0.9209008003142484
Lysine,Lysine_X_HILICPos,161114,3028657.5,2970740.25,2999698.875,NA,0.9209008003142484
Lysine,Lysine_X_HILICPos,170123,6789519,4515792,5313459.166666667,NA,0.9209008003142484
Lysine,Lysine_X_HILICPos,170213,13107086,5804384,8711616.833333334,NA,0.9209008003142484
Lysine,Lysine_X_HILICPos,170410,4406014,2926952.5,3770181.3333333335,NA,0.9209008003142484
Lysine,Lysine_X_HILICPos,170419,3742002.25,3169263.25,3455632.75,NA,0.9209008003142484
Lysine,Lysine_X_HILICPos,170821,8035571,4706226,6370898.5,NA,0.9209008003142484
Lysine,Lysine_X_HILICPos,180227,3348677.75,2505059.75,2835818.4166666665,NA,0.9209008003142484
Lysine,Lysine_X_HILICPos,180702,7329760.5,3161709,5245734.75,NA,0.9209008003142484
Lysine,Lysine_X_HILICPos,190715,2143605.25,1848612,1996108.625,NA,0.9209008003142484
Malic Acid,Malic Acid_X_HILICNeg,161107,55687992,38291388,46397862,NA,0.9247513335675559
Malic Acid,Malic Acid_X_HILICNeg,161114,67244016,26668956,40247822,NA,0.9247513335675559
Malic Acid,Malic Acid_X_HILICNeg,170123,56814260,42816652,47674966.666666664,NA,0.9247513335675559
Malic Acid,Malic Acid_X_HILICNeg,170213,98411872,51592828,74403137.33333333,NA,0.9247513335675559
Malic Acid,Malic Acid_X_HILICNeg,170410,62814880,14063521,39469132.333333336,NA,0.9247513335675559
Malic Acid,Malic Acid_X_HILICNeg,170419,20263272,19166940,19715106,NA,0.9247513335675559
Malic Acid,Malic Acid_X_HILICNeg,170821,47039476,23702500,35370988,NA,0.9247513335675559
Malic Acid,Malic Acid_X_HILICNeg,180227,34102900,22527426,29867616.666666668,NA,0.9247513335675559
Malic Acid,Malic Acid_X_HILICNeg,180702,76474192,14325234,45399713,NA,0.9247513335675559
Malic Acid,Malic Acid_X_HILICNeg,190715,11440830,8220118.5,9830474.25,NA,0.9247513335675559
Methionine,Methionine_X_HILICPos,161107,38053440,26254114,30540008,NA,0.9431634496887729
Methionine,Methionine_X_HILICPos,161114,36937344,36880068,36908706,NA,0.9431634496887729
Methionine,Methionine_X_HILICPos,170123,44783032,35143200,38815542.666666664,NA,0.9431634496887729
Methionine,Methionine_X_HILICPos,170213,66182904,30821282,47737400.666666664,NA,0.9431634496887729
Methionine,Methionine_X_HILICPos,170410,38530020,33597104,36760297.333333336,NA,0.9431634496887729
Methionine,Methionine_X_HILICPos,170419,32216820,23981630,28099225,NA,0.9431634496887729
Methionine,Methionine_X_HILICPos,170821,41107292,37227508,39167400,NA,0.9431634496887729
Methionine,Methionine_X_HILICPos,180227,51090832,39069924,44299049.333333336,NA,0.9431634496887729
Methionine,Methionine_X_HILICPos,180702,47037352,42897980,44967666,NA,0.9431634496887729
Methionine,Methionine_X_HILICPos,190715,29692524,24926632,27309578,NA,0.9431634496887729
Methionine Sulfoxide,Methionine Sulfoxide_X_HILICPos,161107,32672196.84113237,15270627.446267094,25170510.591877826,used relative RF,0.5329250033035939
Methionine Sulfoxide,Methionine Sulfoxide_X_HILICPos,161114,39485533.45446024,18455106.457398538,30419473.868687414,used relative RF,0.5329250033035939
Methionine Sulfoxide,Methionine Sulfoxide_X_HILICPos,170123,41525498.30703074,19408563.71705441,31991053.434590418,used relative RF,0.5329250033035939
Methionine Sulfoxide,Methionine Sulfoxide_X_HILICPos,170213,51070246.97784417,23869674.848606754,39344284.0325729,used relative RF,0.5329250033035939
Methionine Sulfoxide,Methionine Sulfoxide_X_HILICPos,170410,43113272,25054288,35613465.333333336,NA,0.5329250033035939
Methionine Sulfoxide,Methionine Sulfoxide_X_HILICPos,170419,25899926,17180208,21540067,NA,0.5329250033035939
Methionine Sulfoxide,Methionine Sulfoxide_X_HILICPos,170821,54499624,29304218,41901921,NA,0.5329250033035939
Methionine Sulfoxide,Methionine Sulfoxide_X_HILICPos,180227,40407636,27384518,35867407.333333336,NA,0.5329250033035939
Methionine Sulfoxide,Methionine Sulfoxide_X_HILICPos,180702,46424888,28240606,37332747,NA,0.5329250033035939
Methionine Sulfoxide,Methionine Sulfoxide_X_HILICPos,190715,15374762,11935931,13655346.5,NA,0.5329250033035939
Methylthioadenosine,I298.0971R2.1_CyanoAq_X_RP,161110,12583132,8357380,10470256,NA,0.9100148456230459
Methylthioadenosine,I298.0971R2.1_CyanoAq_X_RP,161118,11532876,7829092,9680984,NA,0.9100148456230459
Methylthioadenosine,I298.0971R2.1_CyanoAq_X_RP,170216,11345148,8121028,9871074.666666666,NA,0.9100148456230459
Methylthioadenosine,I298.0971R2.1_CyanoAq_X_RP,170413,100395888,65555820,85624910.66666667,NA,0.9100148456230459
Methylthioadenosine,I298.0971R2.1_CyanoAq_X_RP,170425,483452480,338464160,410958320,NA,0.9100148456230459
Methylthioadenosine,I298.0971R2.1_CyanoAq_X_RP,170828,286337248,204839680,245588464,NA,0.9100148456230459
Methylthioadenosine,I298.0971R2.1_CyanoAq_X_RP,180302,297208576,170307456,233758016,NA,0.9100148456230459
Methylthioadenosine,I298.0971R2.1_CyanoAq_X_RP,180716,366471168,212600656,285404005.3333333,NA,0.9100148456230459
Methylthioadenosine,I298.0971R2.1_CyanoAq_X_RP,190725,152638192,107566944,130102568,NA,0.9100148456230459
N-acetyltaurine,N-acetyltaurine_X_HILICNeg,161107,185007216,129489800,157606806,NA,0.9241319507957522
N-acetyltaurine,N-acetyltaurine_X_HILICNeg,161114,322856928,236545248,267754458.66666666,NA,0.9241319507957522
N-acetyltaurine,N-acetyltaurine_X_HILICNeg,170123,158148464,117855336,132656928,NA,0.9241319507957522
N-acetyltaurine,N-acetyltaurine_X_HILICNeg,170213,236781504,110676096,184805322.66666666,NA,0.9241319507957522
N-acetyltaurine,N-acetyltaurine_X_HILICNeg,170410,176564080,141225904,160280922.66666666,NA,0.9241319507957522
N-acetyltaurine,N-acetyltaurine_X_HILICNeg,170419,331430048,205566016,268498032,NA,0.9241319507957522
N-acetyltaurine,N-acetyltaurine_X_HILICNeg,170821,105013536,57403004,81208270,NA,0.9241319507957522
N-acetyltaurine,N-acetyltaurine_X_HILICNeg,180227,196141888,87646832,132542957.33333333,NA,0.9241319507957522
N-acetyltaurine,N-acetyltaurine_X_HILICNeg,180702,106117864,79772264,92945064,NA,0.9241319507957522
N-acetyltaurine,N-acetyltaurine_X_HILICNeg,190715,89115704,80757480,84936592,NA,0.9241319507957522
N(e)-Acetyl-Lysine,N(e)-Acetyl-Lysine_X_HILICPos,161107,200549529.77928782,68547191.43077055,142041911.95261243,used relative RF,0.6947065613719308
N(e)-Acetyl-Lysine,N(e)-Acetyl-Lysine_X_HILICPos,161114,145044180.91056824,49575639.72220719,102729499.2753729,used relative RF,0.6947065613719308
N(e)-Acetyl-Lysine,N(e)-Acetyl-Lysine_X_HILICPos,170123,226185554.97504085,77309503.30729945,160198972.8925089,used relative RF,0.6947065613719308
N(e)-Acetyl-Lysine,N(e)-Acetyl-Lysine_X_HILICPos,170213,316098513.9086976,108041466.7026527,223881039.9126048,used relative RF,0.6947065613719308
N(e)-Acetyl-Lysine,N(e)-Acetyl-Lysine_X_HILICPos,170410,195182208,88926744,140657208,NA,0.6947065613719308
N(e)-Acetyl-Lysine,N(e)-Acetyl-Lysine_X_HILICPos,170419,136092608,60626268,98359438,NA,0.6947065613719308
N(e)-Acetyl-Lysine,N(e)-Acetyl-Lysine_X_HILICPos,170821,128713792,122126296,125420044,NA,0.6947065613719308
N(e)-Acetyl-Lysine,N(e)-Acetyl-Lysine_X_HILICPos,180227,161194480,97850952,132860104,NA,0.6947065613719308
N(e)-Acetyl-Lysine,N(e)-Acetyl-Lysine_X_HILICPos,180702,147525856,110094816,128810336,NA,0.6947065613719308
N(e)-Acetyl-Lysine,N(e)-Acetyl-Lysine_X_HILICPos,190715,73296624,59234032,66265328,NA,0.6947065613719308
NAD,NAD_X_HILICNeg,161107,7240292.5,4987769,6377289.75,NA,0.685357002935695
NAD,NAD_X_HILICNeg,161114,7339960,4981558,5780276.5,NA,0.685357002935695
NAD,NAD_X_HILICNeg,170123,6833891.5,5414213,5904710.833333333,NA,0.685357002935695
NAD,NAD_X_HILICNeg,170213,8751979,8230382,8460649.666666666,NA,0.685357002935695
NAD,NAD_X_HILICNeg,170410,7102713,4527827,5830815,NA,0.685357002935695
NAD,NAD_X_HILICNeg,170419,6809883,4152719.5,5481301.25,NA,0.685357002935695
NAD,NAD_X_HILICNeg,170821,2852319,1501602.5,2176960.75,NA,0.685357002935695
NAD,NAD_X_HILICNeg,180227,4346369.5,2119989,3090072.5,NA,0.685357002935695
NAD,NAD_X_HILICNeg,180702,3428967.25,2962140.75,3195554,NA,0.685357002935695
NAD,NAD_X_HILICNeg,190715,2553607.75,2444036,2498821.875,NA,0.685357002935695
Ornithine,Ornithine_X_HILICPos,161107,5699459.862225504,2445512.13648722,3708019.9111937513,used relative RF,0.768540639824074
Ornithine,Ornithine_X_HILICPos,161114,4744302.761667296,2035675.355786575,3086602.8589110174,used relative RF,0.768540639824074
Ornithine,Ornithine_X_HILICPos,170123,7118711.189643097,3054481.482675414,4631372.703961322,used relative RF,0.768540639824074
Ornithine,Ornithine_X_HILICPos,170213,11382461.52177539,4883962.422314739,7405332.256284944,used relative RF,0.768540639824074
Ornithine,Ornithine_X_HILICPos,170410,4423827.6,1775555,3147097.6,NA,0.768540639824074
Ornithine,Ornithine_X_HILICPos,170419,2279518.4,1955267.2,2117392.8,NA,0.768540639824074
Ornithine,Ornithine_X_HILICPos,170821,12629798.4,4087917.2,8358857.800000001,NA,0.768540639824074
Ornithine,Ornithine_X_HILICPos,180227,4694138.4,3072061.4,3981870.6,NA,0.768540639824074
Ornithine,Ornithine_X_HILICPos,180702,13414537.6,2640298,8027417.8,NA,0.768540639824074
Ornithine,Ornithine_X_HILICPos,190715,2990655.4,2377464.2,2684059.8,NA,0.768540639824074
Phenylalanine,I166.0864R1.12_CyanoAq_X_RP,161110,110268328,47560092,78914210,NA,1.4869234185708076
Phenylalanine,I166.0864R1.12_CyanoAq_X_RP,161118,120155864,67275376,93715620,NA,1.4869234185708076
Phenylalanine,I166.0864R1.12_CyanoAq_X_RP,170216,98092792,62456824,85781322.66666667,NA,1.4869234185708076
Phenylalanine,I166.0864R1.12_CyanoAq_X_RP,170413,37097224,25161180,29257525.333333332,NA,1.4869234185708076
Phenylalanine,I166.0864R1.12_CyanoAq_X_RP,170425,321581696,109638632,215610164,NA,1.4869234185708076
Phenylalanine,I166.0864R1.12_CyanoAq_X_RP,170828,183656656,123324936,153490796,NA,1.4869234185708076
Phenylalanine,I166.0864R1.12_CyanoAq_X_RP,180302,140938384,70381912,105660148,NA,1.4869234185708076
Phenylalanine,I166.0864R1.12_CyanoAq_X_RP,180716,173852112,97454544,140584448,NA,1.4869234185708076
Phenylalanine,I166.0864R1.12_CyanoAq_X_RP,190725,83965392,44353144,64159268,NA,1.4869234185708076
Proline,I116.0709R8.8_HILICPos_X_HILICPos,161107,171883376,125338248,154256230,NA,0.9244276202299697
Proline,I116.0709R8.8_HILICPos_X_HILICPos,161114,149128976,143612512,146370744,NA,0.9244276202299697
Proline,I116.0709R8.8_HILICPos_X_HILICPos,170123,220174560,148472608,175830613.33333334,NA,0.9244276202299697
Proline,I116.0709R8.8_HILICPos_X_HILICPos,170213,218082592,130464280,179755245.33333334,NA,0.9244276202299697
Proline,I116.0709R8.8_HILICPos_X_HILICPos,170410,172198848,108158768,146186437.33333334,NA,0.9244276202299697
Proline,I116.0709R8.8_HILICPos_X_HILICPos,170419,130206456,88680352,109443404,NA,0.9244276202299697
Proline,I116.0709R8.8_HILICPos_X_HILICPos,170821,135892656,129417072,132654864,NA,0.9244276202299697
Proline,I116.0709R8.8_HILICPos_X_HILICPos,180227,194340128,147777648,168982597.33333334,NA,0.9244276202299697
Proline,I116.0709R8.8_HILICPos_X_HILICPos,180702,163374944,153553712,158464328,NA,0.9244276202299697
Proline,I116.0709R8.8_HILICPos_X_HILICPos,190715,100805064,86274608,93539836,NA,0.9244276202299697
Propionyl-L-carnitine,Propionyl-L-carnitine_X_HILICPos,161107,1171031155.889505,918056111.9966289,1039333734.0553303,used relative RF,0.9672089539726934
Propionyl-L-carnitine,Propionyl-L-carnitine_X_HILICPos,161114,1288589203.5179174,1010218377.3615296,1143670876.5774555,used relative RF,0.9672089539726934
Propionyl-L-carnitine,Propionyl-L-carnitine_X_HILICPos,170123,1694175113.8563983,1328186539.0567024,1503643467.0181653,used relative RF,0.9672089539726934
Propionyl-L-carnitine,Propionyl-L-carnitine_X_HILICPos,170213,1294411475.9301076,1014782878.2689886,1148838360.0354447,used relative RF,0.9672089539726934
Propionyl-L-carnitine,Propionyl-L-carnitine_X_HILICPos,170410,1585102664.1830647,1242676748.3312905,1406837608.4964604,used relative RF,0.9672089539726934
Propionyl-L-carnitine,Propionyl-L-carnitine_X_HILICPos,170419,1138816730.2391644,892800891.2332741,1010742232.3406011,used relative RF,0.9672089539726934
Propionyl-L-carnitine,Propionyl-L-carnitine_X_HILICPos,170821,746529514.4583488,585258539.0981954,662572728.2679739,used relative RF,0.9672089539726934
Propionyl-L-carnitine,Propionyl-L-carnitine_X_HILICPos,180227,779372096,670724288,739628053.3333334,NA,0.9672089539726934
Propionyl-L-carnitine,Propionyl-L-carnitine_X_HILICPos,180702,587003008,528198976,557600992,NA,0.9672089539726934
Propionyl-L-carnitine,Propionyl-L-carnitine_X_HILICPos,190715,293532000,281076288,287304144,NA,0.9672089539726934
Sarcosine,Sarcosine_X_HILICPos,161107,23748906,13713141,20818147.25,NA,0.45926127857003296
Sarcosine,Sarcosine_X_HILICPos,161114,17001136,16321827,16661481.5,NA,0.45926127857003296
Sarcosine,Sarcosine_X_HILICPos,170123,29981400,16389533,21431593,NA,0.45926127857003296
Sarcosine,Sarcosine_X_HILICPos,170213,26497506,16130871,21859187.666666668,NA,0.45926127857003296
Sarcosine,Sarcosine_X_HILICPos,170410,22774972,11599150,17416285.333333332,NA,0.45926127857003296
Sarcosine,Sarcosine_X_HILICPos,170419,14362757,10786133,12574445,NA,0.45926127857003296
Sarcosine,Sarcosine_X_HILICPos,170821,17573896,17425144,17499520,NA,0.45926127857003296
Sarcosine,Sarcosine_X_HILICPos,180227,41026408,21134178,29657858,NA,0.45926127857003296
Sarcosine,Sarcosine_X_HILICPos,180702,33507234,32951154,33229194,NA,0.45926127857003296
Sarcosine,Sarcosine_X_HILICPos,190715,20542966,17260812,18901889,NA,0.45926127857003296
Serine,Serine_X_HILICPos,161107,884124.75,472311.25,682417.1875,NA,0.9621695594958413
Serine,Serine_X_HILICPos,161114,740055.25,696527.25,718291.25,NA,0.9621695594958413
Serine,Serine_X_HILICPos,170123,1373021.5,650351,908117.25,NA,0.9621695594958413
Serine,Serine_X_HILICPos,170213,1797407.25,1094110,1394921.25,NA,0.9621695594958413
Serine,Serine_X_HILICPos,170410,1531717.75,625653.5,1115340.0833333333,NA,0.9621695594958413
Serine,Serine_X_HILICPos,170419,672320.75,318061.25,495191,NA,0.9621695594958413
Serine,Serine_X_HILICPos,170821,3216000.75,2169787,2692893.875,NA,0.9621695594958413
Serine,Serine_X_HILICPos,180227,4557623.5,2087176.5,3169523.0833333335,NA,0.9621695594958413
Serine,Serine_X_HILICPos,180702,4826387.5,3370141,4098264.25,NA,0.9621695594958413
Serine,Serine_X_HILICPos,190715,2243012,1701988.25,1972500.125,NA,0.9621695594958413
Stachydrine hydrochloride,I144.1019R6.44_HILICPos_X_HILICPos,161107,4560442074.823463,1027326736.0179405,2321899306.942118,used relative RF,0.7989564737751411
Stachydrine hydrochloride,I144.1019R6.44_HILICPos_X_HILICPos,161114,4327315009.972784,974810409.1616757,2203205206.364775,used relative RF,0.7989564737751411
Stachydrine hydrochloride,I144.1019R6.44_HILICPos_X_HILICPos,170123,5198268666.927416,1171009365.9605575,2646641754.682286,used relative RF,0.7989564737751411
Stachydrine hydrochloride,I144.1019R6.44_HILICPos_X_HILICPos,170213,5314296764.470047,1197146912.4481876,2705716194.14449,used relative RF,0.7989564737751411
Stachydrine hydrochloride,I144.1019R6.44_HILICPos_X_HILICPos,170410,4868022272,3883437824,4321866154.666667,NA,0.7989564737751411
Stachydrine hydrochloride,I144.1019R6.44_HILICPos_X_HILICPos,170419,2962688000,2828159744,2895423872,NA,0.7989564737751411
Stachydrine hydrochloride,I144.1019R6.44_HILICPos_X_HILICPos,170821,1799729920,1552075392,1675902656,NA,0.7989564737751411
Stachydrine hydrochloride,I144.1019R6.44_HILICPos_X_HILICPos,180227,1400454016,1320304768,1354019712,NA,0.7989564737751411
Stachydrine hydrochloride,I144.1019R6.44_HILICPos_X_HILICPos,180702,1157351936,1057081664,1107216800,NA,0.7989564737751411
Stachydrine hydrochloride,I144.1019R6.44_HILICPos_X_HILICPos,190715,629853824,616072832,622963328,NA,0.7989564737751411
Sucrose,Sucrose_X_HILICNeg,161107,15428467.742225809,7955764.205875737,11992146.483983869,used relative RF,0.7740953033813303
Sucrose,Sucrose_X_HILICNeg,161114,47486202.99613055,24486490.8415761,36909789.8645661,used relative RF,0.7740953033813303
Sucrose,Sucrose_X_HILICNeg,170123,15253440.205037264,7865510.4075937355,11856102.134035144,used relative RF,0.7740953033813303
Sucrose,Sucrose_X_HILICNeg,170213,17816887.499267966,9187364.43534487,13848603.007744834,used relative RF,0.7740953033813303
Sucrose,Sucrose_X_HILICNeg,170410,18033563.2,11244927.2,14592189.066666666,NA,0.7740953033813303
Sucrose,Sucrose_X_HILICNeg,170419,16191942.4,9005837.6,12598890,NA,0.7740953033813303
Sucrose,Sucrose_X_HILICNeg,170821,7736788.8,4917334.4,6327061.6,NA,0.7740953033813303
Sucrose,Sucrose_X_HILICNeg,180227,14395977.6,6707417.2,10412925.733333334,NA,0.7740953033813303
Sucrose,Sucrose_X_HILICNeg,180702,9449740.8,8699532.8,9074636.8,NA,0.7740953033813303
Sucrose,Sucrose_X_HILICNeg,190715,7177692.8,5664788.4,6421240.6,NA,0.7740953033813303
Sulfolactic Acid,Sulfolactic Acid_X_HILICNeg,161107,57323.875,21486.25,38702.375,NA,3.2551006324184
Sulfolactic Acid,Sulfolactic Acid_X_HILICNeg,161114,183812.0625,77453.375,113513.20833333333,NA,3.2551006324184
Sulfolactic Acid,Sulfolactic Acid_X_HILICNeg,170123,91587.125,41243.3125,59814.458333333336,NA,3.2551006324184
Sulfolactic Acid,Sulfolactic Acid_X_HILICNeg,170213,171465.25,60364.125,101819.54166666667,NA,3.2551006324184
Sulfolactic Acid,Sulfolactic Acid_X_HILICNeg,170410,65615.3125,12582.625,45414.3125,NA,3.2551006324184
Sulfolactic Acid,Sulfolactic Acid_X_HILICNeg,170419,94177.5,22737.3125,58457.40625,NA,3.2551006324184
Sulfolactic Acid,Sulfolactic Acid_X_HILICNeg,170821,108978.625,63578.9375,86278.78125,NA,3.2551006324184
Sulfolactic Acid,Sulfolactic Acid_X_HILICNeg,180227,35848.125,0,13215.270833333334,NA,3.2551006324184
Sulfolactic Acid,Sulfolactic Acid_X_HILICNeg,180702,109556.4375,0,54778.21875,NA,3.2551006324184
Sulfolactic Acid,Sulfolactic Acid_X_HILICNeg,190715,11608.375,8050.4375,9829.40625,NA,3.2551006324184
Sulfurol,Sulfurol_X_RP,161110,404075808,266589808,335332808,NA,1.0047080853267953
Sulfurol,Sulfurol_X_RP,161118,429635104,413640576,421637840,NA,1.0047080853267953
Sulfurol,Sulfurol_X_RP,170216,396812480,367494496,383457888,NA,1.0047080853267953
Sulfurol,Sulfurol_X_RP,170413,164414928,116305160,133106810.66666667,NA,1.0047080853267953
Sulfurol,Sulfurol_X_RP,170425,1404053376,721587200,1062820288,NA,1.0047080853267953
Sulfurol,Sulfurol_X_RP,170828,813706048,657147776,735426912,NA,1.0047080853267953
Sulfurol,Sulfurol_X_RP,180302,635195840,589840768,612518304,NA,1.0047080853267953
Sulfurol,Sulfurol_X_RP,180716,917221760,819905408,859183978.6666666,NA,1.0047080853267953
Sulfurol,Sulfurol_X_RP,190725,517439584,393246400,455342992,NA,1.0047080853267953
Taurine,I124.0064R10.88_HILICNeg_X_HILICNeg,161107,27926372,14804331,21228179.75,NA,0.9593120302347369
Taurine,I124.0064R10.88_HILICNeg_X_HILICNeg,161114,32725702,21202732,28341728.666666668,NA,0.9593120302347369
Taurine,I124.0064R10.88_HILICNeg_X_HILICNeg,170123,32002334,23450842,26478520.666666668,NA,0.9593120302347369
Taurine,I124.0064R10.88_HILICNeg_X_HILICNeg,170213,60994608,26108122,44315598,NA,0.9593120302347369
Taurine,I124.0064R10.88_HILICNeg_X_HILICNeg,170410,43343388,28336424,35887190.666666664,NA,0.9593120302347369
Taurine,I124.0064R10.88_HILICNeg_X_HILICNeg,170419,61871992,22176100,42024046,NA,0.9593120302347369
Taurine,I124.0064R10.88_HILICNeg_X_HILICNeg,170821,20307482,9860409,15083945.5,NA,0.9593120302347369
Taurine,I124.0064R10.88_HILICNeg_X_HILICNeg,180227,54527672,16665639,31653207.666666668,NA,0.9593120302347369
Taurine,I124.0064R10.88_HILICNeg_X_HILICNeg,180702,26223652,18363744,22293698,NA,0.9593120302347369
Taurine,I124.0064R10.88_HILICNeg_X_HILICNeg,190715,20047838,16086901,18067369.5,NA,0.9593120302347369
Threonine,Threonine_X_HILICPos,161107,6537350,4410276,5661916.25,NA,0.9231695277756609
Threonine,Threonine_X_HILICPos,161114,5450448,5440631.5,5445539.75,NA,0.9231695277756609
Threonine,Threonine_X_HILICPos,170123,9211402,5734469.5,6961542,NA,0.9231695277756609
Threonine,Threonine_X_HILICPos,170213,9159439,5989901.5,7250683.5,NA,0.9231695277756609
Threonine,Threonine_X_HILICPos,170410,7769507.5,4063938.75,6092300.75,NA,0.9231695277756609
Threonine,Threonine_X_HILICPos,170419,5069213,2534824,3802018.5,NA,0.9231695277756609
Threonine,Threonine_X_HILICPos,170821,8325542,7089611,7707576.5,NA,0.9231695277756609
Threonine,Threonine_X_HILICPos,180227,13253841,6632283.5,9409657.166666666,NA,0.9231695277756609
Threonine,Threonine_X_HILICPos,180702,10117897,9170765,9644331,NA,0.9231695277756609
Threonine,Threonine_X_HILICPos,190715,5830228,4506525,5168376.5,NA,0.9231695277756609
Thymidine,Thymidine_X_HILICNeg,161107,27637900,21867052,24334989.5,NA,1.0000927479815547
Thymidine,Thymidine_X_HILICNeg,161114,20825812,14747048,17407680,NA,1.0000927479815547
Thymidine,Thymidine_X_HILICNeg,170123,21980302,16553418,19446999.333333332,NA,1.0000927479815547
Thymidine,Thymidine_X_HILICNeg,170213,25097384,17494188,21821580.666666668,NA,1.0000927479815547
Thymidine,Thymidine_X_HILICNeg,170410,22061796,19474312,20558929.333333332,NA,1.0000927479815547
Thymidine,Thymidine_X_HILICNeg,170419,44227748,18989308,31608528,NA,1.0000927479815547
Thymidine,Thymidine_X_HILICNeg,170821,9883583,6979876.5,8431729.75,NA,1.0000927479815547
Thymidine,Thymidine_X_HILICNeg,180227,14672709,11307720,12960213.333333334,NA,1.0000927479815547
Thymidine,Thymidine_X_HILICNeg,180702,12404500,11545743,11975121.5,NA,1.0000927479815547
Thymidine,Thymidine_X_HILICNeg,190715,5468235.5,5418712.5,5443474,NA,1.0000927479815547
Trehalose,Trehalose_X_HILICNeg,161107,10893495,5800616,9066618.5,NA,1.0669756225232723
Trehalose,Trehalose_X_HILICNeg,161114,67772840,7971305.5,27905511.666666668,NA,1.0669756225232723
Trehalose,Trehalose_X_HILICNeg,170123,13053584,6766393.5,8963762.666666666,NA,1.0669756225232723
Trehalose,Trehalose_X_HILICNeg,170213,13020024,8199569,10470185.666666666,NA,1.0669756225232723
Trehalose,Trehalose_X_HILICNeg,170410,12214919,7525330.5,9741446.166666666,NA,1.0669756225232723
Trehalose,Trehalose_X_HILICNeg,170419,9854227,6317849,8086038,NA,1.0669756225232723
Trehalose,Trehalose_X_HILICNeg,170821,6122579,3893017,5007798,NA,1.0669756225232723
Trehalose,Trehalose_X_HILICNeg,180227,10207934,3648135.75,6119209.416666667,NA,1.0669756225232723
Trehalose,Trehalose_X_HILICNeg,180702,12184354,8499082,10341718,NA,1.0669756225232723
Trehalose,Trehalose_X_HILICNeg,190715,6923713,5456139.5,6189926.25,NA,1.0669756225232723
Trigonelline,I138.055R7.72_HILICPos_X_HILICPos,161107,2679675873.435745,1923605810.1366136,2365996020.9533834,used relative RF,0.7661504578528102
Trigonelline,I138.055R7.72_HILICPos_X_HILICPos,161114,2852693962.698434,2047806876.789395,2518760806.7271266,used relative RF,0.7661504578528102
Trigonelline,I138.055R7.72_HILICPos_X_HILICPos,170123,3487905010.139786,2503793242.018894,3079614761.345495,used relative RF,0.7661504578528102
Trigonelline,I138.055R7.72_HILICPos_X_HILICPos,170213,2865759623.850583,2057186064.0092754,2530297016.237971,used relative RF,0.7661504578528102
Trigonelline,I138.055R7.72_HILICPos_X_HILICPos,170410,2902036480,2307894016,2549215232,NA,0.7661504578528102
Trigonelline,I138.055R7.72_HILICPos_X_HILICPos,170419,2065907456,1556541696,1811224576,NA,0.7661504578528102
Trigonelline,I138.055R7.72_HILICPos_X_HILICPos,170821,1386299136,1140515456,1263407296,NA,0.7661504578528102
Trigonelline,I138.055R7.72_HILICPos_X_HILICPos,180227,1137100544,1040678592,1081192746.6666667,NA,0.7661504578528102
Trigonelline,I138.055R7.72_HILICPos_X_HILICPos,180702,910067392,807073088,858570240,NA,0.7661504578528102
Trigonelline,I138.055R7.72_HILICPos_X_HILICPos,190715,516364128,461535648,488949888,NA,0.7661504578528102
Trimethylammonium Propionate (TMAP),I132.102R9.3_HILICPos_X_HILICPos,161107,854758331.0674752,854758331.0674752,854758331.0674752,used relative RF,1.0194578399719953
Trimethylammonium Propionate (TMAP),I132.102R9.3_HILICPos_X_HILICPos,161114,940566227.8847773,940566227.8847773,940566227.8847773,used relative RF,1.0194578399719953
Trimethylammonium Propionate (TMAP),I132.102R9.3_HILICPos_X_HILICPos,170123,1236611242.6410832,1236611242.6410832,1236611242.6410832,used relative RF,1.0194578399719953
Trimethylammonium Propionate (TMAP),I132.102R9.3_HILICPos_X_HILICPos,170213,944816017.3331918,944816017.3331918,944816017.3331918,used relative RF,1.0194578399719953
Trimethylammonium Propionate (TMAP),I132.102R9.3_HILICPos_X_HILICPos,170410,1156997148.1916468,1156997148.1916468,1156997148.1916468,used relative RF,1.0194578399719953
Trimethylammonium Propionate (TMAP),I132.102R9.3_HILICPos_X_HILICPos,170419,831244397.5852644,831244397.5852644,831244397.5852644,used relative RF,1.0194578399719953
Trimethylammonium Propionate (TMAP),I132.102R9.3_HILICPos_X_HILICPos,170821,544906357.667601,544906357.667601,544906357.667601,used relative RF,1.0194578399719953
Trimethylammonium Propionate (TMAP),I132.102R9.3_HILICPos_X_HILICPos,180227,539868847.4668888,539868847.4668888,539868847.4668888,used relative RF,1.0194578399719953
Trimethylammonium Propionate (TMAP),I132.102R9.3_HILICPos_X_HILICPos,180702,463220564.36826617,463220564.36826617,463220564.36826617,used relative RF,1.0194578399719953
Trimethylammonium Propionate (TMAP),I132.102R9.3_HILICPos_X_HILICPos,190715,296457216,238533200,267495208,NA,1.0194578399719953
Tryptophan,Tryptophan_X_RP,161110,71882744,35636740,53759742,NA,1.081083707620068
Tryptophan,Tryptophan_X_RP,161118,81924936,47280312,64602624,NA,1.081083707620068
Tryptophan,Tryptophan_X_RP,170216,67234968,45078436,59683829.333333336,NA,1.081083707620068
Tryptophan,Tryptophan_X_RP,170413,25912976,15680764,19407678.666666668,NA,1.081083707620068
Tryptophan,Tryptophan_X_RP,170425,209001584,70615392,139808488,NA,1.081083707620068
Tryptophan,Tryptophan_X_RP,170828,105824584,82890248,94357416,NA,1.081083707620068
Tryptophan,Tryptophan_X_RP,180302,87840272,48118028,67979150,NA,1.081083707620068
Tryptophan,Tryptophan_X_RP,180716,108062136,66126116,90044470.66666667,NA,1.081083707620068
Tryptophan,Tryptophan_X_RP,190725,50764248,27288788,39026518,NA,1.081083707620068
Tyrosine,Tyrosine_X_HILICPos,161107,26079470,14682406,20635103.5,NA,0.8260893121565569
Tyrosine,Tyrosine_X_HILICPos,161114,16603516,16517723,16560619.5,NA,0.8260893121565569
Tyrosine,Tyrosine_X_HILICPos,170123,28304744,19803884,22937386,NA,0.8260893121565569
Tyrosine,Tyrosine_X_HILICPos,170213,45997744,20796398,35651086,NA,0.8260893121565569
Tyrosine,Tyrosine_X_HILICPos,170410,29205916,23556596,25521399.333333332,NA,0.8260893121565569
Tyrosine,Tyrosine_X_HILICPos,170419,25460950,14969913,20215431.5,NA,0.8260893121565569
Tyrosine,Tyrosine_X_HILICPos,170821,22354546,18480262,20417404,NA,0.8260893121565569
Tyrosine,Tyrosine_X_HILICPos,180227,26219774,12529591,18316096,NA,0.8260893121565569
Tyrosine,Tyrosine_X_HILICPos,180702,21659178,19095430,20377304,NA,0.8260893121565569
Tyrosine,Tyrosine_X_HILICPos,190715,9670668,8367156.5,9018912.25,NA,0.8260893121565569
UDP-glucosamine,I606.0756R12.98_HILICNeg_X_HILICNeg,161107,11260070,5823639,8980430.5,NA,1.0062587689233913
UDP-glucosamine,I606.0756R12.98_HILICNeg_X_HILICNeg,161114,12030789,8120378.5,9605927.833333334,NA,1.0062587689233913
UDP-glucosamine,I606.0756R12.98_HILICNeg_X_HILICNeg,170123,11145182,6209552.5,8079928.666666667,NA,1.0062587689233913
UDP-glucosamine,I606.0756R12.98_HILICNeg_X_HILICNeg,170213,11432759,7143745.5,9271098.833333334,NA,1.0062587689233913
UDP-glucosamine,I606.0756R12.98_HILICNeg_X_HILICNeg,170410,10440057,6267429.5,8409132.5,NA,1.0062587689233913
UDP-glucosamine,I606.0756R12.98_HILICNeg_X_HILICNeg,170419,7337768,5732550,6535159,NA,1.0062587689233913
UDP-glucosamine,I606.0756R12.98_HILICNeg_X_HILICNeg,170821,4498233,2718812.75,3608522.875,NA,1.0062587689233913
UDP-glucosamine,I606.0756R12.98_HILICNeg_X_HILICNeg,180227,5993229,2434685,3794290.1666666665,NA,1.0062587689233913
UDP-glucosamine,I606.0756R12.98_HILICNeg_X_HILICNeg,180702,6056858.5,4159485.25,5108171.875,NA,1.0062587689233913
UDP-glucosamine,I606.0756R12.98_HILICNeg_X_HILICNeg,190715,4241209,3907697.25,4074453.125,NA,1.0062587689233913
Uracil,Uracil_X_HILICNeg,161107,32237412,27035094,30083749,NA,1.0390043908740547
Uracil,Uracil_X_HILICNeg,161114,24493036,21877996,23114323.333333332,NA,1.0390043908740547
Uracil,Uracil_X_HILICNeg,170123,31459362,28404682,30224880.666666668,NA,1.0390043908740547
Uracil,Uracil_X_HILICNeg,170213,54784248,44670712,48576486.666666664,NA,1.0390043908740547
Uracil,Uracil_X_HILICNeg,170410,31527066,24039406,28922644.666666668,NA,1.0390043908740547
Uracil,Uracil_X_HILICNeg,170419,34111208,24134916,29123062,NA,1.0390043908740547
Uracil,Uracil_X_HILICNeg,170821,19883904,12898432,16391168,NA,1.0390043908740547
Uracil,Uracil_X_HILICNeg,180227,19870286,17784964,18724716.666666668,NA,1.0390043908740547
Uracil,Uracil_X_HILICNeg,180702,17317392,15728006,16522699,NA,1.0390043908740547
Uracil,Uracil_X_HILICNeg,190715,9833518,9817202,9825360,NA,1.0390043908740547
Uridine,Uridine_X_HILICNeg,161107,69513192,55620004,64995326,NA,0.8773574216274163
Uridine,Uridine_X_HILICNeg,161114,71637344,58584888,63194250.666666664,NA,0.8773574216274163
Uridine,Uridine_X_HILICNeg,170123,56193596,50433312,53056488,NA,0.8773574216274163
Uridine,Uridine_X_HILICNeg,170213,73639408,67149048,71359426.66666667,NA,0.8773574216274163
Uridine,Uridine_X_HILICNeg,170410,60540680,51211836,55977845.333333336,NA,0.8773574216274163
Uridine,Uridine_X_HILICNeg,170419,69592176,54335188,61963682,NA,0.8773574216274163
Uridine,Uridine_X_HILICNeg,170821,28238846,15849944,22044395,NA,0.8773574216274163
Uridine,Uridine_X_HILICNeg,180227,32037244,17005322,23560210.666666668,NA,0.8773574216274163
Uridine,Uridine_X_HILICNeg,180702,26078686,21471298,23774992,NA,0.8773574216274163
Uridine,Uridine_X_HILICNeg,190715,7256725.5,5295543.5,6276134.5,NA,0.8773574216274163
Vitamin B2,I377.1459R4.24_CyanoAq_X_RP,161110,91076888,60282420,75679654,NA,1.0261960752529715
Vitamin B2,I377.1459R4.24_CyanoAq_X_RP,161118,107504816,86575368,97040092,NA,1.0261960752529715
Vitamin B2,I377.1459R4.24_CyanoAq_X_RP,170216,107577408,62812644,92014948,NA,1.0261960752529715
Vitamin B2,I377.1459R4.24_CyanoAq_X_RP,170413,57481936,54926076,56038453.333333336,NA,1.0261960752529715
Vitamin B2,I377.1459R4.24_CyanoAq_X_RP,170425,175037664,102166592,138602128,NA,1.0261960752529715
Vitamin B2,I377.1459R4.24_CyanoAq_X_RP,170828,105014528,82928344,93971436,NA,1.0261960752529715
Vitamin B2,I377.1459R4.24_CyanoAq_X_RP,180302,117838544,91129424,104483984,NA,1.0261960752529715
Vitamin B2,I377.1459R4.24_CyanoAq_X_RP,180716,143759216,90726424,114389288,NA,1.0261960752529715
Vitamin B2,I377.1459R4.24_CyanoAq_X_RP,190725,61745096,35192192,48468644,NA,1.0261960752529715
Vitamin B3,Vitamin B3_X_HILICPos,161107,88059800,71358584,77655582,NA,1.0083532210465114
Vitamin B3,Vitamin B3_X_HILICPos,161114,211618784,208423920,210021352,NA,1.0083532210465114
Vitamin B3,Vitamin B3_X_HILICPos,170123,184981136,104378168,133955858.66666667,NA,1.0083532210465114
Vitamin B3,Vitamin B3_X_HILICPos,170213,82337152,55289928,72872397.33333333,NA,1.0083532210465114
Vitamin B3,Vitamin B3_X_HILICPos,170410,151375216,114785192,137546562.66666666,NA,1.0083532210465114
Vitamin B3,Vitamin B3_X_HILICPos,170419,68006088,22764994,45385541,NA,1.0083532210465114
Vitamin B3,Vitamin B3_X_HILICPos,170821,309262400,229401792,269332096,NA,1.0083532210465114
Vitamin B3,Vitamin B3_X_HILICPos,180227,347817120,280888192,305358837.3333333,NA,1.0083532210465114
Vitamin B3,Vitamin B3_X_HILICPos,180702,293858432,258810336,276334384,NA,1.0083532210465114
Vitamin B3,Vitamin B3_X_HILICPos,190715,347158784,316453920,331806352,NA,1.0083532210465114
Vitamin B5,Vitamin B5_X_RP,161110,59406764,36383004,47894884,NA,0.5472808295696836
Vitamin B5,Vitamin B5_X_RP,161118,67630320,53227044,60428682,NA,0.5472808295696836
Vitamin B5,Vitamin B5_X_RP,170216,69779808,40921424,59853317.333333336,NA,0.5472808295696836
Vitamin B5,Vitamin B5_X_RP,170413,37068364,25428540,30543792,NA,0.5472808295696836
Vitamin B5,Vitamin B5_X_RP,170425,141132272,91665088,116398680,NA,0.5472808295696836
Vitamin B5,Vitamin B5_X_RP,170828,83340960,54517332,68929146,NA,0.5472808295696836
Vitamin B5,Vitamin B5_X_RP,180302,81390088,59557516,70473802,NA,0.5472808295696836
Vitamin B5,Vitamin B5_X_RP,180716,130771736,74237416,108283874.66666667,NA,0.5472808295696836
Vitamin B5,Vitamin B5_X_RP,190725,45260944,31103476,38182210,NA,0.5472808295696836
