MassFeature_Column,KM1513-125m_A,KM1513-125m_B,KM1513-125m_C,KM1513-15m_A,KM1513-15m_B,KM1513-15m_C,KM1513-45m_A,KM1513-45m_B,KM1513-45m_C,KM1513-75m_A,KM1513-75m_B,KM1513-75m_C,S11C1_A,S12C1_A,S12C1_B,S13C1_A,S13C1_B,S14C1_A,S14C1_B,S14C1_C,S2C3_A,S4C1_A,S4C1_B,S4C1_C,S4C2_A,S4C2_B,S6C1_A,S6C1_B,S6C1_C,S6C2_A,S6C2_B,S7E41D100_1,S7E41D120_1,S7E41D140_1,S7E41D160_1,S7E41D180_1,S7E41D250_1,S7E41D30_1,S7E41D40_1,S7E41D60_1,S7E41D80_1,S8C1_A,S9C1_A,S9C1_B,S9C2_A,S9C2_B,U3_A,U3_B,U4_A,U4_B,U6_A,U6_B,U7_A,U7_B,U8_A,U8_B,U9_A,U9_B
Adenine_X_HILICPos,13,11,11,23,19,17,14,13,13,15,11,12,15,24,11,18,19,15,6,13,17,30,11,17,19,21,13,13,12,18,14,13,14,10,14,19,11,28,23,13,11,12,18,9,14,15,18,18,20,12,20,10,15,12,22,11,14,10
Adenosine_X_HILICPos,23,20,15,27,28,25,21,21,21,26,17,18,10,13,13,13,18,12,12,10,39,40,18,14,17,31,29,10,25,12,17,34,33,31,31,33,19,38,35,19,27,10,12,11,13,12,21,19,13,13,14,12,12,18,15,12,19,14
Adenosyl Homocysteine_X_HILICPos,141,143,140,144,144,145,142,142,142,140,143,142,144,146,146,144,143,145,148,144,137,145,139,139,141,145,146,144,145,146,145,118,123,119,119,117,111,134,132,133,126,144,144,145,142,140,146,144,144,146,145,146,146,146,147,146,147,145
Adenosyl Methionine_X_HILICPos,127,134,130,129,129,132,129,129,127,133,132,127,132,132,138,132,137,134,138,138,133,142,134,136,136,132,140,134,133,116,139,96,123,119,119,101,108,82,91,131,124,134,110,140,134,135,131,123,108,131,101,136,141,129,131,135,129,136
Agmatine_X_RP,13,21,23,29,28,29,9,18,11,12,11,15,64,83,63,56,52,61,46,34,35,47,38,34,40,44,33,79,27,48,37,44,47,34,42,30,27,77,78,52,35,72,77,69,80,57,75,48,82,57,65,64,58,44,80,63,65,51
Alanine_X_HILICPos,79,92,92,89,98,107,86,82,83,76,86,84,129,122,133,137,117,118,125,128,125,110,139,144,142,119,135,137,139,130,133,53,85,82,78,50,71,58,50,91,90,125,124,124,137,136,139,139,128,136,134,133,125,140,126,137,136,133
Allopurinol_X_RP,11,11,11,27,30,26,12,10,9,10,13,16,13,19,18,21,22,32,17,40,23,28,25,38,26,22,31,29,32,28,19,14,16,11,10,12,13,30,19,5,8,21,14,10,15,19,42,21,57,43,12,12,15,36,33,11,28,35
Amino Propanesulfonic Acid_X_HILICNeg,10,12,12,30,31,34,17,17,17,17,19,19,26,51,38,39,61,58,39,37,27,35,30,30,37,46,40,33,27,44,28,15,11,12,10,8,9,12,13,17,25,19,26,25,23,21,35,30,49,35,36,29,25,25,45,43,32,45
Argininosuccinic Acid_X_HILICPos,142,142,140,145,145,144,143,140,141,141,141,141,147,147,147,145,147,144,148,146,142,146,139,144,142,147,148,147,148,147,145,120,123,119,119,117,111,137,137,133,126,145,146,147,146,148,147,146,146,147,146,147,147,147,146,147,145,145
Asparagine_X_HILICPos,100,106,104,113,112,115,107,107,110,116,112,113,124,123,127,125,121,122,128,127,120,123,126,127,131,120,121,125,132,126,135,81,97,110,111,87,102,79,74,92,104,121,115,123,124,131,129,127,117,120,124,127,130,131,129,128,127,129
Aspartic acid_X_HILICPos,113,118,117,118,113,123,104,99,103,102,103,106,137,138,135,133,136,131,133,131,131,134,130,133,134,136,138,136,137,135,136,72,91,97,104,81,92,71,65,95,93,133,137,134,138,139,134,137,132,133,139,139,140,136,141,139,134,132
beta-Alanine_X_HILICPos,77,84,84,75,70,75,69,62,61,75,82,71,77,94,104,103,101,110,53,121,96,92,109,115,117,93,73,73,93,75,98,62,21,56,57,50,44,54,47,53,51,68,75,83,45,65,86,86,67,71,67,90,105,90,82,78,86,82
beta-Glutamic acid_X_HILICPos,82,91,95,100,97,104,106,103,105,107,115,114,125,121,118,126,128,126,132,130,119,125,122,131,132,139,108,111,116,120,109,19,36,29,39,24,22,91,86,97,65,128,131,130,129,130,117,117,118,122,123,129,136,127,124,121,121,120
Butyryl-L-carnitine_X_HILICPos,78,68,69,105,109,105,93,95,95,91,87,89,107,119,121,116,115,115,116,108,94,114,110,116,118,115,122,119,121,128,125,120,92,119,119,117,111,97,102,102,126,101,116,111,115,113,120,124,88,98,118,111,114,123,128,120,125,126
Carnitine_X_HILICPos,25,23,23,29,29,26,23,25,23,20,24,26,17,16,20,19,14,14,18,19,14,15,15,15,14,14,16,16,16,14,15,15,7,15,19,16,12,16,12,10,10,17,14,17,16,16,11,13,12,16,16,17,17,17,17,19,17,19
Citrulline_X_HILICPos,99,105,103,95,82,86,85,66,70,79,78,73,123,131,131,121,124,117,130,124,128,120,121,123,130,129,127,128,129,117,130,66,109,105,110,94,90,84,109,117,101,131,119,127,131,127,130,133,123,128,116,128,134,125,123,126,119,116
Creatine_X_HILICPos,22,28,31,32,30,31,18,16,16,21,25,16,58,51,89,113,51,57,34,91,69,54,106,99,109,61,61,84,65,83,70,30,43,30,41,37,31,13,36,30,23,63,65,64,74,69,89,84,52,66,49,54,50,87,48,62,67,89
Cystathionine_X_HILICPos,136,141,137,141,142,140,140,139,140,137,137,136,138,141,143,142,145,143,147,143,139,141,139,141,142,146,144,142,144,143,145,110,118,119,117,114,110,117,122,125,126,140,141,142,128,138,136,138,138,138,137,138,137,137,138,134,138,142
Cysteic Acid_X_HILICNeg,34,41,43,44,46,49,41,40,44,40,42,45,32,38,47,61,55,53,56,68,46,55,57,65,61,51,38,40,41,43,53,15,20,12,14,17,10,30,30,25,25,39,31,33,38,28,52,48,34,43,42,47,47,43,36,48,48,49
Cytidine_X_HILICNeg,50,48,52,51,49,40,58,61,36,55,57,42,20,24,24,28,22,21,19,23,31,28,38,38,31,26,32,26,28,25,29,11,15,12,11,13,10,24,20,19,19,21,21,24,22,20,30,29,25,26,29,23,32,28,27,25,30,32
Cytosine_X_HILICPos,26,29,33,43,41,41,31,29,32,34,31,32,22,19,19,15,20,17,20,21,23,29,21,24,23,33,14,25,22,26,24,12,15,9,10,13,10,32,13,18,12,26,33,19,23,21,29,34,34,20,33,23,28,22,31,20,29,18
Dexpanthenol_X_HILICPos,97,115,116,126,128,127,112,112,113,119,108,115,142,144,139,136,139,129,143,135,143,146,139,137,135,148,141,141,140,148,138,50,8,101,109,78,69,132,134,121,47,142,143,135,143,144,143,147,145,145,144,145,145,143,144,145,144,138
DHPS_X_HILICNeg,4,6,7,2,2,4,6,6,8,7,8,10,4,4,5,6,6,6,7,6,5,5,5,5,6,6,3,3,3,4,5,6,8,7,12,6,6,2,2,3,5,4,3,4,3,3,3,2,2,2,2,3,4,3,2,5,5,6
DMSP_HILICPos_X_HILICPos,8,8,8,7,7,7,2,3,3,3,3,4,3,3,4,2,2,2,3,2,2,2,2,2,3,3,4,3,3,3,3,4,3,4,6,3,3,2,2,2,2,2,2,3,1,2,2,2,1,2,3,3,3,3,3,4,3,7
Gluconic Acid_X_HILICNeg,50,48,52,66,36,46,58,43,62,55,57,39,65,27,41,54,47,70,73,61,65,61,71,54,52,27,67,50,68,22,56,15,20,12,14,15,10,19,18,33,25,58,28,66,43,48,27,24,28,37,21,39,48,46,26,32,27,30
Glucosylglycerol_X_HILICPos,134,130,132,122,123,120,139,138,135,138,138,138,143,137,130,135,146,140,142,133,141,144,135,134,137,144,145,145,146,144,137,120,123,119,119,117,111,113,114,109,120,139,147,144,140,141,141,134,143,140,142,142,142,138,145,138,141,134
Glutamine_X_HILICPos,36,50,48,35,36,42,27,23,25,30,32,29,61,50,66,39,33,25,39,38,43,25,39,38,63,42,58,53,66,31,54,20,26,37,30,20,32,25,17,27,32,51,47,46,54,64,66,79,44,56,43,52,72,56,42,60,54,54
Glutathione Disulfide_X_RP,60,62,54,60,62,61,61,59,61,54,61,77,74,76,76,69,60,56,62,65,51,61,63,65,61,56,49,77,46,78,66,44,47,43,35,46,39,66,57,59,52,75,59,73,74,62,79,71,53,52,61,81,77,59,65,80,60,57
Glycerophosphocholine_X_HILICPos,40,44,41,15,16,16,29,32,28,53,43,47,63,63,50,106,83,93,102,119,88,64,72,86,102,72,62,59,68,68,52,24,34,40,42,28,36,10,10,32,34,53,55,59,69,114,45,49,37,46,38,42,46,41,40,46,47,42
Gonyol_X_HILICPos,15,12,12,6,6,6,7,7,7,7,6,5,47,42,34,35,24,34,31,22,20,23,23,23,16,16,41,54,42,32,26,51,64,55,67,53,40,48,42,60,50,60,50,50,64,42,43,28,47,37,46,49,39,40,47,37,39,41
Histidine_X_HILICPos,61,72,62,76,77,84,70,71,72,64,72,75,121,115,134,130,111,114,124,126,116,109,131,128,129,110,128,130,134,123,134,35,74,67,51,40,50,53,39,69,72,120,106,121,126,126,135,140,114,134,98,131,120,130,115,136,131,131
Homoserine_X_HILICPos,118,125,111,130,127,134,125,125,124,127,125,122,128,135,137,146,133,133,134,146,143,133,139,144,142,133,143,140,141,134,145,120,123,119,119,117,111,96,118,133,126,132,134,131,116,124,133,141,127,129,128,134,139,139,132,140,137,135
Hypotaurine_X_HILICPos,126,129,124,140,139,139,138,136,137,134,134,131,145,140,144,143,144,141,141,145,140,140,138,143,142,142,147,146,147,145,144,106,101,115,119,107,109,99,92,103,113,138,133,143,132,142,144,142,140,142,136,140,138,145,140,141,146,144
I102.0549R12.14_HILICNeg_X_HILICNeg,8,9,14,11,9,11,8,8,9,8,10,8,17,18,19,17,16,17,24,17,16,18,22,22,16,15,13,12,12,13,20,7,20,12,14,17,10,17,12,11,7,17,11,16,16,14,15,14,11,13,14,21,21,14,13,20,12,13
I104.1074R10.68_HILICPos_X_HILICPos,50,49,37,42,53,47,51,63,60,35,54,62,16,7,10,21,16,13,14,14,22,17,17,19,20,15,21,19,17,9,9,16,17,17,13,12,14,14,16,16,17,13,16,16,17,14,15,14,16,18,11,13,13,19,12,13,16,13
I107.0734R9.09_HILICPos_X_HILICPos,132,131,127,143,143,143,132,132,130,136,135,128,130,76,85,131,131,136,137,139,136,126,128,129,133,131,87,95,90,129,127,111,116,113,119,117,111,124,129,127,122,127,130,129,130,133,74,73,95,101,112,115,115,104,93,93,73,68
I116.0709R8.8_HILICPos_X_HILICPos,33,32,28,34,33,39,46,41,43,41,42,39,14,33,25,23,23,21,23,17,27,32,29,28,29,38,32,26,32,30,23,11,12,12,9,10,9,11,11,11,18,16,10,12,12,17,34,32,24,19,15,16,14,16,19,22,21,21
I118.0864R7.19_HILICPos_X_HILICPos,1,1,1,1,1,1,1,1,1,1,1,1,1,1,1,1,1,1,1,1,1,1,1,1,1,1,1,1,1,1,1,1,1,1,1,1,1,1,1,1,1,1,1,1,2,1,1,1,2,1,1,1,1,1,1,1,1,1
I120.0811R5.29_HILICPos_X_HILICPos,47,48,47,57,62,58,60,59,57,55,57,52,46,69,65,70,78,68,55,52,56,86,61,66,62,77,71,72,74,80,67,46,40,38,23,38,43,41,38,25,30,42,63,45,52,45,73,77,74,62,51,45,41,51,76,51,59,62
I121.032R8.27_HILICPos_X_HILICPos,29,33,34,21,20,21,13,14,14,14,15,13,7,5,5,7,7,9,9,7,9,4,7,6,7,5,8,8,9,5,7,36,19,27,20,21,23,7,9,20,20,7,7,8,4,6,9,8,8,8,5,6,9,8,9,8,9,9
I121.0684R10.7_HILICPos_X_HILICPos,104,108,110,72,72,70,91,96,94,87,101,95,52,37,40,84,74,59,63,53,105,57,67,62,88,64,104,115,97,74,74,116,121,116,119,117,106,119,130,130,123,91,94,80,98,48,111,95,81,76,68,58,75,109,84,64,107,101
I124.0064R10.88_HILICNeg_X_HILICNeg,3,3,3,8,8,8,4,5,5,5,6,6,8,7,14,18,7,10,6,19,14,7,16,14,21,7,15,13,14,9,13,4,3,4,3,2,4,3,3,4,4,6,6,7,8,10,10,11,5,12,6,6,5,13,5,11,13,14
I126.904R4.8_HILICNeg_X_HILICNeg,2,1,2,4,3,2,2,2,2,6,3,2,3,2,2,2,2,2,2,2,4,2,2,2,2,2,4,2,2,3,3,1,2,1,2,5,3,5,4,2,1,3,4,3,2,2,2,5,4,3,5,5,3,2,6,4,3,3
I130.05R11.1_HILICPos_X_HILICPos,49,57,54,45,47,53,32,28,29,36,40,36,75,64,82,49,49,33,47,48,51,42,47,50,71,51,68,63,76,37,64,26,30,41,38,29,37,34,26,31,37,67,58,60,70,79,80,91,57,74,53,68,99,68,52,77,66,66
I130.1592R4.02_CyanoAq_X_RP,64,68,69,76,77,76,49,77,76,72,78,84,9,61,34,5,12,14,19,11,15,20,43,24,12,18,22,19,18,19,14,44,47,43,42,46,39,80,78,59,52,37,15,12,11,18,16,52,12,23,15,17,42,17,13,30,27,19
I131.0704R10.12_HILICPos_X_HILICPos,110,104,107,86,83,79,73,79,76,78,69,82,106,102,76,66,71,71,66,74,78,65,48,61,60,55,82,80,95,97,63,92,88,83,92,97,86,101,120,100,99,95,117,89,106,111,56,55,80,69,131,101,116,102,106,86,81,55
I132.102R6.53_HILICPos_X_HILICPos,10,10,14,8,8,8,9,9,9,10,9,10,11,14,16,8,9,7,13,9,6,9,9,9,10,10,11,11,10,10,10,9,11,11,8,9,15,22,20,8,8,15,11,15,10,9,12,12,11,11,10,14,18,10,11,15,12,12
I132.102R9.3_HILICPos_X_HILICPos,5,6,6,5,5,5,6,4,5,5,7,6,4,4,3,3,3,4,4,3,3,3,3,3,2,2,3,4,4,4,4,2,2,2,2,2,2,5,4,4,3,6,4,5,6,4,5,5,4,4,4,4,4,4,4,3,4,3
I134.0813R10.18_HILICPos_X_HILICPos,112,112,114,101,107,110,115,120,119,103,117,118,78,54,59,93,87,96,107,98,84,76,101,82,90,68,89,97,98,103,111,93,68,74,89,80,81,33,41,73,66,52,62,74,43,58,62,46,55,57,58,74,89,81,64,63,72,79
I136.0508R7.09_HILICPos_X_HILICPos,90,93,105,117,124,124,96,100,97,98,107,117,94,113,111,86,95,97,104,100,73,96,69,89,81,91,102,107,106,104,100,31,39,28,33,35,21,104,97,64,33,110,113,99,112,104,125,132,112,97,122,137,131,141,125,118,117,99
I137.0459R1.05_CyanoAq_X_RP,4,3,2,5,8,6,4,4,4,4,4,4,5,5,3,11,4,4,2,3,6,5,3,5,11,8,2,5,4,2,2,2,2,2,2,2,2,3,2,3,2,5,5,4,7,7,9,6,5,5,4,2,5,6,2,2,6,7
I137.0459R6.2_HILICPos_X_HILICPos,31,26,32,36,46,38,34,36,37,38,35,38,55,59,47,63,60,42,42,40,40,62,55,58,68,66,22,52,55,53,51,21,23,16,21,27,16,35,25,24,24,62,74,65,55,66,48,47,63,47,59,47,48,49,26,48,63,57
I137.0459R7.49_HILICPos_X_HILICPos,55,63,51,67,71,73,62,65,66,59,68,67,41,61,51,80,84,77,46,82,86,89,73,84,80,84,83,74,80,81,66,21,23,16,21,27,16,35,25,24,24,35,56,40,50,62,94,66,83,84,47,27,34,67,57,41,74,74
I138.0549R5.35_HILICPos_X_HILICPos,2,2,3,4,4,4,3,2,2,2,2,2,2,2,2,6,4,5,2,5,5,6,4,5,4,6,2,2,2,2,2,3,5,3,4,4,4,3,3,3,4,3,3,2,3,3,3,3,3,3,2,2,2,2,2,2,2,2
I138.055R7.72_HILICPos_X_HILICPos,6,5,4,18,17,15,12,11,12,8,10,9,5,8,8,4,6,8,5,6,4,7,6,7,6,7,6,6,6,7,6,6,6,6,5,6,6,6,6,6,6,4,5,4,5,5,7,7,7,7,6,5,6,5,7,5,8,8
I139.0157R7.24_HILICNeg_X_HILICNeg,22,29,38,28,30,30,30,37,32,22,21,30,16,26,27,12,15,15,16,13,7,13,15,17,12,17,18,21,15,18,18,15,20,12,14,17,10,10,10,14,10,10,22,19,17,17,20,23,27,20,16,15,7,21,23,18,22,24
I141.0659R7.2_HILICPos_X_HILICPos,34,30,26,71,73,71,52,53,50,39,44,43,26,38,37,22,22,45,36,46,42,24,24,22,26,30,35,33,29,23,20,25,25,18,17,26,28,39,34,23,25,24,26,23,26,26,39,41,33,33,39,36,26,30,35,35,32,36
I143.0816R7.97_HILICPos_X_HILICPos,19,19,19,47,45,52,35,34,36,28,30,30,9,20,12,10,8,3,11,4,21,13,19,11,21,19,12,14,14,11,11,7,9,7,7,8,8,9,8,12,7,9,15,10,20,13,16,16,21,14,21,15,16,11,13,16,15,16
I144.1019R6.44_HILICPos_X_HILICPos,14,14,16,9,11,9,10,10,11,11,12,11,13,22,23,12,11,11,16,12,10,11,10,10,11,12,18,15,13,13,12,14,16,13,15,11,18,36,22,9,13,14,13,14,11,11,19,20,17,17,12,21,21,15,16,23,18,17
I145.0608R10.18_HILICPos_X_HILICPos,111,111,112,128,130,130,128,126,129,109,129,130,80,68,88,101,112,105,111,102,99,130,111,97,122,134,85,67,67,69,90,95,72,87,101,95,96,43,48,90,92,50,40,103,29,32,77,58,50,61,50,57,58,74,69,66,101,115
I146.0601R1.92_CyanoAq_X_RP,24,22,21,36,40,35,28,25,26,18,21,24,53,59,65,48,43,40,33,41,38,46,58,47,47,42,54,58,51,43,50,17,19,19,15,20,16,27,22,14,16,40,36,42,42,41,59,60,56,56,41,48,45,51,48,50,51,56
I148.0605R12.12_HILICPos_X_HILICPos,21,27,29,28,26,28,22,17,20,25,23,19,25,31,33,28,31,26,35,33,28,44,34,43,35,26,26,24,27,20,34,10,28,24,29,14,20,24,18,29,26,30,19,27,27,27,24,29,15,24,18,25,36,26,21,31,22,22
I148.0968R8.21_HILICPos_X_HILICPos,20,21,22,31,32,30,24,24,24,24,20,23,20,28,27,20,17,19,15,16,15,14,16,16,15,18,17,18,15,17,16,22,20,20,26,31,26,42,33,22,19,22,24,21,25,24,22,22,23,22,24,26,27,21,30,24,23,24
I148.9235R3.57_HILICNeg_X_HILICNeg,20,19,22,66,54,53,26,27,24,33,22,31,25,63,59,72,64,65,65,72,47,22,26,63,59,39,25,60,59,58,32,15,20,12,14,17,10,44,23,33,25,47,60,28,56,61,59,62,33,33,58,56,56,52,37,61,60,41
I149.0631R10.15_HILICPos_X_HILICPos,135,140,136,108,117,118,121,127,125,81,116,124,122,35,32,65,56,74,96,78,72,47,60,53,50,37,31,31,34,36,36,114,102,108,113,111,111,73,104,122,118,122,111,113,120,118,37,36,46,49,56,69,92,92,56,50,33,34
I150.0775R6.27_HILICPos_X_HILICPos,95,88,96,88,93,81,83,84,85,96,84,90,117,118,120,87,102,81,73,94,68,72,65,67,94,96,105,110,101,110,114,79,79,64,79,92,78,80,62,40,77,119,121,119,123,116,59,70,113,59,109,113,97,120,23,56,112,98
I151.1441R6.61_HILICPos_X_HILICPos,3,3,2,10,10,11,8,8,8,4,5,3,8,41,48,52,39,62,17,43,38,56,46,46,46,71,51,28,19,39,28,47,46,26,12,17,75,4,5,5,21,5,6,6,8,8,23,38,68,94,23,9,5,14,14,10,11,29
I152.0567R7.37_HILICPos_X_HILICPos,74,87,89,85,95,99,81,85,89,90,102,94,66,44,54,46,73,53,64,59,112,105,103,113,93,109,116,93,112,90,103,75,77,77,53,74,67,86,77,70,79,98,93,91,85,75,115,113,116,119,89,87,85,106,92,84,114,97
I152.0567R8.12_HILICPos_X_HILICPos,4,4,5,12,12,12,4,5,4,6,4,7,33,27,30,16,15,22,24,23,13,16,13,18,18,17,19,17,18,16,21,8,13,8,11,7,7,23,19,15,9,36,37,30,37,34,36,43,27,30,36,39,38,27,28,38,35,31
I152.0568R1.08_CyanoAq_X_RP,10,9,9,20,21,22,7,7,7,9,8,9,6,2,6,2,7,5,5,6,18,19,17,23,19,19,24,11,24,9,13,7,8,8,8,8,10,15,8,7,9,8,8,9,9,8,18,17,18,21,9,10,9,18,11,10,19,16
I152.0707R9.08_HILICPos_X_HILICPos,53,54,53,64,66,66,58,57,56,57,58,57,24,9,9,24,21,30,33,30,29,20,22,20,24,28,9,7,7,19,18,37,32,32,32,44,45,49,46,33,31,25,20,20,21,22,6,6,10,10,9,11,11,9,8,9,6,6
I152.1282R1.07_CyanoAq_X_RP,57,67,68,75,69,72,73,73,74,49,75,65,75,82,88,75,66,65,70,69,59,60,64,76,72,61,78,88,86,85,83,11,14,10,16,16,9,64,53,18,11,82,80,77,83,82,88,88,87,88,81,87,84,88,86,88,87,84
I154.0532R5.23_HILICPos_X_HILICPos,44,38,38,62,63,62,56,56,58,56,51,46,71,56,45,61,57,64,68,60,60,60,53,55,54,59,45,46,44,58,56,27,31,34,35,45,51,85,68,37,29,92,34,78,80,81,49,51,71,64,64,51,79,54,61,43,51,51
I154.0723R8.97_HILICPos_X_HILICPos,121,107,106,103,102,102,110,109,115,126,120,104,104,67,90,73,76,82,108,86,143,97,102,65,66,99,74,51,54,86,102,120,123,119,119,117,111,133,128,133,126,118,103,109,101,86,75,74,92,83,71,102,113,84,109,104,90,75
I155.0815R8.72_HILICPos_X_HILICPos,7,7,7,33,34,34,17,18,18,12,14,14,6,6,6,5,5,6,8,8,8,5,5,4,5,4,5,5,5,6,5,5,4,5,3,5,5,8,7,7,5,8,8,7,7,7,8,9,5,6,8,8,8,7,5,7,7,5
I157.0973R7.33_HILICPos_X_HILICPos,30,24,27,68,69,67,47,51,48,40,34,37,30,39,38,40,41,52,54,49,37,34,37,36,41,46,33,36,31,33,31,39,29,25,27,41,46,59,44,38,28,28,30,32,30,29,33,39,22,21,31,34,33,28,27,28,28,30
I158.0813R7.81_HILICPos_X_HILICPos,92,101,93,93,94,96,76,75,74,89,89,93,31,73,62,76,82,88,86,69,58,85,59,70,49,78,42,42,35,63,55,58,49,46,59,56,52,88,71,43,48,41,45,33,41,31,57,59,42,29,54,50,45,37,68,54,58,53
I158.1176R5.48_HILICPos_X_HILICPos,38,37,35,40,39,37,50,50,47,45,41,35,40,60,56,59,53,58,62,57,50,58,50,56,57,58,30,48,40,50,45,85,71,71,65,76,55,89,82,79,74,59,46,42,48,41,63,62,45,42,45,41,42,38,43,53,52,52
I160.037R5.34_HILICPos_X_HILICPos,51,39,39,61,64,63,57,55,52,44,56,53,29,34,42,102,79,76,43,103,91,59,56,94,87,63,44,45,36,41,22,109,120,114,115,112,111,111,112,112,119,37,27,28,33,39,53,54,31,41,26,48,37,46,46,58,55,60
I160.0969R6.82_HILICPos_X_HILICPos,94,99,102,82,86,82,87,88,90,93,92,99,53,80,69,64,64,65,80,65,59,63,57,64,65,76,55,65,58,82,65,52,48,57,69,60,54,105,98,58,45,77,68,63,66,60,70,71,60,51,61,66,64,58,67,76,69,59
I160.0969R7.56_HILICPos_X_HILICPos,18,18,20,26,27,24,28,27,27,18,22,25,72,85,78,27,29,28,29,26,18,28,28,26,33,39,59,66,59,55,48,59,62,50,58,59,60,92,87,68,57,81,79,70,73,67,72,69,75,65,82,75,87,64,88,87,75,64
I160.0969R8.37_HILICPos_X_HILICPos,17,17,18,22,24,23,19,20,17,17,16,20,23,36,31,14,13,18,21,18,12,12,12,13,13,13,25,23,20,15,13,23,18,22,24,22,25,31,21,17,16,20,21,22,22,20,35,35,25,27,29,31,32,25,33,26,25,32
I161.0631R9.25_HILICPos_X_HILICPos,86,83,80,91,88,87,78,78,77,71,67,70,102,11,15,45,46,63,69,62,55,35,40,34,40,34,20,21,21,28,30,108,103,111,116,113,107,60,84,115,114,96,84,92,92,90,13,11,29,34,30,29,29,24,18,18,13,15
I162.0776R1.13_CyanoAq_X_RP,23,28,27,49,39,50,22,15,23,28,26,21,15,23,19,17,17,19,20,36,30,34,15,27,29,25,13,12,11,22,22,6,11,7,14,18,11,20,14,13,10,11,19,8,12,10,14,15,17,11,36,15,26,9,16,15,18,9
I162.1125R6.83_HILICPos_X_HILICPos,37,36,40,37,37,33,33,33,34,33,29,31,43,86,80,29,27,24,10,32,19,18,30,31,25,32,39,60,56,52,40,67,52,43,45,52,39,77,81,45,58,47,61,61,59,50,68,68,58,53,86,92,88,72,83,90,93,83
I162.1125R8.11_HILICPos_X_HILICPos,16,16,17,2,2,2,11,12,10,13,13,15,12,10,7,9,10,10,7,11,7,8,8,8,8,8,7,9,8,8,8,17,10,14,18,18,17,17,14,14,14,11,9,13,9,10,4,4,6,5,7,7,7,6,6,6,5,4
I165.0581R8.33_HILICPos_X_HILICPos,42,42,44,17,14,13,20,22,22,23,19,22,42,18,18,17,12,20,22,20,11,10,14,12,9,9,15,12,11,22,19,38,57,79,62,90,87,44,49,78,39,31,41,43,36,38,17,17,36,35,37,37,44,33,38,30,20,20
I166.0864R1.12_CyanoAq_X_RP,1,1,1,2,2,2,1,1,1,1,1,1,1,1,1,1,1,1,1,1,2,2,1,1,3,3,3,1,1,1,1,1,1,1,1,1,1,1,1,1,1,1,1,1,1,1,2,3,2,3,1,1,2,1,1,1,1,1
I167.0204R10.56_HILICNeg_X_HILICNeg,27,36,32,17,15,19,18,23,23,16,23,28,28,12,11,27,25,13,8,4,13,31,12,9,20,41,5,6,5,11,10,15,20,12,14,17,10,37,36,32,21,38,27,48,60,24,9,6,10,7,7,8,6,7,14,9,6,7
I168.0517R1.05_CyanoAq_X_RP,39,39,39,14,10,12,21,26,22,22,23,36,82,89,73,38,30,8,10,9,10,41,8,11,24,28,32,37,37,10,10,44,47,43,42,46,39,60,50,59,52,52,52,27,84,83,50,39,69,62,33,61,74,70,75,78,67,63
I170.0684R16.91_HILICPos_X_HILICPos,89,102,99,58,58,56,59,58,59,70,64,61,65,74,74,53,59,51,59,56,47,49,42,52,39,44,69,71,79,49,44,77,78,68,80,85,77,55,73,55,69,55,72,73,39,63,60,67,56,54,75,83,78,76,77,72,82,85
I170.1176R8.07_HILICPos_X_HILICPos,35,34,30,52,55,50,45,40,44,37,36,41,62,87,84,44,45,41,45,41,32,48,41,45,45,48,64,70,63,66,59,60,47,35,40,43,33,120,106,84,64,71,60,55,65,57,79,78,66,58,74,85,74,61,74,81,71,67
I172.0067R5.44_HILICNeg_X_HILICNeg,16,13,13,16,16,13,16,16,18,18,17,18,15,14,13,7,9,12,13,14,10,8,7,7,7,9,10,10,11,14,12,15,20,12,14,17,10,9,15,18,25,12,14,13,9,12,12,13,16,15,17,16,13,15,16,15,15,18
I173.0921R8.33_HILICPos_X_HILICPos,46,45,49,59,57,55,65,67,64,60,61,64,57,82,83,51,54,84,85,70,67,51,49,51,55,57,84,91,87,85,73,54,60,61,60,66,65,114,85,65,43,85,69,69,63,56,91,80,78,81,99,106,95,59,85,88,97,88
I174.022R5.45_HILICPos_X_HILICPos,73,69,57,63,65,61,75,80,79,86,75,74,49,58,53,41,43,49,49,47,44,45,38,42,37,40,49,55,50,46,43,87,53,92,75,79,85,52,58,75,91,45,52,51,46,51,52,52,53,50,57,53,47,50,55,55,62,63
I174.1126R6.89_HILICPos_X_HILICPos,87,82,94,104,104,100,94,92,91,80,83,88,103,120,119,85,85,89,99,92,80,82,78,83,92,90,111,122,113,118,115,88,73,58,70,72,53,135,127,98,71,117,108,108,111,106,121,122,110,108,119,124,122,111,122,122,120,110
I174.1126R8.06_HILICPos_X_HILICPos,70,70,67,83,87,85,84,81,82,77,74,77,59,84,77,78,77,86,94,84,70,77,71,76,84,83,65,77,69,79,71,55,50,51,49,69,76,107,88,62,52,78,66,62,67,49,81,89,69,67,69,79,71,63,78,74,65,71
I175.0789R1_CyanoAq_X_RP,50,51,57,48,33,32,31,32,28,32,29,35,47,75,60,25,25,24,29,27,46,17,10,17,20,14,46,47,54,33,26,26,28,27,29,36,21,59,66,31,33,43,57,24,30,61,34,49,58,40,73,62,72,76,52,45,59,47
I175.119R17.83_HILICPos_X_HILICPos,32,35,21,46,49,60,43,42,40,32,49,50,39,65,68,72,65,69,60,68,66,78,62,71,76,67,67,64,62,56,62,28,37,39,25,15,30,15,15,28,40,33,31,34,47,46,64,63,54,68,41,43,35,48,50,59,56,69
I176.0918R10.77_HILICPos_X_HILICPos,72,79,87,65,61,68,42,37,39,73,76,80,79,114,115,123,126,108,131,110,63,115,112,122,72,60,100,101,102,106,87,44,86,78,81,54,59,64,54,110,100,109,98,105,99,87,108,104,51,92,103,119,93,113,98,119,124,125
I176.0918R7.43_HILICPos_X_HILICPos,85,90,90,110,111,119,111,101,102,88,94,97,115,134,128,92,88,91,103,101,75,91,89,96,107,101,120,127,125,133,126,91,75,63,72,77,64,126,124,99,82,123,109,115,121,115,132,130,125,121,126,135,133,126,135,130,130,127
I176.1281R10.33_HILICPos_X_HILICPos,27,31,36,20,22,18,26,30,31,27,27,28,37,47,44,42,42,40,41,35,34,41,31,40,27,29,38,40,37,38,38,18,22,23,28,23,27,40,27,21,15,46,36,38,40,35,42,42,38,38,42,44,49,36,45,47,43,44
I176.1282R7.85_HILICPos_X_HILICPos,43,40,43,54,54,49,54,54,55,49,48,51,36,12,14,83,81,87,84,85,61,69,82,79,101,88,27,30,28,73,69,76,59,66,71,68,68,46,56,89,70,56,43,44,42,37,10,10,14,15,17,19,19,13,10,14,10,11
I177.0581R9.17_HILICPos_X_HILICPos,128,122,125,125,122,121,101,102,100,97,88,92,110,111,113,94,93,106,121,120,100,75,97,78,73,74,126,124,122,112,107,115,117,112,119,115,111,127,126,123,116,107,97,100,113,109,65,53,107,112,78,97,82,47,72,83,94,90
I177.0582R7.98_HILICPos_X_HILICPos,131,126,119,134,135,131,109,110,112,110,98,101,146,148,147,109,108,98,119,114,104,108,116,117,97,85,149,148,148,142,140,120,123,119,119,117,111,139,138,133,126,147,148,148,146,148,147,147,147,147,147,148,148,148,148,148,148,145
I179.0048R7.02_HILICPos_X_HILICPos,11,9,9,44,42,44,25,26,26,16,18,21,68,75,71,37,40,35,40,34,24,43,36,39,44,47,52,56,53,47,42,33,24,19,22,25,13,116,107,57,36,75,76,75,76,70,58,60,62,60,70,77,73,60,66,75,60,56
I179.024R6.59_HILICPos_X_HILICPos,57,58,59,92,91,93,79,83,81,69,73,79,51,106,109,99,98,121,77,104,95,101,93,98,103,121,113,86,71,114,86,83,90,70,52,65,89,70,66,41,60,38,49,39,58,44,90,98,129,126,102,64,51,55,89,67,61,87
I180.1019R8.38_HILICPos_X_HILICPos,28,25,25,38,38,35,30,31,30,29,28,27,27,29,29,25,25,29,25,31,25,21,25,21,22,22,36,35,33,29,25,29,27,21,16,30,24,30,30,26,22,19,25,24,24,28,25,25,30,31,34,32,24,29,29,29,26,27
I182.0674R1.17_CyanoAq_X_RP,21,17,17,10,11,10,8,8,8,7,7,23,66,12,16,14,34,16,16,20,25,53,11,10,17,43,20,9,9,11,7,44,47,43,40,46,39,72,67,59,49,63,17,39,81,30,15,9,6,9,11,16,29,14,26,14,3,14
I185.0922R8.02_HILICPos_X_HILICPos,45,46,50,97,96,98,72,73,71,61,62,63,98,97,97,43,48,72,81,67,46,46,45,44,52,54,75,82,72,57,49,57,69,52,63,67,62,123,113,87,53,108,101,95,97,97,87,82,94,91,110,108,109,82,99,101,83,76
I186.0253R12.12_HILICNeg_X_HILICNeg,14,7,8,22,22,10,15,13,12,13,9,9,11,22,12,13,17,19,18,10,11,24,11,10,10,18,11,11,7,23,11,15,9,6,9,17,10,44,43,12,8,16,23,14,14,9,14,12,18,10,26,18,15,12,19,17,10,11
I188.0707R7.54_HILICPos_X_HILICPos,67,77,75,78,85,89,80,76,80,72,85,78,100,105,110,100,110,104,88,93,103,118,123,109,105,114,119,112,111,115,121,86,87,88,64,88,91,66,75,51,67,88,102,104,86,89,109,108,119,117,96,104,98,95,116,109,108,117
I189.1235R6.93_HILICPos_X_HILICPos,144,143,140,147,147,147,145,144,144,144,144,144,93,99,94,98,103,102,115,109,107,94,79,92,96,98,79,88,89,91,84,64,56,59,74,71,66,110,105,77,63,113,104,101,107,99,97,99,85,75,104,105,111,91,103,108,99,84
I190.1439R0.83_CyanoAq_X_RP,58,61,69,59,61,57,57,56,59,44,47,53,43,38,20,16,16,18,24,25,16,16,6,16,18,16,21,20,19,25,12,44,47,43,42,46,39,80,78,59,52,44,34,22,38,12,12,14,31,19,59,34,53,31,34,24,20,15
I192.9131R3.72_HILICNeg_X_HILICNeg,31,31,31,29,28,28,21,22,20,19,16,17,65,63,69,21,19,23,29,25,36,15,14,15,22,23,67,66,68,46,43,15,20,12,14,17,10,44,43,33,25,68,60,66,69,67,70,71,60,70,62,67,66,65,64,69,67,65
I192.9808R2.93_HILICNeg_X_HILICNeg,47,47,51,53,59,60,42,45,48,43,48,55,33,39,37,49,60,63,46,51,57,44,27,32,38,59,35,45,47,42,27,15,20,12,14,17,10,32,43,33,25,41,57,52,34,27,54,47,44,25,46,43,45,34,48,37,58,54
I193.0531R10.87_HILICPos_X_HILICPos,41,56,58,25,21,27,16,19,19,22,26,24,70,30,46,55,36,23,51,51,52,19,58,37,67,20,50,41,51,40,50,89,81,81,87,89,82,37,53,96,95,66,44,68,56,74,44,50,32,63,48,71,76,52,37,68,36,40
I193.0894R10.12_HILICPos_X_HILICPos,71,66,71,60,52,48,39,46,41,51,37,49,54,55,36,30,34,32,27,39,41,33,20,29,32,23,47,44,52,43,32,56,58,45,56,73,49,69,108,59,61,43,73,36,53,73,27,37,39,32,93,46,56,53,49,39,40,25
I194.9965R12.04_HILICNeg_X_HILICNeg,40,43,42,24,24,27,23,21,22,20,20,23,18,32,33,31,29,26,35,27,28,23,29,26,26,20,30,32,29,29,31,15,20,12,14,17,10,21,25,29,25,20,15,18,18,18,31,28,20,22,25,31,26,31,28,35,38,50
I195.0765R10.08_HILICPos_X_HILICPos,137,136,135,137,138,133,131,134,134,132,130,135,74,101,106,119,120,101,129,116,109,68,96,102,113,95,76,78,75,70,77,94,93,86,95,70,97,47,64,34,89,97,48,66,71,52,84,75,77,88,95,95,94,89,73,17,30,102
I196.0831R1.52_CyanoAq_X_RP,33,29,31,19,15,20,15,12,18,14,18,7,76,44,14,24,21,15,12,17,60,72,30,20,33,48,14,14,12,13,20,44,47,43,42,46,39,74,61,47,52,69,35,59,64,39,20,26,41,15,40,13,32,21,21,13,13,10
I196.083R5.03_HILICPos_X_HILICPos,62,53,56,49,44,43,49,47,54,54,53,34,118,91,35,57,58,39,32,36,143,138,66,48,58,100,43,39,43,42,57,98,108,94,112,99,72,131,119,108,96,116,90,106,89,84,54,64,86,39,77,35,57,43,59,34,44,23
I203.1392R1.16_CyanoAq_X_RP,8,8,8,8,7,9,6,6,6,6,6,5,16,11,9,13,11,13,9,10,20,21,14,21,25,17,26,24,29,17,16,15,15,16,17,17,17,5,5,10,12,13,22,14,21,25,17,16,19,24,8,7,7,24,12,9,14,11
I204.1232R7.22_HILICPos_X_HILICPos,24,22,24,41,40,40,37,39,38,31,33,33,34,48,49,48,47,54,50,42,36,50,44,47,48,53,54,49,48,48,41,41,35,33,37,32,29,45,40,39,38,29,38,35,31,30,30,33,43,43,40,30,31,34,44,42,41,50
I204.1233R3.65_HILICPos_X_HILICPos,140,117,121,107,110,108,127,116,131,135,131,123,135,81,72,124,130,145,136,137,126,146,129,126,100,105,115,120,118,140,131,120,123,119,119,117,111,139,138,133,126,141,129,122,118,121,14,15,61,52,60,60,55,45,53,52,48,48
I204.1596R0.89_CyanoAq_X_RP,43,45,46,55,55,54,42,38,39,29,28,30,44,37,38,20,18,26,36,31,19,14,13,18,23,20,19,21,16,23,23,44,23,43,42,46,39,46,32,37,52,55,37,31,43,50,23,28,20,22,42,41,54,34,35,34,24,25
I206.0351R6.59_HILICPos_X_HILICPos,88,80,82,121,121,117,105,108,108,104,104,108,95,128,126,122,122,132,101,125,121,128,117,124,127,141,132,123,114,132,119,97,105,90,86,93,104,93,83,61,87,73,81,76,91,95,119,125,141,141,125,103,81,103,113,106,100,114
I206.0675R2.59_CyanoAq_X_RP,29,41,43,56,59,59,26,28,36,37,42,74,50,78,54,43,55,55,56,63,60,42,28,49,44,70,25,40,26,70,57,12,17,14,19,22,14,63,47,27,20,65,83,35,54,21,77,81,89,33,86,83,81,32,83,76,64,31
I206.1389R6.76_HILICPos_X_HILICPos,54,55,60,50,48,45,53,52,51,47,39,40,111,104,107,34,35,36,44,37,26,37,35,33,43,45,81,89,78,59,61,120,123,119,119,117,111,139,138,133,126,126,118,117,119,112,105,101,109,109,120,126,132,115,120,125,109,103
I207.0686R8.88_HILICPos_X_HILICPos,125,132,131,80,78,83,102,105,107,100,96,116,126,129,132,58,61,79,106,80,45,36,63,35,47,56,130,131,128,99,116,120,123,119,119,117,111,139,135,133,126,106,122,128,100,103,126,128,134,127,133,141,135,128,136,133,135,140
I207.1704R6.56_HILICPos_X_HILICPos,39,41,45,39,35,36,48,48,49,50,47,45,76,109,116,110,97,103,71,106,92,102,107,105,112,118,117,106,92,119,104,103,111,104,99,102,111,87,80,54,102,61,54,57,61,72,83,85,122,124,97,59,60,69,70,65,57,95
I209.0478R11.07_HILICPos_X_HILICPos,66,89,88,56,56,64,41,44,46,48,52,56,113,52,81,69,62,56,75,75,79,52,77,63,85,49,80,62,82,51,75,42,55,53,73,39,47,19,37,67,62,103,95,110,104,117,71,83,73,93,72,96,118,114,87,102,85,92
I209.0843R7.18_HILICPos_X_HILICPos,117,109,113,77,76,72,116,121,117,120,105,100,105,126,124,47,38,55,72,54,53,67,64,68,38,41,103,99,91,107,112,120,119,118,118,117,111,139,138,132,125,111,100,102,109,105,113,110,115,116,121,122,117,99,111,116,115,112
I209.0844R8.07_HILICPos_X_HILICPos,58,61,61,66,67,65,44,45,45,43,38,42,97,117,117,38,44,44,48,44,31,26,33,27,36,36,109,113,105,45,39,112,100,107,106,109,111,90,100,114,107,80,86,90,95,94,103,103,101,102,115,120,103,98,112,115,106,107
I211.0565R12.12_HILICPos_X_HILICPos,91,65,70,106,106,77,95,94,92,94,71,68,92,110,98,96,107,95,100,79,89,107,88,88,82,106,92,96,73,121,89,120,98,91,96,117,98,138,138,107,97,94,123,98,96,82,93,100,111,86,127,110,106,80,110,107,84,73
I214.0388R5.25_HILICNeg_X_HILICNeg,28,26,27,45,40,41,38,34,37,32,34,34,50,35,36,57,45,43,50,53,51,46,47,52,58,48,26,30,25,39,41,15,20,12,14,17,10,44,43,33,25,59,25,50,51,56,34,39,36,49,43,41,53,50,38,34,31,37
I214.0484R11.68_HILICNeg_X_HILICNeg,18,23,23,12,12,16,19,18,19,23,24,27,22,33,20,40,33,29,36,34,53,61,49,59,63,64,29,25,31,32,24,15,17,12,14,17,10,18,16,20,14,24,20,22,28,45,28,27,29,29,19,20,17,22,22,19,23,19
I217.93R10.87_HILICNeg_X_HILICNeg,33,24,21,56,56,51,44,39,41,52,38,35,40,54,49,63,69,69,40,56,45,58,60,55,67,63,53,49,45,45,47,15,16,12,14,17,10,44,43,22,17,23,35,40,29,35,46,49,48,48,37,34,30,40,52,44,47,47
I219.1703R6.51_HILICPos_X_HILICPos,60,62,63,51,51,51,63,64,65,63,65,60,88,130,129,117,109,124,92,118,111,113,115,114,116,123,129,121,107,125,113,120,115,119,108,104,105,68,70,48,108,69,67,72,75,85,112,114,137,137,114,91,84,94,102,105,91,122
I219.9271R10.87_HILICNeg_X_HILICNeg,35,28,24,57,60,56,49,44,42,51,40,38,44,56,56,64,70,68,42,64,52,60,65,60,66,64,56,51,49,48,51,15,19,12,14,17,10,44,43,23,24,30,37,45,35,42,50,50,50,55,39,36,33,44,50,47,54,55
I221.022R10.39_HILICNeg_X_HILICNeg,50,48,52,43,55,44,58,61,62,55,57,59,60,49,35,38,57,54,38,60,64,56,58,56,46,58,27,44,53,60,58,15,20,12,14,17,10,29,26,21,20,42,49,41,48,55,37,46,60,51,53,46,50,58,47,39,52,39
I221.0843R5.26_HILICPos_X_HILICPos,139,139,139,142,141,138,133,133,136,139,136,134,147,57,52,134,140,137,144,136,122,135,136,132,121,112,95,114,110,87,101,120,123,119,114,106,93,136,138,133,126,147,145,148,144,146,26,27,90,90,81,89,66,57,54,49,38,37
I221.0843R5.58_HILICPos_X_HILICPos,139,139,138,142,141,138,135,133,136,139,136,134,147,57,52,134,140,137,146,142,122,137,136,132,121,130,110,114,124,87,101,120,123,119,119,117,111,136,138,133,126,146,145,146,144,147,26,27,90,90,81,89,66,57,54,49,38,37
I221.0843R8.12_HILICPos_X_HILICPos,116,113,115,96,92,91,103,122,104,113,100,103,140,66,67,88,86,100,113,107,87,70,81,73,69,65,96,100,99,76,79,120,123,119,119,117,111,103,116,128,126,130,138,139,125,128,46,44,87,89,87,98,104,86,71,69,50,49
I221.0844R0.89_CyanoAq_X_RP,47,55,53,45,45,46,39,45,43,35,39,38,71,10,10,19,19,28,37,30,17,13,19,19,16,10,17,23,21,8,11,44,34,29,27,31,28,25,38,45,41,71,62,66,51,65,3,2,11,12,18,19,19,11,9,6,2,3
I225.1607R2.2_HILICNeg_X_HILICNeg,38,37,36,62,29,64,52,52,52,47,51,53,39,59,61,65,62,39,61,65,30,40,52,50,49,52,21,22,22,49,45,15,20,10,14,17,10,41,40,24,25,50,44,31,49,53,29,64,54,45,52,58,64,53,44,62,62,38
I227.1754R2.2_HILICPos_X_HILICPos,80,73,79,127,43,112,100,104,101,118,110,110,67,124,114,95,96,67,98,95,48,61,70,69,64,87,40,43,39,89,83,68,65,49,90,100,58,118,111,82,76,86,77,54,93,101,47,129,126,80,106,114,129,88,91,124,118,65
I228.0979R6.34_HILICPos_X_HILICPos,84,81,83,98,101,95,89,87,86,83,81,83,86,49,55,54,68,47,52,55,77,80,75,75,79,81,99,87,104,71,81,70,54,44,34,58,48,81,76,72,59,93,96,93,88,91,100,96,104,104,91,84,101,105,94,73,104,80
I229.1549R0.89_CyanoAq_X_RP,54,50,49,62,63,62,64,60,54,52,51,63,18,65,62,35,41,34,45,35,31,31,41,42,42,39,28,41,33,40,36,19,21,18,21,19,15,49,37,33,24,22,12,16,13,16,48,62,45,39,38,35,46,33,40,51,48,44
I229.1557R2_HILICNeg_X_HILICNeg,26,22,20,27,26,29,28,32,30,29,29,21,41,30,29,41,43,33,27,31,39,51,48,43,48,44,44,38,40,33,35,15,20,12,14,17,10,20,17,28,25,29,40,32,36,38,39,37,37,41,27,25,22,36,31,26,28,25
I232.0231R10.77_HILICNeg_X_HILICNeg,50,48,52,58,63,65,48,49,51,55,54,58,56,63,67,73,72,70,73,74,60,61,70,72,68,60,64,64,66,69,70,15,20,12,14,17,10,44,43,33,25,64,59,65,63,58,66,65,51,63,61,63,62,64,63,65,66,65
I232.118R6.16_HILICPos_X_HILICPos,144,143,140,109,105,103,145,144,144,144,144,144,89,133,125,104,105,123,118,97,118,112,139,107,75,103,124,126,130,96,110,120,123,119,119,117,111,20,55,133,126,39,99,94,49,53,122,112,133,111,147,109,126,107,117,131,132,128
I235.1653R7.18_HILICPos_X_HILICPos,9,15,10,13,13,19,15,15,15,19,21,17,44,40,41,60,55,50,57,45,62,53,74,60,61,62,46,38,30,44,53,99,89,85,77,36,103,26,24,46,78,23,23,25,28,36,28,21,41,45,25,18,20,23,24,32,24,43
I236.1492R9.91_HILICPos_X_HILICPos,59,59,66,24,23,22,38,38,35,46,46,59,18,17,21,32,30,27,26,24,33,27,27,32,31,24,23,20,26,21,29,45,45,47,47,46,38,21,32,52,46,21,17,18,19,19,38,30,19,25,13,20,23,20,20,21,31,28
I236.1493R8.23_HILICPos_X_HILICPos,48,52,55,30,31,32,36,35,33,42,45,48,28,25,22,31,26,31,28,27,30,31,26,30,30,35,24,22,23,27,27,49,44,36,36,63,42,27,31,36,41,32,32,31,32,33,41,40,26,26,22,24,25,31,34,27,34,26
I237.1235R1.65_CyanoAq_X_RP,25,25,28,16,17,23,19,23,25,25,22,17,30,22,28,33,32,27,25,22,40,36,33,29,39,34,44,33,40,29,31,31,32,28,28,29,23,10,10,28,30,24,23,23,28,33,24,31,28,38,37,29,34,43,31,29,31,29
I238.0524R11.67_HILICPos_X_HILICPos,102,51,46,138,133,94,108,106,106,117,80,72,90,127,122,118,119,125,82,105,102,119,105,111,110,126,125,118,100,136,106,120,99,96,91,117,94,139,138,101,105,72,132,85,94,83,123,131,136,130,135,100,65,96,121,117,103,111
I239.002R2.89_HILICNeg_X_HILICNeg,50,48,49,38,51,47,56,54,58,53,57,59,65,63,69,34,66,70,71,70,63,61,46,25,27,61,67,66,68,66,73,15,20,12,14,17,10,44,37,33,25,68,60,66,69,67,67,67,60,67,62,67,66,65,64,69,67,65
I240.1092R0.94_CyanoAq_X_RP,27,24,24,42,46,36,44,44,44,27,30,39,82,56,41,64,58,53,61,45,60,72,54,51,54,70,37,48,41,35,47,44,47,43,42,46,39,80,70,59,52,81,74,79,79,74,51,51,54,42,52,65,70,62,63,58,45,55
I241.0119R13.69_HILICNeg_X_HILICNeg,39,46,45,42,45,52,43,46,46,42,47,50,36,31,42,68,59,56,64,66,55,57,61,67,64,50,43,46,46,41,54,15,20,12,14,17,10,23,28,33,25,45,38,43,32,34,44,36,32,36,30,38,38,42,32,40,45,43
I241.0297R0.89_CyanoAq_X_RP,64,68,69,76,60,63,79,77,76,72,78,61,82,81,79,31,31,42,58,49,27,9,22,12,10,11,82,89,88,36,38,44,47,43,42,46,39,12,18,9,13,84,83,83,84,83,78,83,74,68,86,89,86,89,89,89,88,88
I243.1715R1.84_HILICNeg_X_HILICNeg,24,17,17,25,25,25,29,31,28,28,28,22,43,29,28,45,42,37,30,32,43,52,50,46,51,49,45,36,43,35,39,15,20,11,14,17,8,22,19,30,16,31,41,36,40,40,42,41,41,46,28,28,23,33,33,27,29,27
I244.0495R6.68_HILICNeg_X_HILICNeg,50,48,52,66,69,69,58,61,62,55,57,59,65,44,46,71,51,66,70,67,65,61,67,69,73,64,51,58,55,62,69,15,20,12,14,17,10,42,41,33,25,66,53,55,66,67,38,40,60,61,56,62,58,57,53,54,51,44
I244.0828R9.94_HILICNeg_X_HILICNeg,50,48,52,6,6,6,58,61,62,55,57,59,9,6,8,5,5,8,10,8,9,6,13,8,5,4,6,7,6,7,14,10,12,9,14,11,7,6,8,15,13,8,5,6,6,5,6,7,9,11,8,10,10,10,9,14,9,12
I244.0929R7.89_HILICPos_X_HILICPos,81,86,85,70,74,74,77,74,75,74,79,81,83,71,64,75,80,61,56,63,83,87,85,85,99,86,101,85,120,84,82,82,82,72,46,62,73,78,72,81,81,89,87,82,90,98,106,92,82,77,92,73,83,112,101,82,105,93
I245.1588R2.3_CyanoAq_X_RP,40,56,45,61,68,64,74,72,50,53,48,56,32,86,87,62,57,59,63,73,32,55,40,67,62,59,64,85,81,84,78,9,12,6,11,7,5,73,56,20,6,77,72,57,59,77,87,87,75,75,80,85,83,81,85,81,84,74
I245.1861R2.33_CyanoAq_X_RP,16,14,13,11,12,13,13,16,13,20,16,12,25,15,17,23,23,20,15,16,34,30,31,26,30,24,30,26,25,21,24,25,27,21,23,24,22,11,7,19,21,16,27,18,25,27,25,27,27,31,19,20,16,25,28,19,21,20
I245.1862R2.58_CyanoAq_X_RP,18,16,14,15,14,16,18,19,20,23,20,14,28,24,22,29,28,29,21,23,39,37,32,31,35,29,40,32,30,26,28,28,29,25,25,26,25,13,12,23,18,17,31,21,23,29,32,30,42,37,25,23,22,29,29,23,29,24
I248.9764R0.9_CyanoAq_X_RP,64,68,69,57,57,60,58,67,65,63,73,79,80,73,74,68,61,36,42,46,49,62,51,57,68,70,29,36,35,41,45,44,47,43,42,46,39,78,76,59,52,83,82,83,84,83,45,45,36,34,43,52,60,77,49,69,39,38
I249.1347R5.35_HILICPos_X_HILICPos,144,143,140,147,147,147,145,144,144,144,144,144,91,93,103,146,148,145,126,146,143,127,139,144,142,148,91,104,103,88,91,120,123,119,119,117,111,122,125,133,126,84,70,84,82,102,110,118,100,115,80,94,91,118,97,113,122,121
I252.083R12.11_HILICPos_X_HILICPos,65,43,52,79,79,59,68,70,68,68,50,44,45,72,58,62,66,60,65,50,49,74,54,57,53,73,53,57,47,77,47,119,84,76,83,116,83,139,138,86,80,48,89,53,51,43,50,61,64,44,84,62,54,42,62,57,46,46
I252.1092R3.46_HILICPos_X_HILICPos,56,60,64,55,59,57,55,49,53,65,59,54,21,15,17,11,32,16,19,15,101,90,51,59,56,79,63,34,60,34,58,73,67,60,66,82,61,75,61,63,55,40,28,29,35,25,61,57,48,48,35,33,30,39,39,33,49,33
I252.1441R10.53_HILICPos_X_HILICPos,12,13,13,3,3,3,5,6,6,9,8,8,35,21,26,33,37,43,37,28,35,38,32,41,34,27,34,37,41,25,35,48,61,54,68,42,35,29,52,50,44,34,42,41,44,40,40,24,28,36,28,38,43,35,41,36,42,38
I253.9168R1.77_HILICNeg_X_HILICNeg,50,48,52,66,69,69,58,61,62,55,57,59,65,63,69,53,46,62,58,42,44,36,40,42,41,37,67,66,68,56,60,15,20,12,14,17,10,44,43,33,25,67,58,66,67,63,70,70,60,70,62,67,66,65,64,69,67,65
I260.1131R1.01_CyanoAq_X_RP,51,46,50,4,5,5,54,61,53,59,59,73,49,14,13,6,14,22,23,12,1,8,16,8,2,12,11,16,14,18,8,44,47,43,42,46,39,16,31,44,52,68,83,62,36,24,26,20,46,25,27,51,64,19,44,39,23,22
I261.1311R1.29_CyanoAq_X_RP,3,2,3,9,9,8,2,2,2,3,2,3,2,13,12,3,2,3,8,7,8,1,2,4,5,5,5,2,2,3,3,3,4,3,6,5,3,26,15,4,4,6,4,2,4,5,5,11,8,6,7,5,12,2,3,12,8,2
I261.9827R12.12_HILICNeg_X_HILICNeg,42,21,25,61,67,38,51,51,53,50,33,24,51,58,45,66,67,55,51,47,48,61,56,48,50,64,52,47,32,69,49,15,20,12,14,17,10,44,43,33,25,40,60,51,44,31,36,55,60,40,62,54,55,32,60,42,39,26
I263.1426R2.13_CyanoAq_X_RP,64,49,52,34,38,45,56,62,58,64,52,41,82,52,52,54,53,46,40,43,60,64,71,60,73,70,70,75,67,58,88,43,47,43,42,46,39,52,51,51,52,51,55,76,63,71,73,70,85,81,51,56,56,64,76,57,53,53
I267.0726R11.17_HILICNeg_X_HILICNeg,11,16,15,1,1,1,1,1,1,1,1,1,19,17,17,3,3,4,5,5,2,3,4,3,4,3,23,19,24,2,4,15,20,12,14,17,10,44,43,33,25,33,17,17,21,19,8,8,7,9,9,11,19,6,7,8,7,5
I268.1042R1.29_CyanoAq_X_RP,20,27,29,30,27,40,16,20,15,15,24,18,11,4,11,8,13,9,11,14,28,27,23,33,31,30,35,27,38,14,27,13,13,12,13,15,12,24,17,12,14,23,11,17,14,17,33,34,29,28,20,21,23,46,14,17,32,23
I269.0882R1.02_CyanoAq_X_RP,22,34,19,33,36,47,25,31,27,11,31,25,17,33,25,44,33,33,18,42,36,32,27,41,49,35,34,42,50,30,29,10,9,9,7,10,6,14,29,11,15,15,18,13,27,35,55,29,33,29,17,8,13,55,27,16,34,32
I271.1288R9.7_HILICPos_X_HILICPos,144,143,140,124,119,113,145,144,144,144,144,144,116,43,43,77,75,85,91,83,57,79,99,80,59,52,48,47,49,93,95,120,123,119,119,117,111,108,110,133,126,112,112,112,117,119,51,45,65,55,52,56,68,75,51,45,45,47
I271.1291R0.87_CyanoAq_X_RP,64,68,69,52,51,48,79,77,76,72,78,84,41,9,7,22,20,21,28,21,12,15,24,22,15,9,6,8,7,24,18,44,39,43,42,28,39,51,43,59,52,38,25,26,29,37,8,8,9,8,10,11,17,15,10,5,7,6
I275.9414R1.7_HILICNeg_X_HILICNeg,50,48,52,66,68,68,58,61,59,55,57,59,65,63,69,37,44,50,48,40,62,34,35,33,24,31,67,66,68,51,59,15,20,12,14,17,10,44,43,33,25,68,60,66,69,67,70,71,60,70,62,67,66,65,64,69,67,65
I276.9109R1.79_HILICNeg_X_HILICNeg,50,48,52,63,66,62,58,58,61,55,57,59,61,63,66,42,38,35,26,20,26,30,33,37,42,36,61,66,65,55,61,15,20,12,14,17,10,44,43,33,25,53,54,64,52,52,70,68,60,70,62,67,66,65,64,68,67,65
I277.9097R1.79_HILICNeg_X_HILICNeg,50,48,52,64,64,63,57,60,57,55,57,59,59,62,68,44,35,34,28,16,25,32,34,36,40,40,65,66,63,54,62,15,20,12,14,17,10,44,43,33,25,51,60,60,53,51,68,69,60,69,62,67,66,65,64,69,67,65
I279.1706R4.12_CyanoAq_X_RP,14,13,10,13,13,15,11,11,12,21,14,10,22,32,27,27,29,30,22,24,43,39,34,28,34,33,41,28,28,27,30,35,30,39,31,37,26,19,16,25,28,14,28,19,24,22,41,32,38,36,30,24,25,26,38,22,33,26
I283.0872R1.5_CyanoAq_X_RP,45,54,51,58,58,58,50,46,47,42,49,58,39,55,50,28,40,31,26,60,57,56,53,68,58,60,58,53,70,44,67,40,40,35,32,41,34,71,63,46,46,74,66,45,71,54,85,78,64,64,77,76,73,80,64,74,77,48
I284.0991R8.89_HILICPos_X_HILICPos,98,100,97,84,89,92,92,91,87,95,93,91,84,77,87,81,106,80,89,88,129,117,113,120,114,116,118,109,127,100,118,100,110,109,97,103,100,121,121,118,115,100,88,96,87,96,127,116,96,110,83,80,96,121,95,99,116,106
I285.1445R6.57_HILICPos_X_HILICPos,123,120,126,16,15,14,67,69,73,112,109,98,32,32,28,50,52,38,30,25,85,55,91,54,28,43,10,32,38,60,78,63,41,73,43,49,34,18,28,56,42,27,35,48,18,18,32,26,35,28,32,40,10,44,36,44,53,45
I285.1445R8.18_HILICPos_X_HILICPos,138,138,129,48,50,46,141,141,139,142,139,140,19,23,24,26,28,37,38,29,16,22,43,25,12,11,28,27,24,35,33,104,38,98,98,47,95,57,60,88,94,18,22,26,15,23,31,31,9,9,19,22,22,32,25,25,37,39
I285.1447R0.91_CyanoAq_X_RP,53,64,56,7,4,4,35,29,32,55,50,57,3,3,2,9,3,10,7,5,3,4,7,2,1,1,4,3,3,5,4,32,5,17,20,4,19,6,6,16,17,3,2,5,2,4,4,4,1,1,3,3,3,7,5,3,9,12
I285.1447R1.14_CyanoAq_X_RP,55,53,48,1,1,1,17,13,17,31,38,32,8,7,5,15,10,11,6,8,21,12,29,13,9,7,1,7,8,16,21,8,6,13,9,6,7,2,3,6,7,4,6,7,3,2,7,5,7,4,6,9,1,10,6,8,10,13
I285.6464R1_CyanoAq_X_RP,64,68,69,44,42,37,60,68,57,70,69,80,79,45,48,32,24,39,32,32,33,24,26,32,27,21,47,67,59,49,56,44,47,33,37,39,33,37,45,53,44,61,39,47,61,73,67,63,83,80,79,84,82,83,82,83,82,75
I288.1918R7.18_HILICPos_X_HILICPos,76,85,81,99,99,101,88,86,84,92,95,102,96,96,99,90,94,92,105,96,98,88,104,104,98,92,88,90,85,94,108,107,113,99,103,84,111,106,101,106,109,82,78,81,84,93,99,102,91,100,88,88,80,77,86,103,88,94
I288.2032R0.91_CyanoAq_X_RP,17,10,12,21,25,24,23,21,19,24,12,26,51,39,39,45,37,38,31,38,26,35,37,39,43,27,45,56,45,32,32,24,31,24,30,25,24,21,28,26,32,36,33,28,34,38,44,40,30,26,32,32,33,53,41,32,49,33
I289.1393R10.28_HILICPos_X_HILICPos,109,121,123,14,25,29,74,93,88,106,121,125,114,53,57,67,69,83,87,72,71,81,86,77,51,50,78,76,86,95,105,120,106,119,119,98,111,62,95,119,126,104,105,116,110,110,67,56,40,40,63,70,86,101,90,80,80,91
I291.0698R7.5_HILICPos_X_HILICPos,114,124,108,119,126,135,113,117,116,101,127,132,81,89,91,107,100,90,70,112,93,84,84,110,104,89,106,102,115,102,94,120,123,119,119,117,111,139,138,133,126,87,80,77,102,100,128,105,98,106,65,61,69,110,100,85,110,105
I292.0629R12.12_HILICPos_X_HILICPos,115,67,72,136,132,88,114,113,109,124,77,76,99,116,105,108,113,99,109,81,97,111,95,90,91,111,107,108,88,131,97,120,104,103,105,117,99,139,138,116,110,102,140,107,108,92,104,115,124,99,140,121,112,93,119,114,98,86
I292.0727R10.9_HILICNeg_X_HILICNeg,19,20,19,18,18,17,20,19,16,34,26,20,37,36,32,67,54,52,66,71,50,43,44,57,60,43,28,28,34,31,36,12,14,12,13,14,10,13,11,16,18,28,32,35,30,57,26,25,24,30,24,26,28,24,24,24,26,23
I293.2112R9.77_CyanoAq_X_RP,42,33,36,25,22,21,41,34,33,46,45,45,38,57,33,58,75,74,52,51,60,72,71,78,73,70,52,38,36,67,65,38,47,43,42,46,39,22,9,39,34,33,73,51,46,40,43,24,76,53,71,59,57,42,70,44,73,41
I293.2113R9.66_CyanoAq_X_RP,44,32,32,24,20,17,34,33,29,47,46,44,36,63,31,60,64,74,55,44,60,72,71,78,73,70,48,43,34,69,64,33,47,43,42,46,39,23,11,42,37,29,68,48,37,36,38,22,71,50,70,68,55,48,66,40,75,40
I294.1814R1.08_CyanoAq_X_RP,34,38,35,35,35,34,38,37,38,34,36,34,68,69,67,57,47,51,50,58,45,43,52,48,48,38,56,71,62,54,51,23,35,26,33,32,39,43,42,32,25,62,58,67,45,45,57,53,43,41,50,55,66,65,51,54,57,62
I295.1291R1.78_CyanoAq_X_RP,6,6,6,26,26,27,10,9,10,13,15,13,55,53,57,39,38,37,35,29,22,38,39,35,37,32,43,49,47,39,40,16,10,15,4,9,18,34,26,22,19,41,46,44,60,63,46,44,35,30,45,45,44,47,42,21,26,36
I295.1654R2.4_CyanoAq_X_RP,30,31,33,32,34,33,33,36,35,38,33,31,70,60,53,47,46,41,38,33,50,52,55,56,51,46,65,62,64,45,49,30,33,31,41,38,36,33,21,40,36,57,54,53,58,72,72,67,67,74,48,47,50,60,61,46,54,46
I295.1655R2.58_CyanoAq_X_RP,28,26,26,31,31,31,29,30,31,33,32,27,57,50,45,46,42,43,34,37,48,48,48,44,41,40,60,59,55,42,43,29,22,32,39,34,38,28,25,36,26,39,43,38,44,48,64,59,61,63,55,40,48,49,55,38,50,45
I295.1655R2.81_CyanoAq_X_RP,36,37,34,38,47,43,47,48,46,43,41,40,61,58,59,55,54,52,47,47,55,59,62,58,56,53,67,64,68,59,58,44,42,42,42,46,39,39,27,49,45,45,48,50,55,67,70,72,66,79,49,50,49,61,62,61,70,60
I296.6058R1.22_CyanoAq_X_RP,15,19,20,40,41,39,24,22,14,17,19,19,62,47,69,37,36,45,41,39,60,26,42,43,55,47,36,50,42,56,39,21,20,41,26,27,39,41,24,17,22,28,30,40,66,43,27,25,25,27,54,53,51,86,68,43,16,50
I297.0846R5.35_HILICPos_X_HILICPos,101,98,76,90,100,109,122,111,114,99,113,96,38,45,61,146,134,138,112,141,138,131,132,138,138,138,56,50,46,54,37,120,123,119,119,117,111,128,131,133,126,44,29,37,38,54,69,65,49,82,44,55,40,78,58,91,89,124
I297.1885R5.9_CyanoAq_X_RP,64,68,69,47,43,42,53,50,48,58,62,62,82,89,89,10,9,2,4,2,13,6,12,6,6,4,82,87,88,68,71,44,47,43,42,46,39,80,78,59,52,84,83,83,84,83,90,90,89,89,86,89,86,89,89,89,88,88
I298.0971R2.1_CyanoAq_X_RP,26,23,25,22,23,25,20,14,21,19,10,8,19,25,32,18,15,17,27,19,29,11,35,15,22,15,16,18,15,15,33,18,24,20,22,23,20,42,44,29,31,25,21,20,10,13,11,12,15,16,22,28,24,16,20,26,15,21
I298.957R7.41_HILICNeg_X_HILICNeg,50,48,52,66,69,69,58,61,62,55,57,59,6,10,6,9,11,11,12,12,6,9,6,6,8,11,7,8,8,8,6,15,20,12,14,17,10,44,43,33,25,5,10,8,5,6,7,9,8,6,12,9,11,8,10,7,11,10
I299.1967R2.47_CyanoAq_X_RP,64,68,69,76,77,76,79,77,76,72,78,84,82,36,44,82,75,74,73,82,60,72,71,78,73,70,53,73,60,71,72,44,47,43,42,46,39,80,78,59,52,84,83,83,84,83,30,18,65,66,53,74,62,45,39,36,25,27
I300.8705R4.81_HILICNeg_X_HILICNeg,50,48,50,65,65,67,58,59,60,55,56,56,45,34,31,19,27,30,31,24,37,29,28,23,30,34,31,24,26,38,44,15,20,12,14,17,10,44,43,33,25,22,39,37,24,26,24,38,39,34,44,44,42,27,42,38,33,29
I302.0009R7.07_HILICNeg_X_HILICNeg,50,48,52,66,69,69,58,61,62,55,57,59,7,16,10,14,14,16,15,11,8,11,8,16,11,13,9,14,13,17,8,15,20,12,14,17,10,44,43,33,25,13,8,5,15,13,23,17,21,18,18,14,12,16,17,10,14,9
I303.1551R9.17_HILICPos_X_HILICPos,144,128,140,111,108,111,145,144,144,144,144,144,120,100,108,74,67,70,74,58,74,83,92,87,70,69,93,103,126,122,128,120,123,117,119,108,111,74,96,111,103,114,128,132,122,120,124,120,106,113,130,132,77,133,130,129,128,130
I303.1553R0.89_CyanoAq_X_RP,64,68,69,6,6,3,45,51,45,51,53,70,63,41,36,34,75,57,73,54,7,33,50,45,13,70,15,34,22,65,34,44,47,43,42,46,39,9,34,48,52,84,78,80,53,26,53,38,32,17,39,79,86,12,79,75,42,42
I304.079R2.8_HILICNeg_X_HILICNeg,23,30,30,35,37,37,32,29,29,26,31,32,35,19,23,30,36,20,20,36,65,54,63,72,69,64,58,52,54,52,42,15,20,12,14,17,10,44,43,33,25,43,33,29,37,47,57,57,46,60,40,35,41,62,35,36,55,40
I305.1573R1.6_CyanoAq_X_RP,5,5,5,17,19,18,5,5,5,5,5,6,7,26,21,7,8,6,14,13,11,3,4,9,7,13,7,6,5,7,9,5,7,5,12,14,8,54,33,8,5,7,7,6,6,6,10,19,10,10,14,14,28,4,8,20,11,4
I306.4913R3.77_CyanoAq_X_RP,64,68,69,76,75,74,75,75,76,72,77,52,27,21,24,67,68,64,73,68,60,71,66,69,69,68,81,39,72,75,84,44,47,43,42,46,39,44,69,59,52,31,44,41,26,42,35,46,39,61,86,27,14,54,24,28,22,37
I308.1605R5.35_HILICPos_X_HILICPos,106,94,86,114,116,114,120,118,120,114,111,109,60,90,86,120,116,128,117,122,123,116,118,119,115,125,66,69,64,64,72,117,122,119,119,117,111,112,117,126,121,58,59,58,62,61,88,93,84,87,76,76,61,73,79,94,96,100
I310.14R1.31_CyanoAq_X_RP,49,52,47,53,54,53,48,49,51,39,40,43,72,70,64,52,48,44,48,48,42,40,46,37,50,45,57,69,69,46,54,44,38,40,42,42,39,36,35,50,47,67,69,74,39,59,71,65,50,48,57,66,63,75,74,56,62,59
I311.1239R1.4_CyanoAq_X_RP,19,18,18,43,50,49,32,35,34,26,35,28,73,74,71,42,39,49,51,55,37,29,45,36,45,37,61,66,74,38,44,27,25,22,5,13,35,48,36,15,29,60,67,71,77,78,81,79,72,72,63,73,61,72,72,27,36,64
I313.1548R4.98_CyanoAq_X_RP,37,35,37,39,37,41,37,40,41,41,37,33,60,66,55,50,50,54,44,52,56,57,59,50,53,52,68,52,53,50,55,42,44,43,42,46,39,45,39,41,42,42,50,56,48,52,82,66,63,67,72,67,65,56,78,47,66,52
I316.0457R12.61_HILICNeg_X_HILICNeg,43,45,47,46,48,54,36,35,40,39,43,44,57,43,51,59,63,61,69,63,65,61,66,66,65,64,49,41,39,59,65,15,20,12,14,17,10,44,43,33,25,55,43,56,50,44,55,52,40,52,45,53,52,41,46,55,50,46
I317.0553R12.1_HILICNeg_X_HILICNeg,5,5,5,3,4,3,7,7,7,9,7,7,5,3,4,8,8,9,11,9,18,14,17,13,18,10,8,5,9,6,7,9,13,12,14,16,10,7,6,8,11,7,9,10,7,7,4,3,3,5,4,4,9,5,3,3,4,4
I321.2427R9.33_CyanoAq_X_RP,46,36,38,23,24,19,46,42,30,48,43,66,59,64,43,59,71,69,60,53,60,63,71,78,60,70,66,80,65,80,62,41,43,43,42,46,39,31,20,24,39,56,79,70,73,76,66,47,78,65,69,39,40,50,77,31,69,54
I322.1877R1.19_CyanoAq_X_RP,32,30,30,37,44,38,40,39,37,36,27,37,65,72,66,51,45,50,49,59,44,45,49,54,52,41,59,70,61,47,52,36,41,43,42,40,39,55,54,43,38,59,60,61,50,60,68,64,55,54,66,72,71,71,73,64,68,58
I325.0188R11.15_HILICNeg_X_HILICNeg,49,42,40,33,34,24,24,24,25,30,18,16,65,63,62,36,56,42,41,45,21,42,31,29,33,54,66,63,62,57,38,15,20,12,14,17,10,44,43,33,25,68,60,62,65,65,47,51,60,58,60,57,63,39,59,52,42,36
I325.1761R2.97_CyanoAq_X_RP,64,68,69,46,48,44,69,77,76,72,78,67,82,71,75,26,27,35,43,28,53,25,56,30,28,31,27,22,23,31,48,44,47,43,42,46,39,69,77,59,52,84,83,83,82,83,39,42,84,82,82,88,85,87,87,82,76,72
I326.0563R6.58_HILICPos_X_HILICPos,105,96,101,132,131,128,119,123,122,125,119,120,64,108,101,91,104,119,76,99,76,98,76,95,89,107,97,94,83,101,80,80,80,62,50,64,84,102,94,49,49,65,64,56,72,68,98,106,120,118,94,86,70,79,81,89,76,81
I327.1204R10.42_HILICNeg_X_HILICNeg,50,48,52,37,39,43,58,61,62,55,57,59,34,28,30,46,37,44,49,44,20,38,51,44,17,21,34,34,38,34,40,15,20,12,14,17,10,26,32,33,25,48,45,49,46,37,17,21,19,19,35,42,34,48,39,41,35,33
I329.0856R4.34_HILICNeg_X_HILICNeg,21,27,26,31,33,33,25,26,26,21,25,25,24,21,22,33,30,24,21,35,65,48,25,62,54,47,41,31,48,28,22,15,20,12,14,17,10,44,43,33,25,35,18,21,27,33,43,43,26,27,32,32,29,54,25,29,34,31
I329.1346R2.89_CyanoAq_X_RP,61,66,62,50,53,52,77,74,72,72,74,82,81,62,47,49,51,58,59,57,60,58,60,46,38,51,38,51,44,61,60,44,47,43,42,46,39,50,60,59,52,78,76,83,65,70,40,33,44,32,62,77,75,78,69,60,55,49
I329.1347R0.88_CyanoAq_X_RP,64,68,69,28,29,28,67,65,68,71,71,81,10,8,4,12,6,12,13,15,5,7,5,7,4,2,8,10,10,6,6,22,18,30,24,11,31,7,13,21,27,12,9,11,8,9,1,1,3,2,5,6,6,8,7,7,5,5
I329.1742R7.17_HILICPos_X_HILICPos,108,103,100,123,125,122,123,114,111,122,114,119,85,83,93,79,72,75,93,77,82,71,83,91,78,80,77,81,77,67,92,101,107,100,100,83,101,98,93,93,98,70,53,71,77,77,85,87,72,85,62,72,67,71,60,96,77,77
I329.2073R2.82_CyanoAq_X_RP,64,68,69,76,77,76,79,77,76,72,78,84,82,17,29,82,75,74,73,82,60,72,71,78,73,70,42,60,48,63,63,44,47,43,42,46,39,57,73,59,52,84,83,83,84,83,19,10,49,46,35,42,41,27,19,25,17,17
I331.1154R11.28_HILICNeg_X_HILICNeg,50,48,52,10,10,9,37,41,38,38,41,48,29,13,16,24,20,27,34,33,24,19,24,24,13,12,17,18,23,20,21,15,20,12,14,17,10,14,24,33,25,27,19,26,19,25,11,10,15,14,22,22,27,29,21,22,18,21
I333.1293R11.28_HILICPos_X_HILICPos,119,123,118,19,18,20,82,77,78,108,106,107,50,26,39,36,50,48,58,66,54,39,52,49,42,25,37,29,45,24,46,61,63,93,85,34,70,12,29,80,73,54,39,47,34,55,20,23,18,23,27,28,59,62,32,40,27,35
I338.006R9.9_HILICNeg_X_HILICNeg,50,48,52,40,43,31,58,61,62,55,55,59,46,41,39,43,39,48,44,39,40,47,53,34,25,35,37,39,33,67,52,15,20,12,14,17,10,44,43,33,25,36,55,39,45,32,33,31,53,50,62,51,36,47,55,50,37,48
I340.0028R9.93_HILICNeg_X_HILICNeg,50,48,52,49,47,32,58,61,62,55,57,59,49,47,43,48,50,51,52,41,49,50,62,41,28,38,42,43,35,68,57,15,20,12,14,17,10,44,43,33,25,44,56,44,47,39,40,32,59,54,59,52,39,51,61,53,44,56
I340.2597R6.93_CyanoAq_X_RP,56,47,65,72,49,56,62,66,66,65,66,78,58,88,85,53,72,63,65,64,24,22,18,14,21,26,18,13,17,51,41,39,45,37,42,45,32,79,72,56,50,76,71,72,70,75,76,85,81,85,76,80,79,79,81,86,85,73
I345.0462R0.88_CyanoAq_X_RP,38,44,44,51,52,51,43,41,40,30,34,47,33,54,42,41,44,60,53,56,47,44,44,59,57,49,39,72,49,60,42,37,37,23,34,33,29,61,48,34,40,64,51,30,67,68,63,61,62,49,56,54,59,58,67,48,47,39
I345.6642R3.9_CyanoAq_X_RP,62,59,60,76,77,76,79,77,76,72,78,60,69,46,68,73,74,74,68,75,60,72,71,74,71,66,80,55,83,86,88,44,47,43,42,46,39,47,71,59,52,50,38,78,49,44,74,82,73,86,13,60,47,38,25,79,63,71
I346.0564R12.06_HILICNeg_X_HILICNeg,13,15,9,15,19,18,13,14,15,12,12,15,31,52,40,56,32,70,68,69,22,26,32,28,39,29,19,27,18,37,23,15,20,12,14,7,10,11,9,7,12,18,29,20,20,22,18,22,30,24,31,30,24,23,30,31,24,28
I346.1457R4.95_CyanoAq_X_RP,64,68,61,76,77,76,79,77,76,72,78,72,77,51,77,82,75,73,66,76,60,72,71,77,73,70,82,81,87,89,86,44,47,43,42,46,39,40,52,59,52,46,56,82,72,69,62,73,79,87,29,37,31,63,45,72,74,86
I347.1452R0.87_CyanoAq_X_RP,64,68,69,12,16,11,63,58,63,62,63,76,48,35,23,40,75,67,73,62,4,23,36,40,14,54,9,31,20,53,17,44,47,43,42,35,39,8,30,54,48,73,75,60,32,11,29,23,21,13,26,70,86,5,59,65,30,28
I370.6952R2.68_CyanoAq_X_RP,52,48,59,67,65,71,30,27,49,45,25,20,14,20,58,70,63,72,72,80,60,65,70,55,63,65,50,25,39,37,46,44,47,43,42,46,39,18,40,59,52,9,10,25,31,20,21,35,16,47,28,18,10,20,17,37,40,66
I375.2136R4.1_CyanoAq_X_RP,64,68,69,66,77,76,66,64,70,66,60,29,23,27,78,72,65,66,73,74,60,72,71,62,73,63,79,35,66,55,61,44,47,43,42,46,39,32,65,59,52,10,13,65,35,34,36,56,26,70,31,22,18,35,32,77,58,85
I376.9346R7.43_HILICNeg_X_HILICNeg,50,48,52,66,69,69,58,61,62,55,57,59,13,20,15,11,24,25,25,15,15,17,10,11,9,19,12,9,10,16,15,15,20,12,14,17,10,44,43,33,25,11,16,15,10,8,13,15,17,8,23,19,16,11,20,16,17,20
I377.1459R4.24_CyanoAq_X_RP,41,42,41,54,56,55,51,47,52,50,55,50,21,18,30,30,35,25,39,26,58,51,47,53,36,50,55,17,31,20,35,44,47,43,42,43,39,70,58,58,51,30,20,29,16,15,28,36,13,44,24,33,43,41,15,52,43,30
I379.083R11.37_HILICNeg_X_HILICNeg,17,18,18,20,17,23,11,11,11,15,14,11,53,40,48,32,31,32,45,48,32,27,36,39,43,33,36,35,37,19,37,13,7,12,14,17,10,44,43,33,22,63,34,54,54,54,32,34,23,31,20,24,46,19,18,23,21,17
I381.1828R4.47_CyanoAq_X_RP,64,68,69,76,77,76,79,77,76,72,78,51,46,31,46,61,59,68,73,66,60,72,71,78,73,70,82,45,79,52,81,44,47,43,42,46,39,17,23,59,52,20,16,63,18,32,31,50,37,69,44,30,11,37,23,55,41,77
I386.0341R16.12_HILICNeg_X_HILICNeg,32,33,34,47,50,59,34,33,34,35,39,46,48,57,50,52,49,41,59,52,59,59,64,58,56,55,46,42,42,53,46,14,18,12,14,17,10,35,39,27,25,46,46,38,55,46,56,53,47,57,47,50,51,55,56,58,46,52
I387.2256R2.2_HILICNeg_X_HILICNeg,45,39,41,50,53,55,53,55,56,46,49,47,63,53,60,69,68,60,63,59,61,61,68,70,71,64,62,61,57,63,68,15,20,12,14,17,10,39,38,33,25,57,52,61,62,59,62,61,55,64,50,59,57,60,58,60,59,59
I401.241R2.14_HILICNeg_X_HILICNeg,37,35,35,41,44,45,45,53,50,41,44,40,62,50,54,70,71,57,55,57,29,41,69,71,72,64,59,59,56,65,66,15,20,12,14,17,10,36,34,33,25,49,50,53,57,60,53,58,58,56,49,55,54,56,54,59,57,57
I404.7398R5.8_CyanoAq_X_RP,64,57,63,76,77,76,59,54,56,67,57,55,34,43,49,82,75,74,69,82,60,72,71,78,73,70,82,76,78,87,68,44,47,43,42,46,39,68,78,59,52,35,49,33,69,51,80,58,60,60,60,26,20,67,60,49,79,79
I414.1624R0.94_CyanoAq_X_RP,9,12,15,41,32,30,27,24,24,16,17,22,40,67,51,63,49,47,57,50,14,18,20,52,46,23,23,54,52,34,25,44,47,43,42,46,39,80,78,59,52,80,70,37,75,79,49,54,52,35,67,75,76,69,43,68,37,34
I414.1638R9.08_HILICNeg_X_HILICNeg,25,25,28,36,35,36,39,36,43,31,35,37,54,25,25,50,53,36,47,30,56,61,45,31,47,57,24,20,21,26,34,15,20,12,14,17,10,44,43,33,25,60,48,58,58,49,25,26,31,28,33,37,40,26,29,33,25,34
I416.1778R9.11_HILICPos_X_HILICPos,69,75,74,81,80,80,90,90,93,84,91,86,134,95,92,115,118,113,123,89,130,143,114,106,111,135,90,83,84,92,117,120,123,119,119,117,111,125,136,129,126,135,126,138,133,125,92,97,102,105,105,118,121,97,108,111,95,108
I416.178R0.93_CyanoAq_X_RP,7,7,7,18,18,14,14,17,16,8,9,11,67,16,15,36,26,23,30,18,41,50,21,25,32,36,12,15,13,12,15,44,47,43,42,46,39,80,78,59,52,70,32,52,68,55,13,13,14,14,23,25,35,23,18,18,12,18
I419.6799R6.47_CyanoAq_X_RP,59,43,40,70,73,73,68,63,69,72,65,46,26,28,37,66,62,74,67,72,60,72,71,64,73,70,82,44,57,62,73,44,47,43,42,46,39,76,74,59,52,26,47,46,22,31,47,43,40,71,84,69,78,22,30,67,52,70
I424.2081R2.64_CyanoAq_X_RP,64,68,67,65,66,66,70,55,67,68,64,68,45,40,40,71,70,74,73,82,60,72,71,72,70,70,74,57,71,72,79,44,47,43,42,46,39,62,59,59,52,54,61,64,57,58,56,57,47,59,64,58,39,57,46,71,56,78
I429.1257R12.32_HILICNeg_X_HILICNeg,48,48,46,23,23,26,22,20,21,24,27,26,64,61,63,47,41,47,57,54,35,33,37,35,32,32,60,65,64,50,64,15,20,12,14,17,10,44,43,33,25,68,60,66,68,66,64,63,56,62,57,64,65,61,62,63,63,64
I455.1888R6.34_HILICPos_X_HILICPos,143,143,140,146,146,146,144,143,143,143,142,143,109,46,60,56,91,46,61,61,115,104,119,108,106,108,133,117,123,108,122,113,112,106,82,110,111,109,90,113,117,115,127,125,114,108,114,107,135,135,117,107,119,124,118,95,126,123
I459.2336R3.77_CyanoAq_X_RP,64,68,69,76,77,76,79,77,76,72,78,64,54,34,35,82,75,74,73,82,60,72,71,78,73,70,82,61,82,79,82,44,47,43,42,46,37,56,78,59,52,49,53,54,41,66,54,69,48,76,86,38,27,73,37,42,35,43
I470.2256R5.55_CyanoAq_X_RP,64,68,69,74,74,76,71,71,71,69,70,69,29,42,26,77,75,74,73,82,60,68,68,71,73,67,77,78,84,88,70,44,47,43,42,46,39,67,75,59,52,66,83,55,76,83,52,41,51,51,85,44,37,82,57,41,38,68
I479.1923R4.35_HILICPos_X_HILICPos,120,114,109,120,120,125,124,124,123,129,123,112,69,79,70,68,63,66,78,64,114,99,87,72,86,97,98,75,108,61,99,90,83,80,84,86,56,67,67,44,56,74,71,67,79,78,101,90,76,73,79,67,63,85,65,61,87,58
I479.7914R1.79_HILICNeg_X_HILICNeg,44,38,37,26,27,21,31,42,33,37,36,43,65,60,64,35,40,46,37,38,54,61,41,45,44,53,63,62,60,47,48,15,20,12,14,17,10,31,42,33,25,56,60,66,69,67,60,56,60,70,62,67,66,63,64,64,61,63
I495.0783R2.22_HILICNeg_X_HILICNeg,50,48,52,60,61,61,58,61,62,55,57,59,65,63,69,55,52,59,62,62,65,45,43,47,45,42,67,66,67,64,67,15,20,12,14,17,10,44,43,33,25,68,60,66,69,67,69,71,57,65,62,67,66,65,64,69,67,65
I511.2407R3.6_CyanoAq_X_RP,31,20,22,68,67,67,55,53,60,61,54,48,20,30,61,82,75,74,73,82,60,72,71,61,66,64,51,30,43,57,76,44,47,43,42,46,39,35,46,59,52,27,29,49,40,23,22,37,23,45,16,63,30,13,22,66,44,69
I533.0521R2.2_HILICNeg_X_HILICNeg,50,48,52,48,41,42,55,57,55,54,53,54,65,63,69,29,28,40,43,43,65,39,39,40,35,30,67,66,68,69,71,15,20,12,14,17,10,44,43,33,25,68,60,66,69,67,70,71,60,66,62,66,66,65,64,67,67,65
I548.2723R4.91_CyanoAq_X_RP,12,15,16,76,77,76,79,77,76,72,76,84,12,85,84,80,73,74,73,78,60,69,71,78,73,70,73,84,80,81,69,20,36,38,38,46,30,65,49,38,23,19,24,15,17,14,84,84,68,58,78,57,52,40,50,62,71,61
I575.1679R5.3_CyanoAq_X_RP,64,68,69,71,72,70,78,76,76,72,78,84,37,80,81,78,75,70,73,79,60,67,67,73,65,58,71,82,75,73,75,44,47,43,42,46,39,80,78,59,52,48,41,32,20,49,61,74,24,20,46,46,67,68,56,33,81,80
I577.1657R5.3_CyanoAq_X_RP,64,68,69,69,70,68,79,77,76,72,78,83,42,79,82,81,75,74,73,81,60,70,71,70,64,62,69,83,77,76,74,44,47,43,42,46,39,80,78,59,52,47,40,34,19,46,60,77,22,18,47,49,68,74,58,35,83,76
I589.2805R5.44_CyanoAq_X_RP,64,63,64,76,77,76,52,52,55,56,56,49,31,68,56,79,75,71,73,82,60,66,65,75,67,69,63,65,58,74,53,44,46,43,42,44,39,75,78,55,52,58,65,43,62,56,65,68,70,55,58,36,38,39,53,59,61,67
I605.3175R6.37_CyanoAq_X_RP,64,68,69,73,77,76,65,57,62,57,58,54,35,49,72,82,75,74,73,77,60,72,71,78,73,70,72,63,73,82,77,44,47,43,42,46,39,38,68,57,52,34,63,58,52,47,69,76,77,77,83,31,36,28,47,53,80,81
I606.0756R12.98_HILICNeg_X_HILICNeg,30,34,29,34,38,39,35,30,31,27,32,36,47,42,55,60,58,49,60,58,42,53,59,64,62,56,48,48,44,40,50,15,20,12,14,17,10,27,27,33,25,37,36,42,42,43,48,44,43,53,41,49,44,45,41,51,41,51
I620.9939R2.17_HILICNeg_X_HILICNeg,50,48,52,54,57,58,46,47,45,49,46,49,55,46,52,23,18,28,32,28,65,20,20,19,29,25,54,56,58,27,25,15,20,12,14,17,10,43,43,33,25,61,60,63,61,62,58,59,38,42,51,60,59,65,51,57,64,61
I622.9911R2.17_HILICNeg_X_HILICNeg,50,48,52,55,58,57,47,48,47,45,45,52,58,45,53,25,21,31,33,29,65,21,21,21,34,22,55,57,61,30,26,15,20,12,14,17,10,44,43,33,25,62,60,59,64,64,61,60,42,39,54,61,60,65,49,56,65,60
I801.3309R6.22_CyanoAq_X_RP,64,58,58,76,77,76,72,70,73,72,67,59,24,29,70,76,67,74,73,71,60,72,71,66,73,70,76,46,56,66,85,44,47,43,42,46,39,29,55,59,52,18,26,68,33,28,37,55,34,73,21,43,8,30,36,73,46,83
I802.3342R6.22_CyanoAq_X_RP,63,65,66,76,76,75,76,77,75,72,72,75,52,48,83,82,75,74,73,82,60,72,71,78,73,70,82,68,76,77,87,44,47,43,42,46,39,53,64,59,52,32,45,81,56,53,58,75,59,83,34,71,21,52,54,84,72,87
I84.045R12.12_HILICPos_X_HILICPos,63,74,77,69,68,69,66,60,63,66,66,65,82,92,96,82,90,78,97,87,81,95,90,93,83,82,70,68,70,72,96,40,70,69,76,48,63,63,57,71,68,90,83,88,81,80,76,72,59,72,66,81,107,70,75,98,70,72
I87.0446R10.14_HILICPos_X_HILICPos,133,133,134,115,118,129,126,131,128,123,126,126,141,62,63,97,92,111,122,113,106,73,98,81,77,70,57,58,57,78,76,105,123,119,119,117,111,100,115,120,111,137,136,133,139,132,55,48,89,96,107,116,123,122,107,100,64,61
I93.0578R5.36_HILICPos_X_HILICPos,103,97,91,116,115,116,117,119,121,115,118,111,87,103,100,127,127,130,120,129,127,124,120,125,126,128,86,92,94,98,93,102,114,102,102,105,111,95,89,94,106,83,85,86,83,88,107,111,105,103,108,99,100,100,104,110,111,113
I96.0449R5.35_HILICPos_X_HILICPos,83,76,73,94,90,97,97,98,96,82,90,85,48,78,73,111,129,112,95,115,110,103,100,103,108,113,60,61,61,65,60,78,96,84,88,96,111,83,79,76,85,49,57,49,57,47,78,88,79,70,73,63,53,66,80,79,79,78
Inosine_X_HILICNeg,12,10,6,19,20,20,14,15,14,11,13,13,12,15,9,26,26,22,9,26,23,25,23,27,23,28,22,17,17,21,19,15,10,12,7,10,10,16,22,13,25,9,13,9,12,16,22,18,22,23,13,7,8,18,15,6,19,22
Isethionic Acid_X_HILICNeg,1,2,1,5,5,5,3,3,3,3,2,3,1,1,1,1,1,1,1,1,1,1,1,1,1,1,1,1,1,1,1,2,1,2,1,1,2,1,1,1,2,1,1,1,1,1,1,1,1,1,1,1,1,1,1,1,1,1
Kynurenine_X_RP,48,60,55,64,64,65,79,69,64,60,68,71,78,84,86,74,69,62,64,67,52,54,61,78,73,57,75,86,85,83,80,44,47,43,36,46,39,80,62,35,52,79,81,75,78,80,86,86,86,84,75,82,80,85,88,85,86,82
L-Pyroglutamic acid_X_HILICNeg,6,4,4,7,13,12,9,10,6,2,4,4,2,5,3,4,4,3,3,3,3,4,3,4,3,5,2,4,4,5,2,5,5,3,4,3,1,8,7,5,3,2,2,2,4,4,5,4,6,4,3,2,2,4,4,2,2,2
Lysine_X_HILICPos,96,95,98,102,103,106,98,97,99,105,99,105,101,107,112,112,114,107,110,111,108,100,108,118,120,94,114,116,117,113,123,69,123,119,61,91,88,61,59,66,84,99,92,97,105,107,116,121,99,114,90,112,110,117,105,112,113,119
Malic Acid_X_HILICNeg,9,14,16,13,11,15,10,9,10,10,11,14,14,11,18,16,10,14,22,21,17,12,18,20,19,8,14,16,16,12,17,3,6,5,5,4,5,4,5,6,6,15,7,11,11,15,16,16,13,21,11,17,20,17,11,21,16,16
Methionine Sulfoxide_X_HILICPos,130,135,133,139,140,142,137,135,132,128,140,139,108,143,142,139,141,142,139,134,124,136,125,135,125,127,134,135,138,137,129,120,123,119,107,117,111,115,123,104,126,124,135,114,136,137,138,136,131,125,132,125,128,132,134,132,140,137
Methionine_X_HILICPos,93,116,78,87,84,90,99,89,98,85,97,87,131,88,95,105,99,94,83,73,132,129,139,112,123,117,131,129,109,105,143,74,66,75,48,57,80,51,51,42,54,76,91,118,68,71,102,109,121,123,85,82,90,108,114,92,92,104
N-acetyltaurine_X_HILICNeg,41,44,39,52,52,50,54,56,54,48,50,51,42,55,58,22,23,64,67,55,34,61,71,53,55,64,50,53,51,69,63,15,20,12,14,17,10,28,31,33,25,34,47,46,33,36,41,35,45,47,48,40,35,35,43,49,53,58
N(e)-Acetyl-Lysine_X_HILICPos,75,78,140,11,9,10,40,43,42,52,55,55,119,139,136,128,132,120,127,117,90,106,127,121,119,124,123,132,131,124,124,32,42,42,55,55,41,129,103,105,88,129,120,126,127,123,118,119,103,107,113,123,124,119,127,123,123,118
NAD_X_HILICNeg,46,48,48,59,62,66,50,50,49,44,52,57,52,63,65,62,65,67,72,73,58,61,71,68,70,62,57,54,52,61,72,15,20,12,14,17,10,44,43,33,25,65,51,57,59,50,65,66,52,68,55,65,61,59,57,66,56,62
Ornithine_X_HILICPos,129,137,128,135,137,141,134,130,133,131,133,137,136,142,145,140,138,135,145,146,135,121,133,140,140,137,136,143,142,139,142,120,123,119,119,117,111,130,133,124,112,143,125,141,145,145,145,145,139,144,138,144,144,144,139,144,143,145
Propionyl-L-carnitine_X_HILICPos,52,47,42,74,81,76,64,68,67,58,60,66,73,98,102,89,89,109,90,90,65,93,94,101,95,104,112,98,96,109,88,120,123,119,119,117,111,76,69,83,126,64,82,79,78,76,96,94,93,95,100,78,62,83,96,97,78,96
Sarcosine_X_HILICPos,124,119,120,131,136,136,136,137,138,111,124,133,127,136,140,129,125,127,114,123,117,132,124,130,128,122,137,133,135,127,120,71,94,89,93,117,111,65,63,74,83,105,114,120,135,134,137,135,130,132,141,117,102,134,137,142,139,141
Serine_X_HILICPos,122,127,122,133,134,137,130,128,126,130,128,129,139,145,141,141,142,139,140,140,134,139,137,142,139,143,142,138,143,141,141,65,95,95,94,75,79,72,78,85,86,136,139,137,141,143,142,143,142,143,143,143,143,142,143,143,142,143
Sucrose_X_HILICNeg,7,8,11,9,7,7,5,4,4,4,5,5,23,23,26,15,12,18,23,18,12,10,9,12,15,14,16,23,19,10,9,8,4,8,14,9,10,38,35,31,9,52,24,30,41,29,21,20,14,16,10,13,18,9,8,13,8,8
Sulfolactic Acid_X_HILICNeg,36,40,44,39,42,48,40,38,39,36,37,41,30,37,44,58,48,45,54,50,41,49,55,61,57,45,33,37,30,36,55,15,20,12,14,17,10,34,33,26,15,32,30,34,31,30,49,42,35,44,38,48,49,30,40,46,40,42
Sulfurol_X_RP,35,40,42,63,71,69,36,43,42,40,44,42,82,87,89,82,75,74,71,70,60,72,69,78,73,70,82,89,88,90,88,44,47,43,42,46,39,80,78,59,52,84,64,83,84,81,89,89,88,89,74,86,86,84,84,87,88,88
Threonine_X_HILICPos,107,110,111,112,114,126,118,115,118,121,122,121,133,125,123,138,135,145,135,132,143,146,139,144,142,140,139,139,136,138,132,120,123,119,119,117,111,94,99,133,126,147,142,136,146,129,140,126,147,139,129,130,127,135,142,127,133,139
Thymidine_X_HILICNeg,50,48,52,32,32,35,33,25,35,55,57,29,21,9,21,20,72,7,14,22,38,61,54,51,53,64,39,29,36,69,33,15,20,12,14,17,10,33,29,33,25,25,60,23,25,23,51,45,60,38,62,27,31,38,64,28,36,35
Trehalose_X_HILICNeg,29,32,33,21,21,22,27,28,27,25,30,33,38,48,57,51,34,38,53,46,33,37,42,49,36,24,47,55,50,24,30,15,20,12,14,17,10,40,43,33,23,54,42,47,39,41,63,54,60,59,34,45,43,49,34,45,49,53
Tryptophan_X_RP,2,4,4,3,3,7,3,3,3,2,3,2,4,6,8,4,5,7,3,4,9,10,9,3,8,6,10,4,6,4,5,4,3,4,3,3,4,4,4,2,3,2,3,3,5,3,6,7,4,7,2,4,4,3,4,4,4,8
Tyrosine_X_HILICPos,68,71,68,73,75,78,71,72,69,67,70,69,56,70,79,71,70,73,67,71,64,66,68,74,74,75,72,79,81,62,68,43,51,48,44,51,57,56,45,35,35,57,51,52,60,59,82,81,70,78,55,65,52,65,63,70,68,70
Uracil_X_HILICNeg,50,48,52,66,69,69,58,61,62,55,57,59,27,63,34,73,72,70,17,49,65,61,71,72,74,64,67,66,68,69,73,15,20,12,8,17,10,25,21,9,25,26,60,27,26,67,45,33,60,32,62,33,37,37,64,30,43,65
Uridine_X_HILICNeg,15,11,10,14,14,14,12,12,13,14,15,12,10,8,7,10,13,5,4,7,19,16,19,18,14,16,20,15,20,15,16,15,20,12,6,12,10,15,14,10,25,14,12,12,13,11,19,19,12,17,15,12,14,20,12,12,20,15
Vitamin B3_X_HILICPos,64,64,65,53,60,54,61,61,62,62,63,58,112,112,75,114,123,116,79,76,113,122,80,100,124,102,94,105,119,111,85,84,76,65,54,61,74,50,43,47,75,79,107,87,103,122,95,76,97,79,111,93,108,116,133,71,102,109
Vitamin B5_X_RP,64,68,69,76,77,76,79,77,76,72,78,84,56,77,80,65,56,48,54,61,54,49,57,63,59,55,62,74,63,64,59,34,26,36,18,21,39,58,41,30,43,53,42,36,47,64,83,80,80,78,68,78,69,66,71,70,78,65
